route_id,route_week,split,row_count,delivery_stop_count,strict_primary,route_start_depot_anchor,repeated_stop_event_key,has_repeated_stop_id
6,0,training,14,13,True,True,True,False
7,0,training,15,14,True,True,True,False
9,0,training,11,10,True,True,True,False
10,0,training,23,15,False,False,True,True
13,0,training,15,14,True,True,True,False
15,0,training,14,13,True,True,True,False
16,0,training,15,14,True,True,True,False
18,0,training,24,23,True,True,True,False
19,0,training,17,16,True,True,True,False
20,0,training,15,14,True,True,True,False
21,0,training,17,16,True,True,True,False
22,0,training,12,11,True,True,True,False
23,0,training,23,22,True,True,True,False
24,0,training,14,13,True,True,True,False
25,0,training,23,22,True,True,True,False
26,0,training,11,10,True,True,True,False
27,0,training,24,22,False,False,True,True
28,0,training,17,15,False,False,True,True
30,0,training,18,17,True,True,True,False
31,0,training,15,14,True,True,True,False
33,0,training,14,13,True,True,True,False
35,0,training,15,12,False,False,True,True
36,0,training,17,16,True,True,True,False
37,0,training,17,16,True,True,True,False
39,0,training,24,23,True,True,True,False
40,0,training,14,13,True,True,True,False
41,0,training,16,15,True,True,True,False
42,0,training,18,17,True,True,True,False
43,0,training,17,16,True,True,True,False
46,0,training,12,11,True,True,True,False
48,0,training,22,21,True,True,True,False
52,0,training,19,18,True,True,True,False
53,0,training,17,16,True,True,True,False
54,0,training,14,12,False,False,True,True
55,0,training,21,19,False,False,True,True
56,0,training,11,10,True,True,True,False
58,0,training,11,10,True,True,True,False
59,0,training,25,22,False,False,True,True
61,0,training,18,17,True,True,True,False
62,0,training,15,14,True,True,True,False
63,0,training,19,12,False,False,True,True
66,0,training,11,10,True,True,True,False
67,0,training,17,16,True,True,True,False
72,0,training,15,14,True,True,True,False
75,0,training,15,13,False,False,True,True
78,0,training,12,11,True,True,True,False
79,0,training,12,10,False,False,True,True
85,0,training,12,11,True,True,True,False
99,0,training,12,11,True,True,True,False
102,0,training,11,10,True,True,True,False
106,0,training,12,11,True,True,True,False
107,0,training,16,15,True,True,True,False
108,0,training,17,16,True,True,True,False
109,0,training,12,11,True,True,True,False
110,0,training,18,17,True,True,True,False
111,0,training,13,12,True,True,True,False
112,0,training,15,14,True,True,True,False
113,0,training,14,13,True,True,True,False
115,0,training,14,13,True,True,True,False
117,0,training,13,11,False,False,True,True
118,0,training,16,15,True,True,True,False
119,0,training,12,11,True,True,True,False
120,0,training,23,22,True,True,True,False
121,0,training,13,12,True,True,True,False
122,0,training,14,13,True,True,True,False
123,0,training,17,16,True,True,True,False
126,0,training,11,10,True,True,True,False
127,0,training,19,17,False,False,True,True
128,0,training,16,15,True,True,True,False
129,0,training,13,10,False,False,True,True
130,0,training,14,13,True,True,True,False
132,0,training,16,15,True,True,True,False
135,0,training,12,11,True,True,True,False
140,0,training,19,18,True,True,True,False
141,0,training,12,10,False,False,True,True
142,0,training,17,15,False,False,True,True
145,0,training,12,11,True,True,True,False
146,0,training,17,16,True,True,True,False
147,0,training,13,12,True,True,True,False
148,0,training,16,15,True,True,True,False
150,0,training,14,13,True,True,True,False
154,0,training,22,20,False,False,True,True
158,0,training,13,10,False,False,True,True
159,0,training,11,10,True,True,True,False
161,0,training,11,10,True,True,True,False
163,0,training,18,17,False,False,True,True
171,0,training,17,14,True,True,True,False
172,0,training,13,12,True,True,True,False
178,0,training,11,10,True,True,True,False
179,0,training,12,11,True,True,True,False
188,0,training,16,15,True,True,True,False
198,0,training,15,14,True,True,True,False
200,0,training,12,11,True,True,True,False
201,0,training,13,12,True,True,True,False
205,0,training,15,13,False,False,True,True
208,0,training,12,11,True,True,True,False
210,0,training,14,12,False,False,True,True
211,0,training,15,14,True,True,True,False
212,0,training,24,22,False,False,True,True
213,0,training,18,17,True,True,True,False
214,0,training,12,11,True,True,True,False
216,0,training,14,13,True,True,True,False
217,0,training,15,14,True,True,True,False
218,0,training,12,11,True,True,True,False
219,0,training,14,13,True,True,True,False
220,0,training,12,11,True,True,True,False
221,0,training,15,14,False,False,True,True
226,0,training,16,14,False,False,True,True
229,0,training,16,14,False,False,True,True
230,0,training,16,13,False,False,True,True
231,0,training,12,11,True,True,True,False
232,0,training,12,11,True,True,True,False
233,0,training,23,22,True,True,True,False
235,0,training,13,12,True,True,True,False
236,0,training,21,20,True,True,True,False
238,0,training,21,20,True,True,True,False
240,0,training,17,16,True,True,True,False
243,0,training,14,13,True,True,True,False
245,0,training,13,12,True,True,True,False
246,0,training,18,15,False,False,True,True
247,0,training,12,11,True,True,True,False
248,0,training,13,12,True,True,True,False
249,0,training,23,21,False,False,True,True
250,0,training,14,12,False,False,True,True
251,0,training,21,20,True,True,True,False
252,0,training,17,16,True,True,True,False
253,0,training,12,11,True,True,True,False
254,0,training,25,22,False,False,True,True
256,0,training,16,15,True,True,True,False
261,0,training,12,11,True,True,True,False
262,0,training,11,10,True,True,True,False
263,0,training,12,11,True,True,True,False
264,0,training,16,15,True,True,True,False
265,0,training,15,14,True,True,True,False
269,0,training,18,14,False,False,True,True
270,0,training,20,17,False,False,True,True
273,0,training,24,23,False,False,True,True
277,0,training,19,18,True,True,True,False
278,0,training,11,10,True,True,True,False
281,0,training,14,13,True,True,True,False
285,0,training,15,14,False,False,True,True
287,0,training,12,10,True,False,True,False
299,0,training,16,14,False,False,True,True
300,0,training,17,16,True,True,True,False
301,0,training,18,11,False,False,True,True
302,0,training,15,14,True,True,True,False
308,0,training,11,10,True,True,True,False
309,0,training,16,15,True,True,True,False
310,0,training,11,10,True,True,True,False
312,0,training,11,10,True,True,True,False
313,0,training,13,12,True,True,True,False
315,0,training,16,14,False,False,True,True
317,0,training,12,11,True,True,True,False
318,0,training,13,12,True,True,True,False
319,0,training,11,10,True,True,True,False
320,0,training,14,13,True,True,True,False
321,0,training,14,13,True,True,True,False
323,0,training,12,11,True,True,True,False
324,0,training,12,11,True,True,True,False
326,0,training,18,17,True,True,True,False
327,0,training,17,16,True,True,True,False
329,0,training,14,13,True,True,True,False
331,0,training,15,14,True,True,True,False
332,0,training,15,14,True,True,True,False
333,0,training,13,12,True,True,True,False
334,0,training,18,16,False,False,True,True
335,0,training,14,13,True,True,True,False
336,0,training,16,15,True,True,True,False
337,0,training,11,10,True,True,True,False
338,0,training,20,19,True,True,True,False
339,0,training,14,13,True,True,True,False
343,0,training,21,20,True,True,True,False
345,0,training,11,10,True,True,True,False
346,0,training,16,15,True,True,True,False
347,0,training,13,12,True,True,True,False
351,0,training,11,10,True,True,True,False
352,0,training,13,12,True,True,True,False
353,0,training,16,13,False,False,True,True
354,0,training,16,15,True,True,True,False
355,0,training,16,15,True,True,True,False
356,0,training,11,10,True,True,True,False
357,0,training,20,18,False,False,True,True
358,0,training,14,13,True,True,True,False
360,0,training,15,14,True,True,True,False
362,0,training,20,18,False,False,True,True
364,0,training,16,15,True,True,True,False
365,0,training,14,13,True,True,True,False
368,0,training,13,12,True,True,True,False
370,0,training,14,13,True,True,True,False
371,0,training,16,15,True,True,True,False
372,0,training,14,13,True,True,True,False
375,0,training,15,14,True,True,True,False
376,0,training,19,17,False,False,True,True
377,0,training,17,15,False,False,True,True
381,0,training,16,15,True,True,True,False
382,0,training,26,22,False,False,True,True
384,0,training,16,12,False,False,True,True
385,0,training,12,11,True,True,True,False
391,0,training,12,11,True,True,True,False
392,0,training,17,14,False,False,True,True
394,0,training,18,17,True,True,True,False
396,0,training,12,11,True,True,True,False
397,0,training,14,13,True,True,True,False
403,0,training,12,10,False,False,True,True
410,0,training,11,10,True,True,True,False
416,0,training,12,11,True,True,True,False
418,0,training,13,11,False,False,True,True
420,0,training,16,14,False,False,True,True
422,0,training,11,10,True,True,True,False
423,0,training,14,13,True,True,True,False
424,0,training,15,14,True,True,True,False
428,1,training,18,17,True,True,True,False
429,1,training,18,17,True,True,True,False
430,1,training,13,12,True,True,True,False
431,1,training,22,21,True,True,True,False
432,1,training,17,16,True,True,True,False
434,1,training,16,15,True,True,True,False
435,1,training,15,14,True,True,True,False
437,1,training,13,12,True,True,True,False
438,1,training,15,14,True,True,True,False
439,1,training,13,12,True,True,True,False
440,1,training,24,23,True,True,True,False
442,1,training,13,12,True,True,True,False
443,1,training,19,17,False,False,True,True
444,1,training,16,15,True,True,True,False
445,1,training,16,15,True,True,True,False
446,1,training,20,19,True,True,True,False
447,1,training,16,15,True,True,True,False
450,1,training,11,10,True,True,True,False
451,1,training,15,13,False,False,True,True
452,1,training,15,14,True,True,True,False
453,1,training,15,14,True,True,True,False
454,1,training,20,19,True,True,True,False
456,1,training,14,12,False,False,True,True
457,1,training,15,14,True,True,True,False
458,1,training,14,13,True,True,True,False
459,1,training,19,18,True,True,True,False
460,1,training,16,15,True,True,True,False
461,1,training,15,14,True,True,True,False
463,1,training,21,20,True,True,True,False
464,1,training,21,20,False,False,True,True
465,1,training,17,16,True,True,True,False
467,1,training,22,20,False,False,True,True
468,1,training,13,11,False,False,True,True
469,1,training,15,14,True,True,True,False
471,1,training,12,11,True,True,True,False
472,1,training,21,20,True,True,True,False
473,1,training,17,16,True,True,True,False
476,1,training,16,15,True,True,True,False
478,1,training,15,14,True,True,True,False
479,1,training,15,13,False,False,True,True
480,1,training,22,20,False,False,True,True
481,1,training,12,11,True,True,True,False
482,1,training,20,19,True,True,True,False
484,1,training,23,21,False,False,True,True
486,1,training,13,12,True,True,True,False
487,1,training,12,10,False,False,True,True
488,1,training,17,16,True,True,True,False
490,1,training,14,13,True,True,True,False
491,1,training,15,14,True,True,True,False
494,1,training,12,11,False,False,True,True
495,1,training,13,10,False,False,True,True
501,1,training,12,11,True,True,True,False
502,1,training,13,12,True,True,True,False
503,1,training,12,11,True,True,True,False
504,1,training,20,18,False,False,True,True
505,1,training,16,13,False,False,True,True
506,1,training,12,11,True,True,True,False
509,1,training,14,13,True,True,True,False
510,1,training,14,13,True,True,True,False
513,1,training,19,18,True,True,True,False
515,1,training,14,13,True,True,True,False
516,1,training,13,11,False,False,True,True
518,1,training,13,11,False,False,True,True
523,1,training,13,11,False,False,True,True
524,1,training,20,19,True,True,True,False
532,1,training,12,11,True,True,True,False
535,1,training,13,12,True,True,True,False
537,1,training,11,10,True,True,True,False
538,1,training,14,13,True,True,True,False
541,1,training,16,15,True,True,True,False
542,1,training,13,12,True,True,True,False
543,1,training,15,14,True,True,True,False
544,1,training,11,10,True,True,True,False
545,1,training,17,16,True,True,True,False
546,1,training,11,10,True,True,True,False
547,1,training,12,11,True,True,True,False
548,1,training,17,16,True,True,True,False
549,1,training,15,14,True,True,True,False
552,1,training,17,16,True,True,True,False
553,1,training,17,16,True,True,True,False
554,1,training,14,12,False,False,True,True
555,1,training,12,11,True,True,True,False
556,1,training,12,11,True,True,True,False
557,1,training,14,13,True,True,True,False
558,1,training,20,19,False,False,True,True
559,1,training,18,17,True,True,True,False
560,1,training,12,11,True,True,True,False
561,1,training,19,18,True,True,True,False
562,1,training,13,12,True,True,True,False
563,1,training,21,19,False,False,True,True
564,1,training,27,20,False,False,True,True
565,1,training,11,10,True,True,True,False
566,1,training,19,18,True,True,True,False
569,1,training,16,15,True,True,True,False
570,1,training,19,18,True,True,True,False
572,1,training,19,18,True,True,True,False
573,1,training,18,17,True,True,True,False
574,1,training,12,11,True,True,True,False
575,1,training,14,13,True,True,True,False
576,1,training,21,20,True,True,True,False
577,1,training,12,10,True,True,True,False
578,1,training,18,16,True,False,True,False
580,1,training,15,14,True,True,True,False
581,1,training,11,10,True,True,True,False
582,1,training,19,18,True,True,True,False
585,1,training,29,27,False,False,True,True
589,1,training,11,10,True,True,True,False
590,1,training,18,17,True,True,True,False
591,1,training,12,10,False,False,True,True
593,1,training,17,16,True,True,True,False
596,1,training,19,15,False,False,True,True
597,1,training,19,17,False,False,True,True
598,1,training,12,11,True,True,True,False
600,1,training,20,19,True,True,True,False
601,1,training,13,12,True,True,True,False
603,1,training,17,16,True,True,True,False
605,1,training,16,15,True,True,True,False
606,1,training,13,12,False,False,True,True
608,1,training,13,12,True,True,True,False
611,1,training,11,10,True,True,True,False
613,1,training,14,11,False,False,True,True
619,1,training,14,13,True,True,True,False
621,1,training,11,10,True,True,True,False
622,1,training,19,17,False,False,True,True
641,1,training,11,10,True,True,True,False
648,1,training,11,10,True,True,True,False
651,1,training,15,14,True,True,True,False
652,1,training,14,13,True,True,True,False
654,1,training,14,13,True,True,True,False
655,1,training,11,10,True,True,True,False
656,1,training,18,17,True,True,True,False
657,1,training,18,17,True,True,True,False
658,1,training,18,17,True,True,True,False
659,1,training,11,10,True,True,True,False
661,1,training,11,10,True,True,True,False
662,1,training,18,17,True,True,True,False
663,1,training,11,10,True,True,True,False
665,1,training,15,14,True,True,True,False
667,1,training,15,14,True,True,True,False
672,1,training,23,22,True,True,True,False
673,1,training,14,13,True,True,True,False
674,1,training,19,16,False,False,True,True
676,1,training,15,13,False,False,True,True
677,1,training,11,10,True,True,True,False
678,1,training,15,14,False,False,True,True
679,1,training,12,11,True,True,True,False
680,1,training,13,12,True,True,True,False
681,1,training,16,15,True,True,True,False
682,1,training,16,15,True,True,True,False
683,1,training,15,14,True,True,True,False
685,1,training,14,12,True,True,True,False
686,1,training,15,14,True,True,True,False
689,1,training,16,14,False,False,True,True
692,1,training,13,11,True,True,True,False
697,1,training,11,10,True,True,True,False
698,1,training,20,18,True,False,True,False
699,1,training,15,14,True,True,True,False
702,1,training,11,10,True,True,True,False
703,1,training,11,10,True,True,True,False
704,1,training,16,15,True,True,True,False
708,1,training,13,12,True,True,True,False
709,1,training,16,15,True,True,True,False
710,1,training,14,13,True,True,True,False
711,1,training,23,22,True,True,True,False
712,1,training,14,13,True,True,True,False
715,1,training,16,15,True,True,True,False
716,1,training,13,12,True,True,True,False
719,1,training,15,14,True,True,True,False
720,1,training,17,14,True,True,True,False
724,1,training,16,14,False,False,True,True
726,1,training,11,10,True,True,True,False
727,1,training,16,15,True,True,True,False
729,1,training,11,10,True,True,True,False
730,1,training,15,12,False,False,True,True
738,1,training,13,12,True,True,True,False
739,1,training,14,11,False,False,True,True
748,1,training,14,13,True,True,True,False
752,1,training,12,11,True,True,True,False
754,1,training,15,14,True,True,True,False
755,1,training,13,11,False,False,True,True
759,1,training,18,16,False,False,True,True
760,1,training,12,10,False,False,True,True
761,1,training,15,14,True,True,True,False
762,1,training,19,17,False,False,True,True
763,1,training,21,19,False,False,True,True
764,1,training,13,11,False,False,True,True
765,1,training,16,14,False,False,True,True
766,1,training,17,15,False,False,True,True
767,1,training,16,14,False,False,True,True
768,1,training,18,16,False,False,True,True
770,1,training,14,12,False,False,True,True
772,1,training,18,16,False,False,True,True
773,1,training,12,10,False,False,True,True
774,1,training,16,14,False,False,True,True
775,1,training,12,11,True,True,True,False
777,1,training,20,18,False,False,True,True
778,1,training,21,19,False,False,True,True
779,1,training,21,19,False,False,True,True
781,1,training,13,12,False,False,True,True
782,1,training,11,10,True,True,True,False
783,1,training,16,14,False,False,True,True
784,1,training,19,17,False,False,True,True
785,1,training,16,15,True,True,True,False
786,1,training,25,23,False,False,True,True
787,1,training,12,11,True,True,True,False
788,1,training,17,15,False,False,True,True
789,1,training,14,12,False,False,True,True
790,1,training,12,10,False,False,True,True
795,1,training,21,20,True,True,True,False
796,1,training,12,10,True,True,True,False
797,1,training,20,18,True,True,True,False
801,1,training,17,15,False,False,True,True
803,1,training,12,10,False,False,True,True
804,1,training,23,22,True,True,True,False
806,1,training,12,11,True,True,True,False
807,1,training,13,12,True,True,True,False
809,1,training,16,13,False,False,True,True
812,1,training,11,10,True,True,True,False
813,1,training,25,22,False,False,True,True
816,1,training,19,17,False,False,True,True
817,1,training,25,24,True,True,True,False
819,1,training,18,17,True,True,True,False
820,1,training,11,10,True,True,True,False
821,1,training,20,18,False,False,True,True
823,1,training,13,12,True,True,True,False
833,1,training,16,13,False,False,True,True
835,1,training,17,15,False,False,True,True
837,1,training,16,13,False,False,True,True
838,1,training,14,13,True,True,True,False
840,1,training,21,17,False,False,True,True
859,1,training,11,10,True,True,True,False
861,1,training,13,12,True,True,True,False
862,1,training,11,10,True,True,True,False
863,1,training,12,11,True,True,True,False
865,1,training,11,10,True,True,True,False
868,1,training,13,12,True,True,True,False
870,1,training,17,16,True,True,True,False
871,1,training,15,14,True,True,True,False
873,1,training,14,13,True,True,True,False
874,1,training,11,10,True,True,True,False
875,1,training,16,15,True,True,True,False
876,1,training,14,13,True,True,True,False
877,1,training,11,10,True,True,True,False
878,1,training,16,15,True,True,True,False
879,1,training,14,12,False,False,True,True
881,1,training,16,15,True,True,True,False
882,1,training,12,11,True,True,True,False
884,1,training,14,13,True,True,True,False
885,1,training,24,23,True,True,True,False
886,1,training,14,13,True,True,True,False
887,1,training,14,13,True,True,True,False
888,1,training,13,12,True,True,True,False
890,1,training,12,11,True,True,True,False
891,1,training,16,15,True,True,True,False
892,1,training,12,11,True,True,True,False
893,1,training,16,15,True,True,True,False
894,1,training,16,15,True,True,True,False
895,1,training,27,26,True,True,True,False
897,1,training,18,17,True,True,True,False
898,1,training,16,14,False,False,True,True
899,1,training,13,12,True,True,True,False
902,1,training,14,12,False,False,True,True
903,1,training,15,14,True,True,True,False
904,1,training,15,14,True,True,True,False
905,1,training,12,11,True,True,True,False
906,1,training,11,10,True,True,True,False
907,1,training,12,11,True,True,True,False
909,1,training,18,17,True,True,True,False
910,1,training,12,11,True,True,True,False
913,1,training,18,17,True,True,True,False
914,1,training,16,15,True,True,True,False
916,1,training,15,14,True,True,True,False
917,1,training,18,17,True,True,True,False
920,1,training,14,12,False,False,True,True
921,1,training,14,13,True,True,True,False
922,1,training,17,16,True,True,True,False
923,1,training,17,16,True,True,True,False
925,1,training,19,18,True,True,True,False
927,1,training,17,15,False,False,True,True
928,1,training,11,10,True,True,True,False
929,1,training,18,15,False,False,True,True
930,1,training,11,10,True,True,True,False
931,1,training,11,10,True,True,True,False
932,1,training,19,17,False,False,True,True
933,1,training,13,12,True,True,True,False
936,1,training,14,13,True,True,True,False
940,1,training,14,12,True,True,True,False
942,1,training,16,15,True,True,True,False
943,1,training,15,14,True,True,True,False
946,1,training,12,10,False,False,True,True
947,1,training,12,11,True,True,True,False
948,1,training,12,11,True,True,True,False
952,1,training,21,20,True,True,True,False
955,1,training,16,15,True,True,True,False
956,1,training,13,12,True,True,True,False
957,1,training,11,10,True,True,True,False
964,1,training,12,11,True,True,True,False
969,1,training,16,15,True,True,True,False
970,1,training,15,14,True,True,True,False
974,1,training,14,13,True,True,True,False
978,1,training,15,14,True,True,True,False
980,1,training,13,11,False,False,True,True
987,1,training,15,14,True,True,True,False
989,1,training,14,13,True,True,True,False
990,1,training,15,14,True,True,True,False
992,2,training,14,13,True,True,True,False
993,2,training,17,16,True,True,True,False
994,2,training,20,19,True,True,True,False
995,2,training,16,15,True,True,True,False
996,2,training,12,11,True,True,True,False
997,2,training,19,18,True,True,True,False
998,2,training,16,14,False,False,True,True
999,2,training,14,13,True,True,True,False
1001,2,training,20,19,True,True,True,False
1002,2,training,18,17,True,True,True,False
1003,2,training,12,11,True,True,True,False
1004,2,training,16,15,True,True,True,False
1005,2,training,13,12,True,True,True,False
1006,2,training,18,17,True,True,True,False
1008,2,training,20,19,True,True,True,False
1009,2,training,21,20,True,True,True,False
1010,2,training,11,10,True,True,True,False
1011,2,training,26,25,True,True,True,False
1012,2,training,18,17,True,True,True,False
1014,2,training,16,14,False,False,True,True
1015,2,training,17,15,False,False,True,True
1016,2,training,19,18,True,True,True,False
1019,2,training,12,11,True,True,True,False
1020,2,training,15,14,True,True,True,False
1021,2,training,14,13,True,True,True,False
1022,2,training,13,12,True,True,True,False
1023,2,training,17,16,True,True,True,False
1025,2,training,12,11,True,True,True,False
1026,2,training,18,16,False,False,True,True
1027,2,training,14,12,False,False,True,True
1028,2,training,18,17,True,True,True,False
1030,2,training,24,23,True,True,True,False
1031,2,training,19,18,True,True,True,False
1034,2,training,11,10,True,True,True,False
1035,2,training,20,19,True,True,True,False
1037,2,training,13,12,True,True,True,False
1039,2,training,14,12,False,False,True,True
1041,2,training,21,20,True,True,True,False
1042,2,training,16,15,True,True,True,False
1043,2,training,19,16,False,False,True,True
1044,2,training,14,13,True,True,True,False
1045,2,training,15,14,True,True,True,False
1049,2,training,13,12,True,True,True,False
1050,2,training,13,11,False,False,True,True
1052,2,training,21,20,True,True,True,False
1053,2,training,14,13,True,True,True,False
1054,2,training,19,18,True,True,True,False
1056,2,training,15,14,True,True,True,False
1057,2,training,11,10,True,True,True,False
1058,2,training,17,16,True,True,True,False
1059,2,training,17,15,True,True,True,False
1064,2,training,16,14,False,False,True,True
1066,2,training,16,13,False,False,True,True
1067,2,training,16,14,False,False,True,True
1068,2,training,14,11,False,False,True,True
1074,2,training,15,14,True,True,True,False
1079,2,training,13,12,True,True,True,False
1087,2,training,14,13,True,True,True,False
1091,2,training,13,11,False,False,True,True
1097,2,training,13,12,True,True,True,False
1098,2,training,12,11,True,True,True,False
1099,2,training,16,15,True,True,True,False
1100,2,training,13,12,True,True,True,False
1101,2,training,19,17,False,False,True,True
1102,2,training,15,14,True,True,True,False
1103,2,training,13,12,True,True,True,False
1104,2,training,16,15,True,True,True,False
1106,2,training,14,10,False,False,True,True
1108,2,training,14,13,True,True,True,False
1109,2,training,19,18,True,True,True,False
1110,2,training,23,21,False,False,True,True
1111,2,training,13,12,True,True,True,False
1113,2,training,21,20,True,True,True,False
1114,2,training,16,15,True,True,True,False
1116,2,training,15,14,True,True,True,False
1117,2,training,14,13,True,True,True,False
1119,2,training,15,14,True,True,True,False
1120,2,training,14,13,True,True,True,False
1121,2,training,21,19,False,False,True,True
1123,2,training,16,14,False,False,True,True
1125,2,training,14,13,True,True,True,False
1126,2,training,15,13,False,False,True,True
1127,2,training,20,18,True,True,True,False
1128,2,training,14,13,True,True,True,False
1129,2,training,16,14,False,False,True,True
1135,2,training,20,19,True,True,True,False
1137,2,training,20,19,True,True,True,False
1138,2,training,16,15,True,True,True,False
1141,2,training,20,19,True,True,True,False
1142,2,training,25,23,True,True,True,False
1143,2,training,14,13,True,True,True,False
1145,2,training,17,16,True,True,True,False
1147,2,training,13,12,True,True,True,False
1149,2,training,17,16,True,True,True,False
1150,2,training,13,12,True,True,True,False
1151,2,training,16,15,True,True,True,False
1152,2,training,22,20,False,False,True,True
1156,2,training,24,23,True,True,True,False
1160,2,training,12,11,True,True,True,False
1161,2,training,14,12,False,False,True,True
1163,2,training,15,13,False,False,True,True
1165,2,training,13,11,False,False,True,True
1167,2,training,12,10,False,False,True,True
1169,2,training,15,13,True,True,True,False
1175,2,training,12,10,False,False,True,True
1179,2,training,15,14,True,True,True,False
1180,2,training,14,10,True,True,True,False
1181,2,training,15,14,True,True,True,False
1197,2,training,16,14,False,False,True,True
1200,2,training,12,11,True,True,True,False
1204,2,training,12,11,True,True,True,False
1208,2,training,11,10,True,True,True,False
1212,2,training,17,16,True,True,True,False
1213,2,training,11,10,True,True,True,False
1214,2,training,12,11,True,True,True,False
1216,2,training,23,22,True,True,True,False
1217,2,training,12,11,True,True,True,False
1218,2,training,17,16,True,True,True,False
1219,2,training,17,16,True,True,True,False
1221,2,training,14,13,True,True,True,False
1223,2,training,13,12,True,True,True,False
1224,2,training,12,11,True,True,True,False
1225,2,training,12,11,True,True,True,False
1226,2,training,13,12,True,True,True,False
1227,2,training,12,11,True,True,True,False
1228,2,training,14,13,True,True,True,False
1229,2,training,14,13,True,True,True,False
1230,2,training,16,15,True,True,True,False
1232,2,training,11,10,True,True,True,False
1233,2,training,11,10,True,True,True,False
1234,2,training,12,10,False,False,True,True
1235,2,training,15,14,True,True,True,False
1236,2,training,13,12,True,True,True,False
1237,2,training,15,14,True,True,True,False
1238,2,training,14,13,True,True,True,False
1239,2,training,14,13,True,True,True,False
1241,2,training,11,10,True,True,True,False
1242,2,training,19,18,True,True,True,False
1245,2,training,11,10,True,True,True,False
1246,2,training,11,10,True,True,True,False
1248,2,training,15,14,True,True,True,False
1249,2,training,13,12,True,True,True,False
1250,2,training,14,13,True,True,True,False
1251,2,training,16,14,False,False,True,True
1252,2,training,19,17,False,False,True,True
1253,2,training,13,12,True,True,True,False
1256,2,training,15,13,False,False,True,True
1257,2,training,11,10,True,True,True,False
1260,2,training,13,12,False,False,True,True
1262,2,training,15,14,True,True,True,False
1263,2,training,14,13,True,True,True,False
1264,2,training,14,13,True,True,True,False
1266,2,training,12,11,True,True,True,False
1267,2,training,21,20,False,False,True,True
1268,2,training,25,21,False,False,True,True
1269,2,training,18,15,False,False,True,True
1272,2,training,11,10,True,True,True,False
1277,2,training,18,16,False,False,True,True
1279,2,training,14,13,True,True,True,False
1288,2,training,14,13,True,True,True,False
1290,2,training,13,11,False,False,True,True
1291,2,training,12,11,False,False,True,True
1294,2,training,12,11,True,True,True,False
1298,2,training,14,13,True,True,True,False
1308,2,training,15,14,True,True,True,False
1317,2,training,14,13,True,True,True,False
1320,2,training,14,13,True,True,True,False
1321,2,training,15,14,True,True,True,False
1323,2,training,13,12,True,True,True,False
1324,2,training,17,16,True,True,True,False
1325,2,training,14,13,True,True,True,False
1326,2,training,19,17,False,False,True,True
1327,2,training,20,19,True,True,True,False
1328,2,training,21,20,True,True,True,False
1329,2,training,16,15,True,True,True,False
1330,2,training,14,13,True,True,True,False
1331,2,training,13,12,True,True,True,False
1332,2,training,14,13,True,True,True,False
1333,2,training,26,24,False,False,True,True
1334,2,training,13,12,True,True,True,False
1335,2,training,11,10,True,True,True,False
1336,2,training,13,12,True,True,True,False
1337,2,training,12,11,True,True,True,False
1338,2,training,13,12,True,True,True,False
1339,2,training,18,17,True,True,True,False
1340,2,training,18,17,True,True,True,False
1342,2,training,17,16,True,True,True,False
1343,2,training,11,10,True,True,True,False
1344,2,training,17,15,False,False,True,True
1345,2,training,19,17,False,False,True,True
1346,2,training,14,13,True,True,True,False
1347,2,training,17,15,False,False,True,True
1348,2,training,19,18,True,True,True,False
1349,2,training,18,17,True,True,True,False
1350,2,training,14,13,True,True,True,False
1351,2,training,12,10,False,False,True,True
1352,2,training,22,20,False,False,True,True
1353,2,training,15,14,True,True,True,False
1354,2,training,21,20,True,True,True,False
1355,2,training,15,14,True,True,True,False
1358,2,training,25,23,False,False,True,True
1362,2,training,24,23,True,True,True,False
1366,2,training,12,11,True,True,True,False
1371,2,training,12,11,True,True,True,False
1372,2,training,13,12,True,True,True,False
1375,2,training,18,17,True,True,True,False
1376,2,training,20,19,True,True,True,False
1378,2,training,12,11,True,True,True,False
1379,2,training,18,16,False,False,True,True
1383,2,training,21,20,True,True,True,False
1386,2,training,11,10,True,True,True,False
1391,2,training,22,20,False,False,True,True
1393,2,training,26,23,False,False,True,True
1395,2,training,11,10,True,True,True,False
1398,2,training,12,10,True,True,True,False
1399,2,training,15,13,True,True,True,False
1401,2,training,12,10,False,False,True,True
1420,2,training,11,10,True,True,True,False
1422,2,training,12,11,True,True,True,False
1423,2,training,11,10,True,True,True,False
1424,2,training,13,12,True,True,True,False
1427,2,training,11,10,True,True,True,False
1430,2,training,13,11,False,False,True,True
1431,2,training,16,14,False,False,True,True
1433,2,training,15,14,True,True,True,False
1434,2,training,11,10,True,True,True,False
1436,2,training,13,12,True,True,True,False
1437,2,training,16,15,True,True,True,False
1438,2,training,13,12,True,True,True,False
1439,2,training,14,13,True,True,True,False
1440,2,training,13,12,True,True,True,False
1441,2,training,15,14,True,True,True,False
1442,2,training,13,12,True,True,True,False
1443,2,training,18,17,True,True,True,False
1444,2,training,17,16,True,True,True,False
1446,2,training,13,12,True,True,True,False
1447,2,training,14,13,True,True,True,False
1448,2,training,13,12,True,True,True,False
1450,2,training,11,10,True,True,True,False
1451,2,training,14,13,True,True,True,False
1452,2,training,18,17,True,True,True,False
1454,2,training,13,12,True,True,True,False
1455,2,training,15,13,False,False,True,True
1456,2,training,18,17,True,True,True,False
1457,2,training,16,13,False,False,True,True
1459,2,training,13,12,True,True,True,False
1464,2,training,18,16,False,False,True,True
1465,2,training,16,15,True,True,True,False
1466,2,training,13,12,True,True,True,False
1467,2,training,18,16,False,False,True,True
1471,2,training,15,14,True,True,True,False
1472,2,training,13,12,True,True,True,False
1473,2,training,16,15,True,True,True,False
1475,2,training,16,15,True,True,True,False
1476,2,training,11,10,True,True,True,False
1477,2,training,15,14,True,True,True,False
1481,2,training,16,15,True,True,True,False
1483,2,training,14,13,True,True,True,False
1484,2,training,17,16,True,True,True,False
1486,2,training,13,12,True,True,True,False
1487,2,training,11,10,True,True,True,False
1488,2,training,20,18,False,False,True,True
1489,2,training,18,17,True,True,True,False
1490,2,training,15,14,True,True,True,False
1491,2,training,19,18,True,True,True,False
1492,2,training,15,14,True,True,True,False
1493,2,training,17,16,True,True,True,False
1494,2,training,18,16,True,True,True,False
1496,2,training,13,11,True,True,True,False
1498,2,training,11,10,True,True,True,False
1499,2,training,12,11,True,True,True,False
1501,2,training,13,11,True,True,True,False
1503,2,training,13,12,True,True,True,False
1505,2,training,12,11,True,True,True,False
1507,2,training,13,12,True,True,True,False
1509,2,training,19,17,True,True,True,False
1512,2,training,11,10,True,True,True,False
1515,2,training,13,11,False,False,True,True
1520,2,training,14,12,False,False,True,True
1521,2,training,11,10,True,True,True,False
1527,2,training,15,13,False,False,True,True
1528,2,training,14,12,False,False,True,True
1533,2,training,12,11,True,True,True,False
1535,2,training,15,14,True,True,True,False
1536,2,training,11,10,True,True,True,False
1537,2,training,12,10,False,False,True,True
1539,2,training,17,16,True,True,True,False
1540,2,training,15,14,True,True,True,False
1541,2,training,12,11,True,True,True,False
1545,3,training,18,17,True,True,True,False
1546,3,training,18,17,True,True,True,False
1547,3,training,13,12,True,True,True,False
1548,3,training,19,18,True,True,True,False
1549,3,training,15,14,True,True,True,False
1550,3,training,19,18,True,True,True,False
1551,3,training,16,15,True,True,True,False
1552,3,training,19,18,True,True,True,False
1553,3,training,13,12,True,True,True,False
1554,3,training,25,24,True,True,True,False
1555,3,training,12,11,True,True,True,False
1556,3,training,13,12,True,True,True,False
1557,3,training,17,16,True,True,True,False
1558,3,training,17,16,True,True,True,False
1559,3,training,23,22,True,True,True,False
1560,3,training,16,15,True,True,True,False
1561,3,training,14,13,True,True,True,False
1562,3,training,14,13,True,True,True,False
1563,3,training,20,19,True,True,True,False
1564,3,training,22,21,True,True,True,False
1565,3,training,19,18,True,True,True,False
1566,3,training,15,14,True,True,True,False
1567,3,training,16,15,True,True,True,False
1568,3,training,15,14,True,True,True,False
1570,3,training,14,13,True,True,True,False
1571,3,training,13,12,True,True,True,False
1572,3,training,15,14,True,True,True,False
1573,3,training,15,14,True,True,True,False
1574,3,training,14,12,False,False,True,True
1575,3,training,14,12,False,False,True,True
1576,3,training,14,13,True,True,True,False
1577,3,training,19,18,True,True,True,False
1578,3,training,19,18,True,True,True,False
1580,3,training,12,11,True,True,True,False
1583,3,training,23,22,True,True,True,False
1584,3,training,21,18,False,False,True,True
1586,3,training,12,11,True,True,True,False
1589,3,training,19,18,True,True,True,False
1591,3,training,17,16,True,True,True,False
1592,3,training,16,15,True,True,True,False
1593,3,training,14,12,False,False,True,True
1596,3,training,12,10,True,False,True,False
1597,3,training,18,17,True,True,True,False
1599,3,training,18,16,False,False,True,True
1600,3,training,11,10,True,True,True,False
1601,3,training,20,19,True,True,True,False
1602,3,training,11,10,True,True,True,False
1604,3,training,12,11,True,True,True,False
1605,3,training,15,14,True,True,True,False
1606,3,training,19,15,False,False,True,True
1614,3,training,12,11,True,True,True,False
1615,3,training,12,11,True,True,True,False
1616,3,training,12,10,False,False,True,True
1624,3,training,17,16,True,True,True,False
1630,3,training,12,11,True,True,True,False
1632,3,training,12,10,False,False,True,True
1636,3,training,14,13,True,True,True,False
1639,3,training,15,14,True,True,True,False
1645,3,training,16,15,True,True,True,False
1648,3,training,14,13,True,True,True,False
1649,3,training,14,13,True,True,True,False
1650,3,training,14,13,True,True,True,False
1651,3,training,14,13,True,True,True,False
1652,3,training,11,10,True,True,True,False
1653,3,training,14,13,True,True,True,False
1654,3,training,15,14,True,True,True,False
1655,3,training,16,15,True,True,True,False
1656,3,training,17,16,True,True,True,False
1657,3,training,19,18,True,True,True,False
1658,3,training,16,15,True,True,True,False
1659,3,training,11,10,True,True,True,False
1660,3,training,18,17,True,True,True,False
1661,3,training,20,19,True,True,True,False
1663,3,training,14,13,True,True,True,False
1665,3,training,20,18,True,True,True,False
1666,3,training,14,13,True,True,True,False
1667,3,training,14,13,True,True,True,False
1668,3,training,13,12,True,True,True,False
1669,3,training,12,11,True,True,True,False
1671,3,training,19,18,True,True,True,False
1672,3,training,16,15,True,True,True,False
1673,3,training,14,13,True,True,True,False
1674,3,training,15,14,True,True,True,False
1675,3,training,11,10,True,True,True,False
1676,3,training,17,15,False,False,True,True
1678,3,training,21,20,True,True,True,False
1679,3,training,16,14,False,False,True,True
1680,3,training,16,15,True,True,True,False
1681,3,training,12,11,True,True,True,False
1684,3,training,12,11,True,True,True,False
1685,3,training,25,24,True,True,True,False
1688,3,training,17,16,True,True,True,False
1690,3,training,18,17,True,True,True,False
1691,3,training,18,17,True,True,True,False
1696,3,training,12,10,False,False,True,True
1699,3,training,12,11,False,False,True,True
1702,3,training,20,18,False,False,True,True
1703,3,training,12,11,True,True,True,False
1705,3,training,14,13,False,False,True,True
1708,3,training,13,12,True,True,True,False
1709,3,training,13,12,True,True,True,False
1710,3,training,16,14,False,False,True,True
1713,3,training,13,12,True,True,True,False
1715,3,training,13,12,True,True,True,False
1716,3,training,13,12,True,True,True,False
1717,3,training,16,14,False,False,True,True
1719,3,training,12,11,True,True,True,False
1722,3,training,16,15,True,True,True,False
1723,3,training,11,10,True,True,True,False
1725,3,training,11,10,True,True,True,False
1739,3,training,15,14,False,False,True,True
1750,3,training,12,10,False,False,True,True
1751,3,training,11,10,True,True,True,False
1754,3,training,11,10,True,True,True,False
1757,3,training,19,18,True,True,True,False
1758,3,training,21,20,True,True,True,False
1759,3,training,14,13,True,True,True,False
1760,3,training,13,12,True,True,True,False
1761,3,training,17,16,True,True,True,False
1762,3,training,15,12,False,False,True,True
1763,3,training,16,15,True,True,True,False
1765,3,training,14,13,True,True,True,False
1766,3,training,17,16,True,True,True,False
1767,3,training,12,11,True,True,True,False
1768,3,training,11,10,True,True,True,False
1769,3,training,14,13,True,True,True,False
1770,3,training,13,11,False,False,True,True
1772,3,training,13,11,False,False,True,True
1773,3,training,13,11,False,False,True,True
1774,3,training,17,16,True,True,True,False
1775,3,training,13,12,True,True,True,False
1776,3,training,23,22,True,True,True,False
1777,3,training,14,13,True,True,True,False
1778,3,training,16,14,False,False,True,True
1779,3,training,12,11,False,False,True,True
1780,3,training,14,13,True,True,True,False
1781,3,training,13,12,True,True,True,False
1782,3,training,16,15,True,True,True,False
1783,3,training,13,12,True,True,True,False
1784,3,training,16,15,True,True,True,False
1785,3,training,15,13,False,False,True,True
1786,3,training,17,16,True,True,True,False
1787,3,training,14,13,True,True,True,False
1788,3,training,17,15,True,True,True,False
1789,3,training,16,15,True,True,True,False
1797,3,training,15,14,True,True,True,False
1798,3,training,16,14,False,False,True,True
1799,3,training,16,14,False,False,True,True
1801,3,training,11,10,True,True,True,False
1802,3,training,15,14,True,True,True,False
1806,3,training,13,12,True,True,True,False
1807,3,training,20,19,True,True,True,False
1808,3,training,13,12,True,True,True,False
1809,3,training,13,12,True,True,True,False
1810,3,training,12,11,True,True,True,False
1811,3,training,17,15,False,False,True,True
1812,3,training,13,12,True,True,True,False
1815,3,training,12,11,True,True,True,False
1817,3,training,13,12,True,True,True,False
1819,3,training,17,16,True,True,True,False
1823,3,training,14,13,True,True,True,False
1825,3,training,11,10,True,True,True,False
1828,3,training,17,16,True,True,True,False
1830,3,training,14,12,False,False,True,True
1833,3,training,14,12,False,False,True,True
1834,3,training,12,11,True,True,True,False
1836,3,training,15,14,True,True,True,False
1857,3,training,11,10,True,True,True,False
1860,3,training,11,10,True,True,True,False
1862,3,training,16,14,False,False,True,True
1866,3,training,14,13,True,True,True,False
1867,3,training,13,12,True,True,True,False
1868,3,training,12,11,True,True,True,False
1869,3,training,11,10,True,True,True,False
1870,3,training,15,14,True,True,True,False
1871,3,training,20,19,True,True,True,False
1872,3,training,15,14,True,True,True,False
1873,3,training,12,11,True,True,True,False
1874,3,training,22,20,False,False,True,True
1875,3,training,11,10,True,True,True,False
1876,3,training,17,16,True,True,True,False
1877,3,training,12,11,True,True,True,False
1879,3,training,13,12,True,True,True,False
1880,3,training,11,10,True,True,True,False
1881,3,training,16,15,True,True,True,False
1882,3,training,19,18,True,True,True,False
1883,3,training,19,18,True,True,True,False
1887,3,training,12,11,True,True,True,False
1888,3,training,11,10,True,True,True,False
1889,3,training,11,10,True,True,True,False
1890,3,training,13,12,True,True,True,False
1891,3,training,15,14,True,True,True,False
1892,3,training,15,14,True,True,True,False
1893,3,training,26,22,False,False,True,True
1894,3,training,18,16,False,False,True,True
1896,3,training,15,14,True,True,True,False
1897,3,training,19,17,False,False,True,True
1898,3,training,17,15,False,False,True,True
1899,3,training,14,13,True,True,True,False
1900,3,training,21,20,True,True,True,False
1902,3,training,14,13,True,True,True,False
1903,3,training,12,11,True,True,True,False
1905,3,training,17,15,False,False,True,True
1906,3,training,21,18,False,False,True,True
1908,3,training,27,26,True,True,True,False
1910,3,training,11,10,True,True,True,False
1914,3,training,14,13,True,True,True,False
1916,3,training,11,10,True,True,True,False
1917,3,training,16,15,True,True,True,False
1918,3,training,14,13,True,True,True,False
1920,3,training,18,16,False,False,True,True
1923,3,training,21,20,True,True,True,False
1925,3,training,16,15,True,True,True,False
1927,3,training,22,20,True,True,True,False
1930,3,training,23,22,True,True,True,False
1932,3,training,14,13,True,True,True,False
1933,3,training,22,21,True,True,True,False
1936,3,training,15,14,True,True,True,False
1938,3,training,12,11,True,True,True,False
1941,3,training,11,10,True,True,True,False
1942,3,training,13,11,True,True,True,False
1943,3,training,11,10,True,True,True,False
1944,3,training,14,12,False,False,True,True
1948,3,training,13,11,False,False,True,True
1954,3,training,13,12,True,True,True,False
1965,3,training,17,16,True,True,True,False
1972,3,training,14,13,True,True,True,False
1977,3,training,11,10,True,True,True,False
1978,3,training,19,18,True,True,True,False
1979,3,training,14,13,True,True,True,False
1980,3,training,18,17,True,True,True,False
1982,3,training,15,14,False,False,True,True
1983,3,training,16,15,True,True,True,False
1984,3,training,15,14,True,True,True,False
1985,3,training,19,18,True,True,True,False
1986,3,training,15,14,True,True,True,False
1987,3,training,16,15,False,False,True,True
1988,3,training,21,20,True,True,True,False
1989,3,training,14,13,True,True,True,False
1991,3,training,17,16,True,True,True,False
1992,3,training,18,17,True,True,True,False
1994,3,training,16,14,False,False,True,True
1995,3,training,14,13,True,True,True,False
1996,3,training,15,14,True,True,True,False
1997,3,training,26,25,True,True,True,False
1999,3,training,16,14,False,False,True,True
2000,3,training,15,14,True,True,True,False
2001,3,training,18,16,False,False,True,True
2003,3,training,13,12,True,True,True,False
2004,3,training,13,12,True,True,True,False
2005,3,training,13,12,True,True,True,False
2006,3,training,11,10,True,True,True,False
2008,3,training,13,11,False,False,True,True
2009,3,training,12,11,True,True,True,False
2010,3,training,12,11,True,True,True,False
2011,3,training,18,17,True,True,True,False
2012,3,training,14,13,True,True,True,False
2013,3,training,13,12,True,True,True,False
2014,3,training,18,17,True,True,True,False
2015,3,training,12,11,True,True,True,False
2016,3,training,16,14,True,True,True,False
2018,3,training,12,11,True,True,True,False
2021,3,training,17,16,True,True,True,False
2022,3,training,21,20,True,True,True,False
2024,3,training,14,13,True,True,True,False
2025,3,training,11,10,True,True,True,False
2027,3,training,14,13,True,True,True,False
2028,3,training,15,14,True,True,True,False
2029,3,training,15,14,True,True,True,False
2031,3,training,13,12,True,True,True,False
2032,3,training,20,18,False,False,True,True
2038,3,training,15,13,False,False,True,True
2040,3,training,13,12,True,True,True,False
2041,3,training,13,12,True,True,True,False
2043,3,training,14,12,False,False,True,True
2049,3,training,12,10,False,False,True,True
2051,3,training,12,10,False,False,True,True
2053,3,training,11,10,True,True,True,False
2056,3,training,14,13,True,True,True,False
2065,3,training,14,13,True,True,True,False
2066,3,training,12,10,False,False,True,True
2067,3,training,14,13,True,True,True,False
2069,3,training,12,11,True,True,True,False
2072,3,training,17,16,True,True,True,False
2077,3,training,11,10,True,True,True,False
2078,3,training,11,10,True,True,True,False
2080,3,training,17,14,False,False,True,True
2081,3,training,11,10,False,False,True,True
2082,3,training,14,12,False,False,True,True
2085,3,training,15,14,True,True,True,False
2086,3,training,14,13,True,True,True,False
2090,4,training,14,13,True,True,True,False
2091,4,training,15,14,True,True,True,False
2092,4,training,16,15,True,True,True,False
2093,4,training,17,16,True,True,True,False
2094,4,training,15,14,True,True,True,False
2095,4,training,17,16,True,True,True,False
2096,4,training,21,20,True,True,True,False
2097,4,training,14,13,True,True,True,False
2099,4,training,25,23,False,False,True,True
2100,4,training,18,17,True,True,True,False
2101,4,training,16,15,True,True,True,False
2102,4,training,19,18,True,True,True,False
2103,4,training,14,13,False,False,True,True
2104,4,training,13,12,True,True,True,False
2105,4,training,22,20,False,False,True,True
2106,4,training,13,12,True,True,True,False
2108,4,training,19,18,True,True,True,False
2110,4,training,13,12,True,True,True,False
2111,4,training,12,10,False,False,True,True
2112,4,training,16,15,True,True,True,False
2113,4,training,15,14,True,True,True,False
2114,4,training,19,18,True,True,True,False
2115,4,training,19,17,False,False,True,True
2116,4,training,19,18,True,True,True,False
2117,4,training,17,15,False,False,True,True
2118,4,training,21,20,True,True,True,False
2119,4,training,15,14,True,True,True,False
2120,4,training,18,17,True,True,True,False
2121,4,training,18,17,True,True,True,False
2122,4,training,22,21,True,True,True,False
2123,4,training,11,10,True,True,True,False
2124,4,training,23,22,True,True,True,False
2125,4,training,17,16,True,True,True,False
2126,4,training,16,15,False,False,True,True
2127,4,training,19,18,True,True,True,False
2128,4,training,15,14,True,True,True,False
2132,4,training,15,14,True,True,True,False
2133,4,training,13,12,False,False,True,True
2134,4,training,18,15,False,False,True,True
2135,4,training,14,12,False,False,True,True
2138,4,training,16,15,True,True,True,False
2139,4,training,18,17,True,True,True,False
2142,4,training,15,12,False,False,True,True
2144,4,training,16,15,True,True,True,False
2145,4,training,26,25,False,False,True,True
2146,4,training,15,14,True,True,True,False
2147,4,training,11,10,True,True,True,False
2148,4,training,13,12,True,True,True,False
2149,4,training,16,14,False,False,True,True
2150,4,training,22,21,True,True,True,False
2151,4,training,21,20,True,True,True,False
2152,4,training,15,14,True,True,True,False
2154,4,training,12,10,False,False,True,True
2157,4,training,14,13,True,True,True,False
2160,4,training,13,10,False,False,True,True
2162,4,training,13,12,True,True,True,False
2165,4,training,11,10,True,True,True,False
2166,4,training,14,13,True,True,True,False
2167,4,training,13,12,True,True,True,False
2173,4,training,12,11,True,True,True,False
2181,4,training,14,13,True,True,True,False
2183,4,training,11,10,True,True,True,False
2188,4,training,13,12,True,True,True,False
2194,4,training,15,14,True,True,True,False
2195,4,training,16,15,True,True,True,False
2196,4,training,15,14,True,True,True,False
2197,4,training,18,17,True,True,True,False
2198,4,training,15,14,True,True,True,False
2199,4,training,13,12,True,True,True,False
2200,4,training,15,14,True,True,True,False
2201,4,training,12,11,True,True,True,False
2202,4,training,15,14,True,True,True,False
2203,4,training,19,18,True,True,True,False
2204,4,training,20,19,True,True,True,False
2206,4,training,18,17,True,True,True,False
2207,4,training,17,16,True,True,True,False
2209,4,training,20,19,True,True,True,False
2210,4,training,17,16,True,True,True,False
2211,4,training,14,13,True,True,True,False
2212,4,training,16,15,True,True,True,False
2215,4,training,17,14,False,False,True,True
2216,4,training,20,19,True,True,True,False
2218,4,training,12,10,False,False,True,True
2219,4,training,13,12,True,True,True,False
2220,4,training,18,17,True,True,True,False
2221,4,training,18,17,True,True,True,False
2222,4,training,13,12,True,True,True,False
2223,4,training,28,25,False,False,True,True
2224,4,training,20,19,False,False,True,True
2225,4,training,18,17,True,True,True,False
2226,4,training,15,14,True,True,True,False
2227,4,training,26,24,False,False,True,True
2228,4,training,11,10,True,True,True,False
2231,4,training,16,15,True,True,True,False
2234,4,training,18,17,True,True,True,False
2235,4,training,15,14,True,True,True,False
2236,4,training,13,12,True,True,True,False
2237,4,training,15,14,True,True,True,False
2238,4,training,13,10,False,False,True,True
2242,4,training,11,10,True,True,True,False
2243,4,training,14,13,True,True,True,False
2244,4,training,22,20,False,False,True,True
2246,4,training,12,11,True,True,True,False
2248,4,training,11,10,True,True,True,False
2250,4,training,14,13,True,True,True,False
2251,4,training,19,17,False,False,True,True
2252,4,training,14,12,True,False,True,False
2254,4,training,11,10,True,True,True,False
2256,4,training,24,22,False,False,True,True
2258,4,training,12,11,True,True,True,False
2259,4,training,21,20,True,True,True,False
2260,4,training,20,17,False,False,True,True
2261,4,training,16,15,True,True,True,False
2266,4,training,12,10,False,False,True,True
2269,4,training,14,13,True,True,True,False
2271,4,training,15,14,True,True,True,False
2275,4,training,12,10,False,False,True,True
2276,4,training,11,10,True,True,True,False
2277,4,training,13,12,True,True,True,False
2302,4,training,11,10,True,True,True,False
2306,4,training,14,13,True,True,True,False
2307,4,training,12,10,False,False,True,True
2308,4,training,20,19,True,True,True,False
2309,4,training,14,13,True,True,True,False
2310,4,training,14,12,False,False,True,True
2311,4,training,17,16,True,True,True,False
2312,4,training,18,17,True,True,True,False
2313,4,training,17,16,True,True,True,False
2314,4,training,12,11,True,True,True,False
2315,4,training,15,14,False,False,True,True
2316,4,training,17,16,True,True,True,False
2318,4,training,15,14,True,True,True,False
2319,4,training,23,22,True,True,True,False
2322,4,training,13,12,True,True,True,False
2323,4,training,13,12,True,True,True,False
2324,4,training,12,11,True,True,True,False
2326,4,training,13,12,True,True,True,False
2327,4,training,16,15,True,True,True,False
2328,4,training,13,12,True,True,True,False
2329,4,training,11,10,True,True,True,False
2330,4,training,12,11,True,True,True,False
2331,4,training,15,14,True,True,True,False
2332,4,training,11,10,True,True,True,False
2333,4,training,13,12,True,True,True,False
2335,4,training,13,12,True,True,True,False
2336,4,training,18,17,True,True,True,False
2339,4,training,14,13,True,True,True,False
2342,4,training,16,15,True,True,True,False
2343,4,training,12,10,False,False,True,True
2344,4,training,15,14,True,True,True,False
2345,4,training,11,10,True,True,True,False
2346,4,training,13,12,True,True,True,False
2347,4,training,11,10,True,True,True,False
2348,4,training,16,15,True,True,True,False
2352,4,training,11,10,True,True,True,False
2353,4,training,16,14,False,False,True,True
2355,4,training,14,13,True,True,True,False
2356,4,training,14,13,True,True,True,False
2357,4,training,19,17,False,False,True,True
2359,4,training,17,16,True,True,True,False
2361,4,training,16,15,True,True,True,False
2362,4,training,12,10,False,False,True,True
2366,4,training,15,13,False,False,True,True
2368,4,training,16,14,False,False,True,True
2369,4,training,12,10,True,True,True,False
2371,4,training,14,13,True,True,True,False
2374,4,training,17,14,False,False,True,True
2375,4,training,14,12,False,False,True,True
2376,4,training,18,16,False,False,True,True
2378,4,training,16,15,True,True,True,False
2380,4,training,13,12,True,True,True,False
2382,4,training,13,11,False,False,True,True
2383,4,training,15,14,True,True,True,False
2386,4,training,16,15,True,True,True,False
2387,4,training,32,29,False,False,True,True
2388,4,training,16,14,False,False,True,True
2390,4,training,20,18,False,False,True,True
2391,4,training,13,11,False,False,True,True
2408,4,training,15,13,False,False,True,True
2411,4,training,14,13,True,True,True,False
2413,4,training,15,14,True,True,True,False
2415,4,training,17,15,False,False,True,True
2417,4,training,17,15,False,False,True,True
2419,4,training,16,14,False,False,True,True
2420,4,training,19,17,False,False,True,True
2421,4,training,20,18,False,False,True,True
2422,4,training,12,10,False,False,True,True
2423,4,training,22,20,False,False,True,True
2424,4,training,20,17,False,False,True,True
2425,4,training,13,11,False,False,True,True
2426,4,training,15,13,False,False,True,True
2428,4,training,12,10,False,False,True,True
2429,4,training,16,15,False,False,True,True
2431,4,training,14,12,False,False,True,True
2432,4,training,12,10,False,False,True,True
2433,4,training,22,19,False,False,True,True
2434,4,training,22,18,False,False,True,True
2435,4,training,21,19,False,False,True,True
2436,4,training,12,10,False,False,True,True
2437,4,training,20,18,False,False,True,True
2438,4,training,18,16,False,False,True,True
2439,4,training,18,16,False,False,True,True
2441,4,training,13,11,False,False,True,True
2442,4,training,12,10,False,False,True,True
2443,4,training,16,14,False,False,True,True
2444,4,training,14,12,False,False,True,True
2445,4,training,15,14,True,True,True,False
2446,4,training,14,12,False,False,True,True
2447,4,training,16,14,False,False,True,True
2448,4,training,14,13,True,True,True,False
2454,4,training,18,16,False,False,True,True
2455,4,training,21,20,True,True,True,False
2456,4,training,21,19,False,False,True,True
2459,4,training,20,19,True,True,True,False
2460,4,training,17,15,False,False,True,True
2463,4,training,12,10,False,False,True,True
2464,4,training,12,10,False,False,True,True
2466,4,training,12,10,False,False,True,True
2467,4,training,18,17,True,True,True,False
2468,4,training,14,12,True,True,True,False
2469,4,training,11,10,True,True,True,False
2470,4,training,20,17,False,False,True,True
2474,4,training,19,18,True,True,True,False
2476,4,training,20,19,True,True,True,False
2478,4,training,12,10,False,False,True,True
2480,4,training,23,22,True,True,True,False
2481,4,training,14,13,True,True,True,False
2483,4,training,11,10,True,True,True,False
2486,4,training,14,12,False,False,True,True
2489,4,training,12,11,True,True,True,False
2494,4,training,14,11,False,False,True,True
2496,4,training,13,12,True,True,True,False
2497,4,training,14,12,False,False,True,True
2511,4,training,13,12,False,False,True,True
2513,4,training,12,10,True,True,True,False
2518,4,training,12,11,True,True,True,False
2519,4,training,14,13,True,True,True,False
2520,4,training,11,10,True,True,True,False
2523,4,training,12,11,True,True,True,False
2527,4,training,16,15,True,True,True,False
2529,4,training,12,11,True,True,True,False
2530,4,training,15,14,True,True,True,False
2531,4,training,17,16,True,True,True,False
2532,4,training,13,12,True,True,True,False
2533,4,training,16,15,True,True,True,False
2534,4,training,11,10,True,True,True,False
2535,4,training,17,16,True,True,True,False
2536,4,training,16,15,True,True,True,False
2537,4,training,13,12,True,True,True,False
2538,4,training,16,15,True,True,True,False
2539,4,training,12,11,True,True,True,False
2542,4,training,13,12,True,True,True,False
2544,4,training,14,13,True,True,True,False
2545,4,training,16,15,False,False,True,True
2546,4,training,18,17,True,True,True,False
2547,4,training,15,14,True,True,True,False
2548,4,training,16,15,True,True,True,False
2549,4,training,11,10,True,True,True,False
2550,4,training,14,13,True,True,True,False
2551,4,training,14,13,True,True,True,False
2553,4,training,14,13,True,True,True,False
2554,4,training,16,14,False,False,True,True
2555,4,training,12,11,True,True,True,False
2556,4,training,12,11,True,True,True,False
2557,4,training,14,13,True,True,True,False
2560,4,training,18,17,True,True,True,False
2562,4,training,13,12,True,True,True,False
2563,4,training,12,11,True,True,True,False
2565,4,training,17,16,True,True,True,False
2566,4,training,11,10,True,True,True,False
2567,4,training,18,17,True,True,True,False
2568,4,training,20,18,False,False,True,True
2569,4,training,19,17,False,False,True,True
2570,4,training,18,17,True,True,True,False
2573,4,training,18,17,True,True,True,False
2576,4,training,15,14,True,True,True,False
2577,4,training,12,11,True,True,True,False
2578,4,training,15,14,True,True,True,False
2581,4,training,14,12,True,False,True,False
2582,4,training,15,14,True,True,True,False
2583,4,training,11,10,True,True,True,False
2584,4,training,18,16,False,False,True,True
2585,4,training,13,12,True,True,True,False
2586,4,training,19,17,False,False,True,True
2588,4,training,17,14,False,False,True,True
2590,4,training,17,15,False,False,True,True
2591,4,training,18,16,False,False,True,True
2593,4,training,17,16,True,True,True,False
2594,4,training,12,11,True,True,True,False
2595,4,training,11,10,True,True,True,False
2598,4,training,14,12,False,False,True,True
2601,4,training,14,13,True,True,True,False
2602,4,training,18,17,True,True,True,False
2604,4,training,15,14,True,True,True,False
2606,4,training,15,12,False,False,True,True
2607,4,training,16,15,False,False,True,True
2612,4,training,13,11,True,False,True,False
2628,4,training,11,10,True,True,True,False
2634,4,training,11,10,True,True,True,False
2635,4,training,14,11,False,False,True,True
2638,4,training,11,10,True,True,True,False
2639,4,training,13,12,True,True,True,False
2640,4,training,16,15,True,True,True,False
2642,5,training,12,11,True,True,True,False
2643,5,training,20,19,True,True,True,False
2644,5,training,11,10,True,True,True,False
2645,5,training,19,18,True,True,True,False
2646,5,training,16,15,True,True,True,False
2647,5,training,25,24,True,True,True,False
2648,5,training,16,15,True,True,True,False
2649,5,training,17,16,True,True,True,False
2650,5,training,12,11,True,True,True,False
2651,5,training,18,17,True,True,True,False
2652,5,training,19,18,True,True,True,False
2653,5,training,17,16,True,True,True,False
2654,5,training,15,14,True,True,True,False
2655,5,training,12,10,False,False,True,True
2656,5,training,13,12,True,True,True,False
2657,5,training,18,17,True,True,True,False
2658,5,training,23,22,True,True,True,False
2659,5,training,12,10,False,False,True,True
2660,5,training,16,15,True,True,True,False
2661,5,training,21,20,True,True,True,False
2662,5,training,15,14,True,True,True,False
2663,5,training,27,26,True,True,True,False
2664,5,training,18,17,True,True,True,False
2665,5,training,16,14,False,False,True,True
2667,5,training,15,14,True,True,True,False
2668,5,training,15,14,True,True,True,False
2669,5,training,15,14,True,True,True,False
2670,5,training,13,12,True,True,True,False
2671,5,training,24,22,True,True,True,False
2672,5,training,16,15,True,True,True,False
2673,5,training,19,18,True,True,True,False
2674,5,training,22,21,True,True,True,False
2676,5,training,16,15,True,True,True,False
2678,5,training,16,15,True,True,True,False
2679,5,training,15,13,False,False,True,True
2680,5,training,20,19,True,True,True,False
2682,5,training,12,10,True,True,True,False
2683,5,training,24,23,True,True,True,False
2684,5,training,16,15,True,True,True,False
2685,5,training,11,10,True,True,True,False
2686,5,training,16,15,True,True,True,False
2687,5,training,17,16,True,True,True,False
2689,5,training,14,13,False,False,True,True
2690,5,training,15,14,True,True,True,False
2691,5,training,20,19,True,True,True,False
2692,5,training,18,16,False,False,True,True
2694,5,training,16,15,True,True,True,False
2695,5,training,15,14,True,True,True,False
2696,5,training,13,10,False,False,True,True
2698,5,training,15,13,False,False,True,True
2699,5,training,20,19,True,True,True,False
2700,5,training,20,19,True,True,True,False
2701,5,training,14,13,True,True,True,False
2702,5,training,14,13,True,True,True,False
2703,5,training,18,17,True,True,True,False
2704,5,training,25,23,False,False,True,True
2705,5,training,18,17,True,True,True,False
2706,5,training,23,22,True,True,True,False
2707,5,training,19,18,True,True,True,False
2708,5,training,15,14,True,True,True,False
2712,5,training,20,17,False,False,True,True
2714,5,training,16,15,True,True,True,False
2716,5,training,11,10,True,True,True,False
2719,5,training,11,10,True,True,True,False
2720,5,training,17,15,False,False,True,True
2722,5,training,14,12,False,False,True,True
2726,5,training,13,11,True,True,True,False
2728,5,training,17,16,True,True,True,False
2731,5,training,13,12,True,True,True,False
2741,5,training,11,10,True,True,True,False
2744,5,training,11,10,True,True,True,False
2745,5,training,13,12,True,True,True,False
2747,5,training,12,11,True,True,True,False
2751,5,training,19,17,False,False,True,True
2753,5,training,15,14,True,True,True,False
2754,5,training,15,14,True,True,True,False
2755,5,training,17,16,True,True,True,False
2756,5,training,17,16,True,True,True,False
2757,5,training,16,15,True,True,True,False
2758,5,training,13,12,True,True,True,False
2759,5,training,15,14,True,True,True,False
2760,5,training,18,17,True,True,True,False
2761,5,training,15,14,True,True,True,False
2762,5,training,13,12,True,True,True,False
2763,5,training,16,15,True,True,True,False
2764,5,training,15,14,True,True,True,False
2766,5,training,26,23,False,False,True,True
2767,5,training,16,15,True,True,True,False
2768,5,training,20,19,True,True,True,False
2769,5,training,20,19,True,True,True,False
2773,5,training,15,14,True,True,True,False
2775,5,training,17,16,True,True,True,False
2776,5,training,16,15,True,True,True,False
2777,5,training,24,23,True,True,True,False
2778,5,training,19,17,False,False,True,True
2781,5,training,19,18,True,True,True,False
2782,5,training,17,16,True,True,True,False
2783,5,training,15,14,True,True,True,False
2784,5,training,11,10,True,True,True,False
2785,5,training,15,14,False,False,True,True
2786,5,training,13,12,True,True,True,False
2787,5,training,11,10,True,True,True,False
2789,5,training,19,17,False,False,True,True
2790,5,training,22,20,False,False,True,True
2791,5,training,19,17,False,False,True,True
2792,5,training,19,18,False,False,True,True
2793,5,training,15,14,True,True,True,False
2794,5,training,21,19,False,False,True,True
2795,5,training,19,18,True,True,True,False
2796,5,training,12,11,True,True,True,False
2798,5,training,17,16,True,True,True,False
2800,5,training,30,28,False,False,True,True
2802,5,training,17,16,True,True,True,False
2804,5,training,17,13,True,True,True,False
2808,5,training,25,23,False,False,True,True
2810,5,training,24,22,False,False,True,True
2812,5,training,24,23,True,True,True,False
2815,5,training,15,12,False,False,True,True
2816,5,training,17,16,True,True,True,False
2817,5,training,16,15,True,True,True,False
2823,5,training,16,15,True,True,True,False
2825,5,training,13,11,True,True,True,False
2831,5,training,11,10,True,True,True,False
2834,5,training,16,15,True,True,True,False
2836,5,training,14,13,True,True,True,False
2842,5,training,17,11,False,False,True,True
2845,5,training,17,15,False,False,True,True
2855,5,training,11,10,True,True,True,False
2857,5,training,13,12,True,True,True,False
2859,5,training,13,12,True,True,True,False
2860,5,training,18,17,True,True,True,False
2861,5,training,16,15,True,True,True,False
2862,5,training,12,11,True,True,True,False
2863,5,training,19,18,True,True,True,False
2864,5,training,14,13,True,True,True,False
2865,5,training,19,18,True,True,True,False
2867,5,training,13,12,True,True,True,False
2868,5,training,11,10,True,True,True,False
2869,5,training,11,10,True,True,True,False
2870,5,training,17,16,True,True,True,False
2871,5,training,17,16,True,True,True,False
2872,5,training,22,21,True,True,True,False
2874,5,training,12,11,True,True,True,False
2875,5,training,18,17,True,True,True,False
2876,5,training,11,10,True,True,True,False
2877,5,training,17,16,True,True,True,False
2878,5,training,13,12,True,True,True,False
2879,5,training,15,14,True,True,True,False
2881,5,training,11,10,True,True,True,False
2882,5,training,11,10,True,True,True,False
2883,5,training,14,13,True,True,True,False
2884,5,training,13,10,False,False,True,True
2885,5,training,15,14,True,True,True,False
2889,5,training,12,11,True,True,True,False
2891,5,training,17,15,False,False,True,True
2892,5,training,13,12,True,True,True,False
2895,5,training,15,13,False,False,True,True
2896,5,training,13,12,True,True,True,False
2898,5,training,14,13,True,True,True,False
2899,5,training,16,15,True,True,True,False
2900,5,training,12,11,True,True,True,False
2901,5,training,15,14,True,True,True,False
2903,5,training,11,10,True,True,True,False
2905,5,training,14,13,True,True,True,False
2906,5,training,18,17,True,True,True,False
2908,5,training,12,10,False,False,True,True
2909,5,training,13,12,True,True,True,False
2910,5,training,11,10,True,True,True,False
2914,5,training,16,15,True,True,True,False
2919,5,training,16,14,False,False,True,True
2920,5,training,12,11,True,True,True,False
2924,5,training,13,12,True,True,True,False
2928,5,training,13,10,False,False,True,True
2936,5,training,13,12,True,True,True,False
2940,5,training,15,12,False,False,True,True
2944,5,training,16,15,False,False,True,True
2950,5,training,13,12,True,True,True,False
2952,5,training,14,13,True,True,True,False
2953,5,training,11,10,True,True,True,False
2955,5,training,14,13,True,True,True,False
2956,5,training,11,10,True,True,True,False
2957,5,training,13,12,True,True,True,False
2959,5,training,13,12,True,True,True,False
2960,5,training,13,12,True,True,True,False
2961,5,training,13,12,True,True,True,False
2962,5,training,18,17,True,True,True,False
2963,5,training,16,15,True,True,True,False
2964,5,training,21,20,True,True,True,False
2965,5,training,15,14,True,True,True,False
2966,5,training,16,15,True,True,True,False
2967,5,training,23,21,False,False,True,True
2968,5,training,11,10,True,True,True,False
2969,5,training,12,11,True,True,True,False
2970,5,training,12,11,True,True,True,False
2971,5,training,12,11,True,True,True,False
2972,5,training,24,22,False,False,True,True
2973,5,training,18,17,True,True,True,False
2975,5,training,19,18,True,True,True,False
2976,5,training,15,14,True,True,True,False
2977,5,training,12,11,True,True,True,False
2978,5,training,14,12,False,False,True,True
2979,5,training,21,20,True,True,True,False
2980,5,training,14,12,False,False,True,True
2981,5,training,19,16,False,False,True,True
2982,5,training,18,16,False,False,True,True
2984,5,training,15,14,True,True,True,False
2985,5,training,15,13,True,True,True,False
2986,5,training,18,17,True,True,True,False
2988,5,training,18,17,True,True,True,False
2990,5,training,13,12,True,True,True,False
2991,5,training,13,11,False,False,True,True
2992,5,training,20,19,True,True,True,False
2994,5,training,23,22,False,False,True,True
2996,5,training,16,15,True,True,True,False
2997,5,training,18,17,True,True,True,False
2998,5,training,20,19,True,True,True,False
2999,5,training,13,12,True,True,True,False
3000,5,training,19,17,False,False,True,True
3004,5,training,20,18,True,True,True,False
3005,5,training,12,11,True,True,True,False
3006,5,training,13,11,False,False,True,True
3008,5,training,11,10,True,True,True,False
3009,5,training,16,15,True,True,True,False
3012,5,training,11,10,True,True,True,False
3015,5,training,27,24,False,False,True,True
3017,5,training,13,10,False,False,True,True
3018,5,training,26,23,False,False,True,True
3025,5,training,17,15,True,True,True,False
3028,5,training,22,18,False,False,True,True
3030,5,training,14,12,True,True,True,False
3031,5,training,19,17,True,True,True,False
3039,5,training,14,11,False,False,True,True
3047,5,training,12,11,True,True,True,False
3050,5,training,12,11,True,True,True,False
3053,5,training,13,12,True,True,True,False
3054,5,training,11,10,True,True,True,False
3055,5,training,14,13,True,True,True,False
3057,5,training,18,17,True,True,True,False
3058,5,training,11,10,True,True,True,False
3059,5,training,14,13,True,True,True,False
3060,5,training,15,14,True,True,True,False
3061,5,training,13,12,True,True,True,False
3062,5,training,13,12,True,True,True,False
3063,5,training,15,14,True,True,True,False
3064,5,training,11,10,True,True,True,False
3065,5,training,12,11,True,True,True,False
3066,5,training,18,17,False,False,True,True
3067,5,training,20,18,False,False,True,True
3068,5,training,14,13,True,True,True,False
3069,5,training,12,11,True,True,True,False
3070,5,training,12,11,True,True,True,False
3072,5,training,25,24,True,True,True,False
3073,5,training,11,10,True,True,True,False
3074,5,training,14,13,True,True,True,False
3075,5,training,17,16,True,True,True,False
3077,5,training,15,14,True,True,True,False
3079,5,training,14,13,True,True,True,False
3080,5,training,18,17,True,True,True,False
3082,5,training,21,20,True,True,True,False
3083,5,training,13,12,True,True,True,False
3086,5,training,11,10,True,True,True,False
3087,5,training,14,13,True,True,True,False
3088,5,training,20,19,True,True,True,False
3089,5,training,14,13,True,True,True,False
3090,5,training,17,16,True,True,True,False
3091,5,training,14,12,False,False,True,True
3092,5,training,14,11,False,False,True,True
3094,5,training,17,16,False,False,True,True
3095,5,training,17,15,False,False,True,True
3096,5,training,13,12,True,True,True,False
3097,5,training,18,17,True,True,True,False
3099,5,training,12,11,True,True,True,False
3100,5,training,12,11,True,True,True,False
3101,5,training,17,15,False,False,True,True
3102,5,training,20,18,False,False,True,True
3104,5,training,17,15,False,False,True,True
3105,5,training,12,11,True,True,True,False
3107,5,training,20,19,True,True,True,False
3111,5,training,11,10,True,True,True,False
3117,5,training,13,12,True,True,True,False
3121,5,training,12,11,True,True,True,False
3133,5,training,13,11,False,False,True,True
3135,5,training,12,10,False,False,True,True
3136,5,training,11,10,True,True,True,False
3137,5,training,13,12,True,True,True,False
3139,5,training,19,16,False,False,True,True
3141,5,training,13,11,False,False,True,True
3143,5,training,11,10,True,True,True,False
3144,5,training,13,12,True,True,True,False
3149,5,training,16,14,False,False,True,True
3150,5,training,11,10,True,True,True,False
3151,5,training,11,10,True,True,True,False
3153,5,training,11,10,True,True,True,False
3155,5,training,15,14,True,True,True,False
3156,5,training,14,13,True,True,True,False
3159,6,training,11,10,True,True,True,False
3160,6,training,11,10,True,True,True,False
3161,6,training,16,15,True,True,True,False
3162,6,training,19,18,True,True,True,False
3164,6,training,14,13,True,True,True,False
3166,6,training,18,16,False,False,True,True
3167,6,training,16,15,True,True,True,False
3168,6,training,19,18,True,True,True,False
3169,6,training,20,19,True,True,True,False
3170,6,training,19,18,True,True,True,False
3172,6,training,24,23,True,True,True,False
3174,6,training,12,11,True,True,True,False
3176,6,training,12,11,True,True,True,False
3177,6,training,16,15,True,True,True,False
3178,6,training,15,14,True,True,True,False
3179,6,training,14,13,True,True,True,False
3181,6,training,11,10,True,True,True,False
3182,6,training,16,15,True,True,True,False
3183,6,training,12,11,True,True,True,False
3184,6,training,11,10,True,True,True,False
3185,6,training,17,16,True,True,True,False
3187,6,training,14,13,True,True,True,False
3188,6,training,14,13,True,True,True,False
3189,6,training,17,16,True,True,True,False
3190,6,training,14,13,False,False,True,True
3191,6,training,19,18,True,True,True,False
3192,6,training,15,14,True,True,True,False
3193,6,training,22,21,True,True,True,False
3194,6,training,13,11,False,False,True,True
3196,6,training,15,14,True,True,True,False
3199,6,training,18,16,False,False,True,True
3200,6,training,12,11,True,True,True,False
3201,6,training,23,22,True,True,True,False
3203,6,training,16,15,True,True,True,False
3204,6,training,12,11,True,True,True,False
3206,6,training,20,19,True,True,True,False
3207,6,training,15,13,False,False,True,True
3208,6,training,16,15,True,True,True,False
3209,6,training,14,13,True,True,True,False
3210,6,training,17,16,True,True,True,False
3211,6,training,13,10,False,False,True,True
3212,6,training,14,12,False,False,True,True
3213,6,training,13,12,True,True,True,False
3217,6,training,13,12,True,True,True,False
3218,6,training,21,20,True,True,True,False
3219,6,training,20,17,False,False,True,True
3222,6,training,13,12,True,True,True,False
3223,6,training,20,18,False,False,True,True
3224,6,training,21,19,False,False,True,True
3225,6,training,22,20,False,False,True,True
3226,6,training,16,14,False,False,True,True
3227,6,training,12,11,True,True,True,False
3229,6,training,18,17,True,True,True,False
3230,6,training,11,10,True,True,True,False
3234,6,training,12,11,True,True,True,False
3238,6,training,18,17,True,True,True,False
3241,6,training,16,15,True,True,True,False
3249,6,training,11,10,True,True,True,False
3253,6,training,12,10,False,False,True,True
3254,6,training,14,13,True,True,True,False
3261,6,training,11,10,True,True,True,False
3263,6,training,12,10,False,False,True,True
3266,6,training,17,15,False,False,True,True
3267,6,training,11,10,True,True,True,False
3268,6,training,13,12,True,True,True,False
3269,6,training,15,14,True,True,True,False
3271,6,training,14,13,True,True,True,False
3272,6,training,15,14,True,True,True,False
3273,6,training,12,11,True,True,True,False
3274,6,training,14,13,True,True,True,False
3275,6,training,15,14,True,True,True,False
3276,6,training,16,15,True,True,True,False
3277,6,training,13,12,True,True,True,False
3278,6,training,13,12,True,True,True,False
3280,6,training,13,12,True,True,True,False
3282,6,training,12,11,True,True,True,False
3283,6,training,18,17,True,True,True,False
3285,6,training,20,19,True,True,True,False
3286,6,training,16,15,True,True,True,False
3287,6,training,14,12,False,False,True,True
3288,6,training,16,15,True,True,True,False
3291,6,training,16,15,True,True,True,False
3292,6,training,17,16,True,True,True,False
3294,6,training,12,11,True,True,True,False
3295,6,training,12,11,True,True,True,False
3296,6,training,15,14,True,True,True,False
3297,6,training,13,12,True,True,True,False
3298,6,training,16,15,True,True,True,False
3299,6,training,18,17,True,True,True,False
3300,6,training,18,16,False,False,True,True
3302,6,training,20,19,True,True,True,False
3303,6,training,18,16,False,False,True,True
3304,6,training,13,11,False,False,True,True
3308,6,training,12,11,True,True,True,False
3310,6,training,22,20,False,False,True,True
3311,6,training,11,10,True,True,True,False
3312,6,training,12,11,True,True,True,False
3314,6,training,12,11,True,True,True,False
3315,6,training,16,15,True,True,True,False
3316,6,training,16,15,True,True,True,False
3317,6,training,14,13,True,True,True,False
3319,6,training,15,13,False,False,True,True
3320,6,training,16,14,False,False,True,True
3321,6,training,13,12,True,True,True,False
3322,6,training,21,20,True,True,True,False
3323,6,training,14,13,True,True,True,False
3324,6,training,15,14,True,True,True,False
3328,6,training,18,16,False,False,True,True
3329,6,training,15,13,True,True,True,False
3330,6,training,25,23,False,False,True,True
3332,6,training,15,14,True,True,True,False
3333,6,training,12,11,True,True,True,False
3334,6,training,15,14,True,True,True,False
3338,6,training,13,12,True,True,True,False
3344,6,training,15,14,True,True,True,False
3348,6,training,18,14,True,False,True,False
3349,6,training,12,10,False,False,True,True
3350,6,training,16,14,False,False,True,True
3377,6,training,11,10,True,True,True,False
3378,6,training,11,10,True,True,True,False
3383,6,training,11,10,True,True,True,False
3386,6,training,11,10,True,True,True,False
3387,6,training,19,18,True,True,True,False
3388,6,training,18,17,True,True,True,False
3390,6,training,17,15,False,False,True,True
3391,6,training,16,15,True,True,True,False
3392,6,training,12,11,True,True,True,False
3393,6,training,16,15,True,True,True,False
3394,6,training,13,12,True,True,True,False
3395,6,training,14,13,True,True,True,False
3396,6,training,11,10,True,True,True,False
3399,6,training,14,13,True,True,True,False
3403,6,training,21,20,True,True,True,False
3405,6,training,12,11,True,True,True,False
3406,6,training,14,12,False,False,True,True
3408,6,training,17,16,True,True,True,False
3409,6,training,19,16,False,False,True,True
3411,6,training,18,17,True,True,True,False
3412,6,training,15,14,True,True,True,False
3414,6,training,12,11,True,True,True,False
3415,6,training,12,11,True,True,True,False
3419,6,training,16,15,False,False,True,True
3421,6,training,13,12,True,True,True,False
3423,6,training,21,19,False,False,True,True
3425,6,training,11,10,True,True,True,False
3426,6,training,16,15,True,True,True,False
3428,6,training,13,12,True,True,True,False
3430,6,training,12,11,True,True,True,False
3432,6,training,14,13,True,True,True,False
3433,6,training,19,18,True,True,True,False
3435,6,training,16,15,True,True,True,False
3436,6,training,14,13,True,True,True,False
3438,6,training,14,13,True,True,True,False
3441,6,training,12,11,True,True,True,False
3442,6,training,17,15,False,False,True,True
3445,6,training,16,15,True,True,True,False
3447,6,training,12,11,True,True,True,False
3450,6,training,11,10,True,True,True,False
3452,6,training,15,14,True,True,True,False
3456,6,training,12,11,True,True,True,False
3457,6,training,14,13,True,True,True,False
3460,6,training,13,12,True,True,True,False
3461,6,training,13,11,False,False,True,True
3462,6,training,24,22,False,False,True,True
3464,6,training,14,12,False,False,True,True
3468,6,training,15,12,False,False,True,True
3469,6,training,12,11,True,True,True,False
3474,6,training,19,18,True,True,True,False
3476,6,training,14,12,True,True,True,False
3478,6,training,14,11,False,False,True,True
3482,6,training,15,14,True,True,True,False
3492,6,training,11,10,True,True,True,False
3493,6,training,15,14,True,True,True,False
3499,6,training,16,15,True,True,True,False
3500,6,training,13,12,True,True,True,False
3501,6,training,13,12,True,True,True,False
3502,6,training,14,12,False,False,True,True
3503,6,training,12,11,True,True,True,False
3504,6,training,22,21,True,True,True,False
3505,6,training,17,16,True,True,True,False
3506,6,training,17,15,False,False,True,True
3507,6,training,13,12,True,True,True,False
3508,6,training,12,11,True,True,True,False
3509,6,training,12,11,True,True,True,False
3510,6,training,15,14,True,True,True,False
3511,6,training,19,18,True,True,True,False
3513,6,training,17,16,True,True,True,False
3519,6,training,18,16,False,False,True,True
3520,6,training,17,16,True,True,True,False
3521,6,training,19,18,True,True,True,False
3523,6,training,14,13,True,True,True,False
3524,6,training,14,12,False,False,True,True
3525,6,training,15,14,True,True,True,False
3528,6,training,12,10,False,False,True,True
3529,6,training,14,13,True,True,True,False
3530,6,training,12,10,False,False,True,True
3531,6,training,16,15,True,True,True,False
3532,6,training,18,17,True,True,True,False
3534,6,training,11,10,True,True,True,False
3538,6,training,16,15,True,True,True,False
3539,6,training,13,12,True,True,True,False
3541,6,training,13,12,True,True,True,False
3545,6,training,13,12,True,True,True,False
3546,6,training,12,10,False,False,True,True
3547,6,training,24,23,True,True,True,False
3549,6,training,12,10,False,False,True,True
3550,6,training,22,21,True,True,True,False
3552,6,training,12,11,True,True,True,False
3553,6,training,17,16,True,True,True,False
3555,6,training,12,10,False,False,True,True
3556,6,training,19,17,False,False,True,True
3558,6,training,13,11,False,False,True,True
3559,6,training,14,13,True,True,True,False
3562,6,training,14,13,True,True,True,False
3564,6,training,18,16,False,False,True,True
3565,6,training,12,11,True,True,True,False
3568,6,training,15,14,True,True,True,False
3569,6,training,21,18,False,False,True,True
3570,6,training,17,16,True,True,True,False
3574,6,training,12,11,True,True,True,False
3575,6,training,19,18,True,True,True,False
3576,6,training,23,20,False,False,True,True
3581,6,training,14,13,True,True,True,False
3587,6,training,18,17,False,False,True,True
3590,6,training,14,12,True,True,True,False
3591,6,training,11,10,True,True,True,False
3594,6,training,13,12,True,True,True,False
3603,6,training,11,10,True,True,True,False
3604,6,training,14,13,True,True,True,False
3605,6,training,18,17,True,True,True,False
3616,6,training,12,11,True,True,True,False
3617,6,training,11,10,True,True,True,False
3623,6,training,13,12,True,True,True,False
3624,6,training,11,10,True,True,True,False
3625,6,training,20,19,True,True,True,False
3626,6,training,12,11,True,True,True,False
3627,6,training,18,17,True,True,True,False
3628,6,training,14,13,True,True,True,False
3629,6,training,17,16,True,True,True,False
3630,6,training,12,11,True,True,True,False
3631,6,training,11,10,True,True,True,False
3632,6,training,19,18,True,True,True,False
3633,6,training,13,12,True,True,True,False
3634,6,training,11,10,True,True,True,False
3636,6,training,14,13,True,True,True,False
3637,6,training,13,12,True,True,True,False
3640,6,training,12,11,True,True,True,False
3642,6,training,15,14,True,True,True,False
3643,6,training,11,10,True,True,True,False
3644,6,training,19,18,True,True,True,False
3645,6,training,15,13,False,False,True,True
3646,6,training,12,11,True,True,True,False
3648,6,training,18,15,False,False,True,True
3649,6,training,17,16,True,True,True,False
3650,6,training,15,13,False,False,True,True
3652,6,training,22,20,False,False,True,True
3653,6,training,13,12,True,True,True,False
3654,6,training,11,10,True,True,True,False
3655,6,training,18,17,True,True,True,False
3658,6,training,15,14,True,True,True,False
3659,6,training,15,14,True,True,True,False
3663,6,training,16,15,True,True,True,False
3664,6,training,20,19,True,True,True,False
3665,6,training,16,14,False,False,True,True
3668,6,training,12,11,True,True,True,False
3670,6,training,18,16,False,False,True,True
3672,6,training,16,15,False,False,True,True
3673,6,training,15,14,True,True,True,False
3674,6,training,11,10,True,True,True,False
3675,6,training,15,13,True,True,True,False
3677,6,training,15,12,False,False,True,True
3678,6,training,16,14,False,False,True,True
3680,6,training,19,17,False,False,True,True
3681,6,training,18,17,True,True,True,False
3682,6,training,15,14,True,True,True,False
3686,6,training,18,17,True,True,True,False
3688,6,training,12,11,True,True,True,False
3690,6,training,12,11,True,True,True,False
3692,6,training,12,10,True,True,True,False
3693,6,training,12,11,True,True,True,False
3695,6,training,11,10,True,True,True,False
3697,6,training,14,12,False,False,True,True
3698,6,training,12,11,True,True,True,False
3699,6,training,11,10,True,True,True,False
3705,6,training,16,13,False,False,True,True
3709,6,training,13,11,False,False,True,True
3712,6,training,12,10,False,False,True,True
3718,6,training,13,12,True,True,True,False
3719,6,training,13,11,False,False,True,True
3720,6,training,13,12,True,True,True,False
3721,6,training,14,12,False,False,True,True
3723,6,training,12,11,True,True,True,False
3729,6,training,13,12,True,True,True,False
3730,6,training,14,13,True,True,True,False
3733,6,training,14,13,True,True,True,False
3734,7,training,14,13,True,True,True,False
3735,7,training,11,10,True,True,True,False
3737,7,training,14,13,True,True,True,False
3738,7,training,20,19,True,True,True,False
3739,7,training,20,19,True,True,True,False
3740,7,training,15,13,False,False,True,True
3741,7,training,15,14,True,True,True,False
3742,7,training,17,16,True,True,True,False
3743,7,training,14,13,True,True,True,False
3744,7,training,20,19,True,True,True,False
3745,7,training,17,16,True,True,True,False
3746,7,training,16,15,True,True,True,False
3747,7,training,19,18,True,True,True,False
3748,7,training,17,15,False,False,True,True
3749,7,training,12,11,True,True,True,False
3750,7,training,18,17,True,True,True,False
3751,7,training,26,25,True,True,True,False
3752,7,training,16,15,True,True,True,False
3753,7,training,15,14,True,True,True,False
3754,7,training,14,13,True,True,True,False
3755,7,training,13,12,True,True,True,False
3757,7,training,18,17,True,True,True,False
3758,7,training,15,13,False,False,True,True
3759,7,training,19,18,True,True,True,False
3760,7,training,15,13,False,False,True,True
3762,7,training,18,17,True,True,True,False
3763,7,training,11,10,True,True,True,False
3765,7,training,14,12,False,False,True,True
3766,7,training,16,15,True,True,True,False
3767,7,training,16,15,True,True,True,False
3768,7,training,19,18,True,True,True,False
3769,7,training,15,13,False,False,True,True
3770,7,training,15,14,True,True,True,False
3771,7,training,13,12,True,True,True,False
3774,7,training,11,10,True,True,True,False
3777,7,training,18,17,True,True,True,False
3778,7,training,13,12,True,True,True,False
3779,7,training,13,12,True,True,True,False
3780,7,training,24,23,True,True,True,False
3781,7,training,18,17,True,True,True,False
3783,7,training,21,20,True,True,True,False
3785,7,training,14,13,True,True,True,False
3787,7,training,18,17,True,True,True,False
3788,7,training,14,13,True,True,True,False
3789,7,training,16,15,True,True,True,False
3790,7,training,16,13,False,False,True,True
3791,7,training,14,13,True,True,True,False
3793,7,training,15,14,True,True,True,False
3795,7,training,18,17,True,True,True,False
3796,7,training,14,12,True,True,True,False
3797,7,training,11,10,True,True,True,False
3798,7,training,17,15,False,False,True,True
3799,7,training,11,10,True,True,True,False
3800,7,training,21,20,True,True,True,False
3802,7,training,21,19,False,False,True,True
3803,7,training,15,14,True,True,True,False
3805,7,training,22,20,False,False,True,True
3806,7,training,20,19,True,True,True,False
3812,7,training,14,13,True,True,True,False
3815,7,training,12,11,True,True,True,False
3817,7,training,18,16,False,False,True,True
3823,7,training,16,10,False,False,True,True
3825,7,training,11,10,True,True,True,False
3829,7,training,16,15,True,True,True,False
3835,7,training,18,17,True,True,True,False
3840,7,training,14,12,True,True,True,False
3845,7,training,15,14,True,True,True,False
3852,7,training,12,11,True,True,True,False
3854,7,training,12,11,True,True,True,False
3855,7,training,13,11,False,False,True,True
3856,7,training,18,17,True,True,True,False
3857,7,training,15,14,True,True,True,False
3858,7,training,13,12,True,True,True,False
3860,7,training,15,14,True,True,True,False
3861,7,training,11,10,True,True,True,False
3862,7,training,19,18,True,True,True,False
3863,7,training,17,16,True,True,True,False
3864,7,training,18,17,True,True,True,False
3865,7,training,16,15,True,True,True,False
3866,7,training,12,11,True,True,True,False
3867,7,training,15,14,True,True,True,False
3868,7,training,20,19,True,True,True,False
3869,7,training,16,15,True,True,True,False
3870,7,training,17,16,True,True,True,False
3871,7,training,23,20,False,False,True,True
3872,7,training,16,15,True,True,True,False
3875,7,training,16,15,True,True,True,False
3876,7,training,13,12,True,True,True,False
3877,7,training,11,10,True,True,True,False
3878,7,training,20,19,True,True,True,False
3879,7,training,15,13,False,False,True,True
3880,7,training,14,13,True,True,True,False
3881,7,training,17,14,False,False,True,True
3882,7,training,18,16,False,False,True,True
3884,7,training,15,14,True,True,True,False
3886,7,training,16,15,True,True,True,False
3890,7,training,18,17,True,True,True,False
3892,7,training,17,16,True,True,True,False
3893,7,training,16,14,False,False,True,True
3894,7,training,16,15,True,True,True,False
3896,7,training,14,11,False,False,True,True
3900,7,training,14,12,False,False,True,True
3902,7,training,12,11,True,True,True,False
3904,7,training,20,16,False,False,True,True
3905,7,training,13,12,True,True,True,False
3906,7,training,13,12,True,True,True,False
3908,7,training,13,12,True,True,True,False
3909,7,training,11,10,True,True,True,False
3911,7,training,13,11,False,False,True,True
3912,7,training,16,14,False,False,True,True
3913,7,training,26,24,False,False,True,True
3916,7,training,16,14,False,False,True,True
3922,7,training,17,15,True,True,True,False
3923,7,training,13,12,True,True,True,False
3925,7,training,17,16,True,True,True,False
3927,7,training,11,10,True,True,True,False
3928,7,training,14,13,True,True,True,False
3929,7,training,12,10,True,True,True,False
3936,7,training,12,11,True,True,True,False
3942,7,training,11,10,True,True,True,False
3945,7,training,17,16,True,True,True,False
3961,7,training,13,12,True,True,True,False
3970,7,training,12,11,True,True,True,False
3971,7,training,11,10,True,True,True,False
3972,7,training,11,10,True,True,True,False
3973,7,training,19,18,True,True,True,False
3974,7,training,18,17,True,True,True,False
3975,7,training,17,16,True,True,True,False
3976,7,training,16,15,True,True,True,False
3977,7,training,22,21,False,False,True,True
3978,7,training,11,10,True,True,True,False
3979,7,training,18,17,True,True,True,False
3980,7,training,15,14,True,True,True,False
3981,7,training,15,14,True,True,True,False
3982,7,training,14,12,False,False,True,True
3983,7,training,14,13,True,True,True,False
3985,7,training,14,13,True,True,True,False
3989,7,training,12,11,True,True,True,False
3991,7,training,13,12,True,True,True,False
3992,7,training,24,23,True,True,True,False
3994,7,training,13,12,True,True,True,False
3995,7,training,11,10,True,True,True,False
3996,7,training,17,15,False,False,True,True
3999,7,training,17,16,True,True,True,False
4000,7,training,12,11,True,True,True,False
4001,7,training,11,10,True,True,True,False
4004,7,training,16,15,True,True,True,False
4006,7,training,18,17,True,True,True,False
4007,7,training,12,11,True,True,True,False
4010,7,training,13,12,True,True,True,False
4012,7,training,15,13,False,False,True,True
4013,7,training,16,14,False,False,True,True
4014,7,training,14,13,True,True,True,False
4015,7,training,12,11,True,True,True,False
4016,7,training,15,13,True,True,True,False
4019,7,training,14,13,True,True,True,False
4020,7,training,14,13,True,True,True,False
4021,7,training,21,18,False,False,True,True
4022,7,training,12,10,True,True,True,False
4023,7,training,14,13,True,True,True,False
4024,7,training,18,17,True,True,True,False
4026,7,training,18,17,True,True,True,False
4027,7,training,12,11,True,True,True,False
4028,7,training,23,20,False,False,True,True
4029,7,training,12,11,True,True,True,False
4033,7,training,20,19,True,True,True,False
4045,7,training,18,17,True,True,True,False
4048,7,training,13,11,False,False,True,True
4051,7,training,11,10,True,True,True,False
4055,7,training,11,10,True,True,True,False
4062,7,training,15,10,False,False,True,True
4065,7,training,17,11,False,False,True,True
4066,7,training,15,14,True,True,True,False
4069,7,training,12,11,True,True,True,False
4074,7,training,14,13,True,True,True,False
4077,7,training,14,13,True,True,True,False
4078,7,training,13,12,True,True,True,False
4079,7,training,17,16,True,True,True,False
4080,7,training,18,17,True,True,True,False
4081,7,training,12,11,True,True,True,False
4082,7,training,25,24,True,True,True,False
4083,7,training,14,13,True,True,True,False
4084,7,training,17,16,True,True,True,False
4085,7,training,16,14,False,False,True,True
4086,7,training,13,11,False,False,True,True
4087,7,training,11,10,True,True,True,False
4088,7,training,11,10,True,True,True,False
4089,7,training,18,16,False,False,True,True
4090,7,training,14,13,True,True,True,False
4091,7,training,13,12,True,True,True,False
4092,7,training,19,18,True,True,True,False
4093,7,training,15,14,True,True,True,False
4094,7,training,11,10,True,True,True,False
4096,7,training,16,15,True,True,True,False
4098,7,training,17,16,True,True,True,False
4100,7,training,17,15,False,False,True,True
4102,7,training,16,14,False,False,True,True
4103,7,training,17,16,True,True,True,False
4104,7,training,15,13,False,False,True,True
4105,7,training,14,13,True,True,True,False
4107,7,training,15,14,True,True,True,False
4109,7,training,20,19,True,True,True,False
4111,7,training,11,10,True,True,True,False
4112,7,training,17,16,True,True,True,False
4113,7,training,13,12,True,True,True,False
4115,7,training,14,13,True,True,True,False
4116,7,training,15,13,False,False,True,True
4118,7,training,20,18,True,True,True,False
4119,7,training,13,11,False,False,True,True
4120,7,training,12,10,False,False,True,True
4122,7,training,20,19,True,True,True,False
4123,7,training,13,11,False,False,True,True
4124,7,training,12,11,True,True,True,False
4127,7,training,22,19,False,False,True,True
4128,7,training,21,19,False,False,True,True
4131,7,training,12,11,True,True,True,False
4132,7,training,15,14,True,True,True,False
4135,7,training,18,17,True,True,True,False
4139,7,training,14,12,False,False,True,True
4143,7,training,19,18,True,True,True,False
4144,7,training,15,13,False,False,True,True
4146,7,training,16,15,True,True,True,False
4147,7,training,18,17,True,True,True,False
4150,7,training,12,11,True,True,True,False
4152,7,training,15,14,True,True,True,False
4154,7,training,18,16,False,False,True,True
4158,7,training,13,11,False,False,True,True
4160,7,training,14,10,False,False,True,True
4164,7,training,16,14,False,False,True,True
4168,7,training,13,12,True,True,True,False
4172,7,training,17,16,True,True,True,False
4186,7,training,12,11,True,True,True,False
4191,7,training,11,10,True,True,True,False
4192,7,training,11,10,True,True,True,False
4194,7,training,12,11,True,True,True,False
4195,7,training,14,13,True,True,True,False
4196,7,training,15,13,False,False,True,True
4197,7,training,12,10,False,False,True,True
4199,7,training,17,16,True,True,True,False
4200,7,training,12,11,True,True,True,False
4201,7,training,18,17,True,True,True,False
4202,7,training,16,15,True,True,True,False
4203,7,training,17,16,True,True,True,False
4204,7,training,18,17,True,True,True,False
4205,7,training,15,14,True,True,True,False
4206,7,training,17,16,True,True,True,False
4207,7,training,17,16,True,True,True,False
4208,7,training,14,13,True,True,True,False
4210,7,training,20,19,True,True,True,False
4211,7,training,14,13,True,True,True,False
4212,7,training,19,16,False,False,True,True
4213,7,training,15,14,True,True,True,False
4214,7,training,11,10,True,True,True,False
4215,7,training,15,13,False,False,True,True
4216,7,training,16,15,True,True,True,False
4217,7,training,12,11,True,True,True,False
4218,7,training,11,10,True,True,True,False
4219,7,training,16,15,True,True,True,False
4223,7,training,20,19,True,True,True,False
4224,7,training,11,10,True,True,True,False
4228,7,training,16,15,True,True,True,False
4229,7,training,15,13,False,False,True,True
4230,7,training,14,13,True,True,True,False
4232,7,training,16,15,True,True,True,False
4235,7,training,17,16,True,True,True,False
4238,7,training,17,15,False,False,True,True
4239,7,training,14,13,True,True,True,False
4241,7,training,11,10,True,True,True,False
4244,7,training,11,10,True,True,True,False
4246,7,training,13,12,True,True,True,False
4249,7,training,13,11,False,False,True,True
4250,7,training,16,15,True,True,True,False
4251,7,training,19,17,False,False,True,True
4254,7,training,11,10,True,True,True,False
4256,7,training,14,10,False,False,True,True
4258,7,training,13,12,True,True,True,False
4260,7,training,12,11,True,True,True,False
4261,7,training,13,11,False,False,True,True
4263,7,training,11,10,True,True,True,False
4267,7,training,15,12,False,False,True,True
4270,7,training,12,10,False,False,True,True
4273,7,training,11,10,True,True,True,False
4275,7,training,13,10,False,False,True,True
4278,7,training,11,10,True,True,True,False
4286,7,training,16,14,False,False,True,True
4291,7,training,17,15,False,False,True,True
4293,7,training,13,11,False,False,True,True
4298,7,training,11,10,True,True,True,False
4299,7,training,11,10,True,True,True,False
4300,7,training,16,15,True,True,True,False
4301,7,training,14,13,True,True,True,False
4304,8,training,11,10,True,True,True,False
4305,8,training,20,18,False,False,True,True
4306,8,training,18,17,True,True,True,False
4307,8,training,14,13,True,True,True,False
4308,8,training,14,13,True,True,True,False
4309,8,training,19,18,True,True,True,False
4310,8,training,19,18,False,False,True,True
4311,8,training,16,15,True,True,True,False
4312,8,training,12,11,True,True,True,False
4313,8,training,16,15,True,True,True,False
4314,8,training,16,14,False,False,True,True
4315,8,training,17,16,True,True,True,False
4316,8,training,15,14,True,True,True,False
4317,8,training,18,17,True,True,True,False
4318,8,training,17,16,True,True,True,False
4319,8,training,15,14,True,True,True,False
4320,8,training,14,13,True,True,True,False
4321,8,training,14,13,True,True,True,False
4322,8,training,14,13,True,True,True,False
4323,8,training,12,11,True,True,True,False
4324,8,training,19,18,True,True,True,False
4325,8,training,12,11,True,True,True,False
4327,8,training,11,10,True,True,True,False
4328,8,training,24,23,True,True,True,False
4329,8,training,19,18,True,True,True,False
4331,8,training,21,20,True,True,True,False
4332,8,training,15,14,True,True,True,False
4333,8,training,14,11,False,False,True,True
4334,8,training,14,12,False,False,True,True
4335,8,training,17,16,True,True,True,False
4337,8,training,22,21,True,True,True,False
4338,8,training,15,14,True,True,True,False
4339,8,training,21,20,True,True,True,False
4341,8,training,15,14,True,True,True,False
4342,8,training,16,15,True,True,True,False
4343,8,training,19,17,False,False,True,True
4349,8,training,17,16,True,True,True,False
4351,8,training,12,11,True,True,True,False
4352,8,training,22,21,True,True,True,False
4354,8,training,15,13,False,False,True,True
4355,8,training,18,17,True,True,True,False
4356,8,training,19,17,False,False,True,True
4357,8,training,17,16,True,True,True,False
4358,8,training,18,17,True,True,True,False
4359,8,training,20,19,True,True,True,False
4360,8,training,13,12,True,True,True,False
4362,8,training,13,12,True,True,True,False
4363,8,training,17,16,True,True,True,False
4364,8,training,18,16,False,False,True,True
4365,8,training,14,13,True,True,True,False
4367,8,training,12,11,True,True,True,False
4368,8,training,15,14,True,True,True,False
4370,8,training,12,11,True,True,True,False
4371,8,training,22,18,False,False,True,True
4372,8,training,17,16,True,True,True,False
4373,8,training,18,17,True,True,True,False
4374,8,training,20,18,False,False,True,True
4375,8,training,12,11,True,True,True,False
4376,8,training,11,10,True,True,True,False
4378,8,training,11,10,True,True,True,False
4391,8,training,12,11,True,True,True,False
4402,8,training,15,14,True,True,True,False
4408,8,training,14,13,True,True,True,False
4411,8,training,11,10,True,True,True,False
4415,8,training,12,11,True,True,True,False
4416,8,training,18,17,True,True,True,False
4417,8,training,13,12,True,True,True,False
4418,8,training,16,15,True,True,True,False
4420,8,training,19,18,True,True,True,False
4421,8,training,16,15,True,True,True,False
4422,8,training,16,15,True,True,True,False
4423,8,training,14,13,True,True,True,False
4424,8,training,18,17,True,True,True,False
4425,8,training,12,11,True,True,True,False
4426,8,training,16,15,True,True,True,False
4427,8,training,12,11,True,True,True,False
4428,8,training,14,13,True,True,True,False
4429,8,training,18,17,True,True,True,False
4430,8,training,20,19,True,True,True,False
4432,8,training,15,14,True,True,True,False
4433,8,training,18,17,True,True,True,False
4435,8,training,21,20,True,True,True,False
4436,8,training,14,13,True,True,True,False
4437,8,training,11,10,False,False,True,True
4438,8,training,16,15,True,True,True,False
4440,8,training,15,14,True,True,True,False
4441,8,training,11,10,True,True,True,False
4443,8,training,17,16,True,True,True,False
4444,8,training,12,10,False,False,True,True
4445,8,training,15,14,True,True,True,False
4448,8,training,17,16,True,True,True,False
4449,8,training,19,18,True,True,True,False
4450,8,training,17,16,True,True,True,False
4451,8,training,14,13,True,True,True,False
4452,8,training,14,12,False,False,True,True
4453,8,training,21,20,True,True,True,False
4455,8,training,16,15,True,True,True,False
4457,8,training,18,17,True,True,True,False
4458,8,training,24,23,True,True,True,False
4459,8,training,13,11,False,False,True,True
4463,8,training,17,16,False,False,True,True
4464,8,training,17,16,True,True,True,False
4465,8,training,21,19,False,False,True,True
4467,8,training,16,14,False,False,True,True
4468,8,training,17,15,False,False,True,True
4469,8,training,11,10,False,False,True,True
4470,8,training,11,10,False,False,True,True
4471,8,training,13,12,True,True,True,False
4472,8,training,15,14,True,True,True,False
4474,8,training,26,25,True,True,True,False
4478,8,training,16,15,True,True,True,False
4486,8,training,12,10,False,False,True,True
4487,8,training,20,17,False,False,True,True
4491,8,training,12,11,True,True,True,False
4504,8,training,13,12,True,True,True,False
4505,8,training,17,15,False,False,True,True
4507,8,training,18,17,True,True,True,False
4512,8,training,13,11,False,False,True,True
4513,8,training,11,10,True,True,True,False
4517,8,training,11,10,True,True,True,False
4523,8,training,17,16,True,True,True,False
4524,8,training,20,18,False,False,True,True
4525,8,training,15,14,True,True,True,False
4526,8,training,13,12,True,True,True,False
4527,8,training,19,18,True,True,True,False
4528,8,training,22,20,False,False,True,True
4529,8,training,15,14,True,True,True,False
4530,8,training,20,19,True,True,True,False
4531,8,training,17,16,True,True,True,False
4532,8,training,13,11,False,False,True,True
4533,8,training,11,10,True,True,True,False
4534,8,training,16,14,True,True,True,False
4536,8,training,13,12,True,True,True,False
4537,8,training,25,24,True,True,True,False
4538,8,training,12,11,False,False,True,True
4539,8,training,11,10,True,True,True,False
4540,8,training,12,11,True,True,True,False
4543,8,training,14,13,True,True,True,False
4544,8,training,15,14,True,True,True,False
4545,8,training,14,12,True,True,True,False
4546,8,training,17,15,False,False,True,True
4548,8,training,14,13,True,True,True,False
4549,8,training,16,14,False,False,True,True
4551,8,training,17,16,True,True,True,False
4552,8,training,22,20,False,False,True,True
4554,8,training,11,10,True,True,True,False
4555,8,training,12,11,True,True,True,False
4556,8,training,12,11,True,True,True,False
4557,8,training,11,10,True,True,True,False
4558,8,training,16,15,True,True,True,False
4562,8,training,14,13,True,True,True,False
4563,8,training,21,18,False,False,True,True
4564,8,training,19,18,True,True,True,False
4567,8,training,18,16,False,False,True,True
4569,8,training,15,14,False,False,True,True
4570,8,training,13,12,True,True,True,False
4572,8,training,13,12,True,True,True,False
4574,8,training,20,18,False,False,True,True
4575,8,training,14,13,True,True,True,False
4576,8,training,19,18,True,True,True,False
4577,8,training,16,14,True,True,True,False
4579,8,training,18,13,False,False,True,True
4580,8,training,22,19,False,False,True,True
4582,8,training,15,14,True,True,True,False
4584,8,training,12,11,True,True,True,False
4585,8,training,22,21,True,True,True,False
4588,8,training,16,13,False,False,True,True
4590,8,training,13,12,True,True,True,False
4592,8,training,17,15,False,False,True,True
4593,8,training,13,10,False,False,True,True
4597,8,training,15,13,True,True,True,False
4601,8,training,14,13,True,True,True,False
4605,8,training,20,19,True,True,True,False
4610,8,training,15,13,False,False,True,True
4631,8,training,14,13,True,True,True,False
4636,8,training,14,13,True,True,True,False
4639,8,training,15,14,True,True,True,False
4640,8,training,20,19,True,True,True,False
4641,8,training,18,17,True,True,True,False
4642,8,training,17,16,True,True,True,False
4643,8,training,15,14,True,True,True,False
4644,8,training,12,11,True,True,True,False
4645,8,training,17,16,True,True,True,False
4646,8,training,25,24,True,True,True,False
4647,8,training,13,12,True,True,True,False
4648,8,training,15,14,True,True,True,False
4649,8,training,11,10,True,True,True,False
4650,8,training,15,14,True,True,True,False
4651,8,training,18,17,True,True,True,False
4653,8,training,19,18,True,True,True,False
4654,8,training,15,14,True,True,True,False
4655,8,training,18,16,False,False,True,True
4656,8,training,17,16,True,True,True,False
4659,8,training,15,13,False,False,True,True
4661,8,training,14,13,True,True,True,False
4662,8,training,15,14,True,True,True,False
4663,8,training,15,14,True,True,True,False
4664,8,training,11,10,True,True,True,False
4665,8,training,12,11,True,True,True,False
4666,8,training,17,14,False,False,True,True
4669,8,training,15,14,True,True,True,False
4670,8,training,12,11,True,True,True,False
4674,8,training,13,12,True,True,True,False
4677,8,training,16,15,True,True,True,False
4678,8,training,11,10,True,True,True,False
4679,8,training,17,16,True,True,True,False
4681,8,training,13,12,True,True,True,False
4682,8,training,22,21,True,True,True,False
4683,8,training,16,15,True,True,True,False
4686,8,training,12,11,True,True,True,False
4687,8,training,19,18,True,True,True,False
4690,8,training,21,19,False,False,True,True
4691,8,training,18,16,False,False,True,True
4692,8,training,15,14,True,True,True,False
4694,8,training,20,19,True,True,True,False
4695,8,training,12,10,False,False,True,True
4696,8,training,22,21,True,True,True,False
4699,8,training,15,14,True,True,True,False
4700,8,training,19,17,True,True,True,False
4702,8,training,20,17,False,False,True,True
4703,8,training,18,17,True,True,True,False
4704,8,training,12,10,False,False,True,True
4705,8,training,21,20,True,True,True,False
4706,8,training,13,12,True,True,True,False
4710,8,training,14,13,True,True,True,False
4713,8,training,16,14,False,False,True,True
4716,8,training,15,13,True,True,True,False
4718,8,training,12,11,True,True,True,False
4719,8,training,12,11,True,True,True,False
4723,8,training,13,12,True,True,True,False
4729,8,training,14,13,True,True,True,False
4733,8,training,14,12,False,False,True,True
4745,8,training,11,10,True,True,True,False
4746,8,training,11,10,True,True,True,False
4749,8,training,15,14,True,True,True,False
4754,8,training,15,14,True,True,True,False
4757,8,training,11,10,True,True,True,False
4758,8,training,16,15,True,True,True,False
4759,8,training,14,13,True,True,True,False
4760,8,training,14,13,True,True,True,False
4761,8,training,15,14,True,True,True,False
4762,8,training,12,11,True,True,True,False
4763,8,training,19,18,True,True,True,False
4764,8,training,15,14,True,True,True,False
4765,8,training,11,10,True,True,True,False
4766,8,training,17,16,True,True,True,False
4767,8,training,15,14,True,True,True,False
4768,8,training,19,18,True,True,True,False
4769,8,training,13,12,True,True,True,False
4770,8,training,12,11,True,True,True,False
4771,8,training,12,11,True,True,True,False
4774,8,training,15,14,True,True,True,False
4776,8,training,17,16,True,True,True,False
4777,8,training,17,16,False,False,True,True
4779,8,training,12,11,True,True,True,False
4780,8,training,17,16,False,False,True,True
4781,8,training,18,16,False,False,True,True
4782,8,training,19,18,True,True,True,False
4783,8,training,19,18,True,True,True,False
4787,8,training,15,13,True,True,True,False
4788,8,training,27,26,True,True,True,False
4789,8,training,11,10,True,True,True,False
4791,8,training,12,11,True,True,True,False
4792,8,training,12,10,False,False,True,True
4794,8,training,14,10,False,False,True,True
4795,8,training,19,18,True,True,True,False
4796,8,training,18,17,True,True,True,False
4797,8,training,18,17,True,True,True,False
4798,8,training,12,11,True,True,True,False
4799,8,training,12,11,True,True,True,False
4800,8,training,13,12,True,True,True,False
4801,8,training,16,15,True,True,True,False
4802,8,training,11,10,True,True,True,False
4803,8,training,20,17,False,False,True,True
4804,8,training,14,13,True,True,True,False
4805,8,training,16,15,True,True,True,False
4808,8,training,15,13,True,True,True,False
4809,8,training,11,10,True,True,True,False
4810,8,training,17,15,False,False,True,True
4813,8,training,18,16,False,False,True,True
4817,8,training,11,10,True,True,True,False
4819,8,training,17,16,True,True,True,False
4823,8,training,14,12,True,True,True,False
4827,8,training,13,12,True,True,True,False
4828,8,training,20,18,True,True,True,False
4829,8,training,15,14,True,True,True,False
4830,8,training,21,20,True,True,True,False
4832,8,training,15,14,True,True,True,False
4836,8,training,11,10,True,True,True,False
4850,8,training,11,10,True,True,True,False
4852,8,training,11,10,True,True,True,False
4859,8,training,13,12,True,True,True,False
4860,8,training,16,14,False,False,True,True
4862,8,training,12,11,True,True,True,False
4863,8,training,12,11,True,True,True,False
4866,8,training,11,10,True,True,True,False
4867,8,training,15,14,True,True,True,False
4868,8,training,14,13,True,True,True,False
4871,9,training,13,12,True,True,True,False
4872,9,training,15,14,True,True,True,False
4874,9,training,20,19,True,True,True,False
4875,9,training,18,17,True,True,True,False
4876,9,training,16,15,True,True,True,False
4877,9,training,18,17,True,True,True,False
4878,9,training,18,17,True,True,True,False
4879,9,training,14,12,False,False,True,True
4880,9,training,18,17,True,True,True,False
4881,9,training,20,19,True,True,True,False
4884,9,training,22,21,True,True,True,False
4885,9,training,18,17,True,True,True,False
4886,9,training,19,18,True,True,True,False
4887,9,training,16,13,False,False,True,True
4888,9,training,24,23,True,True,True,False
4890,9,training,15,14,True,True,True,False
4891,9,training,17,16,True,True,True,False
4893,9,training,21,19,False,False,True,True
4894,9,training,11,10,True,True,True,False
4896,9,training,14,13,True,True,True,False
4898,9,training,21,20,True,True,True,False
4899,9,training,17,15,True,True,True,False
4900,9,training,22,21,True,True,True,False
4901,9,training,12,11,True,True,True,False
4902,9,training,12,10,False,False,True,True
4903,9,training,18,17,True,True,True,False
4904,9,training,13,11,False,False,True,True
4905,9,training,20,19,True,True,True,False
4906,9,training,18,16,False,False,True,True
4907,9,training,21,19,False,False,True,True
4908,9,training,16,14,False,False,True,True
4909,9,training,15,13,False,False,True,True
4910,9,training,16,15,True,True,True,False
4912,9,training,16,14,False,False,True,True
4913,9,training,17,16,True,True,True,False
4915,9,training,14,13,True,True,True,False
4916,9,training,18,17,True,True,True,False
4921,9,training,15,14,True,True,True,False
4922,9,training,12,11,True,True,True,False
4923,9,training,23,21,False,False,True,True
4925,9,training,15,14,True,True,True,False
4928,9,training,15,14,True,True,True,False
4929,9,training,24,23,True,True,True,False
4932,9,training,16,13,False,False,True,True
4933,9,training,12,10,False,False,True,True
4937,9,training,11,10,True,True,True,False
4940,9,training,14,13,True,True,True,False
4941,9,training,15,13,False,False,True,True
4948,9,training,20,17,False,False,True,True
4960,9,training,16,15,True,True,True,False
4961,9,training,15,14,True,True,True,False
4965,9,training,14,13,True,True,True,False
4970,9,training,23,22,True,True,True,False
4971,9,training,19,18,True,True,True,False
4972,9,training,16,15,True,True,True,False
4973,9,training,20,19,True,True,True,False
4975,9,training,16,15,True,True,True,False
4976,9,training,18,17,True,True,True,False
4977,9,training,16,14,False,False,True,True
4978,9,training,14,13,True,True,True,False
4979,9,training,19,18,True,True,True,False
4980,9,training,16,14,False,False,True,True
4983,9,training,17,16,True,True,True,False
4984,9,training,16,14,False,False,True,True
4985,9,training,19,18,True,True,True,False
4987,9,training,14,13,True,True,True,False
4988,9,training,15,14,True,True,True,False
4989,9,training,20,19,True,True,True,False
4990,9,training,13,12,True,True,True,False
4991,9,training,16,15,True,True,True,False
4993,9,training,11,10,True,True,True,False
4994,9,training,19,18,True,True,True,False
4995,9,training,16,15,True,True,True,False
4997,9,training,16,15,True,True,True,False
4999,9,training,20,19,True,True,True,False
5000,9,training,13,12,True,True,True,False
5001,9,training,16,14,False,False,True,True
5002,9,training,21,20,False,False,True,True
5005,9,training,17,16,True,True,True,False
5006,9,training,16,15,True,True,True,False
5007,9,training,16,15,True,True,True,False
5009,9,training,17,15,False,False,True,True
5010,9,training,15,14,True,True,True,False
5013,9,training,23,22,True,True,True,False
5015,9,training,13,12,True,True,True,False
5016,9,training,14,13,True,True,True,False
5017,9,training,16,14,False,False,True,True
5018,9,training,12,11,True,True,True,False
5020,9,training,18,17,True,True,True,False
5021,9,training,11,10,True,True,True,False
5023,9,training,18,17,True,True,True,False
5026,9,training,26,22,False,False,True,True
5027,9,training,11,10,True,True,True,False
5029,9,training,18,17,True,True,True,False
5036,9,training,14,13,True,True,True,False
5037,9,training,13,11,False,False,True,True
5040,9,training,12,10,False,False,True,True
5045,9,training,11,10,True,True,True,False
5049,9,training,15,13,True,True,True,False
5052,9,training,19,18,True,True,True,False
5053,9,training,11,10,True,True,True,False
5054,9,training,15,14,True,True,True,False
5070,9,training,13,10,False,False,True,True
5073,9,training,12,11,True,True,True,False
5074,9,training,11,10,True,True,True,False
5078,9,training,15,14,True,True,True,False
5085,9,training,14,12,False,False,True,True
5086,9,training,14,13,True,True,True,False
5087,9,training,12,10,False,False,True,True
5088,9,training,15,14,True,True,True,False
5089,9,training,15,14,True,True,True,False
5090,9,training,12,11,True,True,True,False
5091,9,training,18,16,False,False,True,True
5092,9,training,13,12,True,True,True,False
5093,9,training,11,10,True,True,True,False
5094,9,training,33,28,False,False,True,True
5095,9,training,13,11,False,False,True,True
5096,9,training,16,13,False,False,True,True
5098,9,training,20,19,True,True,True,False
5099,9,training,12,11,True,True,True,False
5103,9,training,26,24,False,False,True,True
5104,9,training,19,17,False,False,True,True
5105,9,training,17,15,False,False,True,True
5106,9,training,17,16,True,True,True,False
5107,9,training,13,12,True,True,True,False
5108,9,training,13,11,False,False,True,True
5109,9,training,15,13,False,False,True,True
5110,9,training,11,10,True,True,True,False
5111,9,training,15,14,True,True,True,False
5112,9,training,16,14,False,False,True,True
5113,9,training,12,11,True,True,True,False
5115,9,training,13,12,True,True,True,False
5120,9,training,18,15,False,False,True,True
5123,9,training,12,11,True,True,True,False
5124,9,training,19,18,True,True,True,False
5125,9,training,21,17,False,False,True,True
5126,9,training,12,11,True,True,True,False
5127,9,training,15,14,True,True,True,False
5128,9,training,14,13,False,False,True,True
5129,9,training,11,10,True,True,True,False
5130,9,training,22,20,False,False,True,True
5131,9,training,22,19,False,False,True,True
5132,9,training,13,12,True,True,True,False
5133,9,training,15,14,True,True,True,False
5135,9,training,14,12,True,True,True,False
5136,9,training,22,19,False,False,True,True
5140,9,training,15,14,True,True,True,False
5141,9,training,14,11,False,False,True,True
5142,9,training,22,21,True,True,True,False
5145,9,training,17,16,True,True,True,False
5146,9,training,17,15,False,False,True,True
5152,9,training,17,15,False,False,True,True
5160,9,training,13,12,True,True,True,False
5168,9,training,14,12,False,False,True,True
5170,9,training,13,11,False,False,True,True
5171,9,training,11,10,True,True,True,False
5175,9,training,16,14,False,False,True,True
5180,9,training,14,13,True,True,True,False
5183,9,training,11,10,True,True,True,False
5184,9,training,14,13,True,True,True,False
5186,9,training,20,17,False,False,True,True
5187,9,training,20,18,False,False,True,True
5188,9,training,15,14,True,True,True,False
5190,9,training,16,15,True,True,True,False
5191,9,training,15,14,True,True,True,False
5192,9,training,15,14,True,True,True,False
5194,9,training,11,10,True,True,True,False
5195,9,training,15,14,True,True,True,False
5197,9,training,16,15,True,True,True,False
5198,9,training,23,20,False,False,True,True
5201,9,training,16,14,False,False,True,True
5202,9,training,22,21,True,True,True,False
5203,9,training,14,13,True,True,True,False
5205,9,training,17,16,True,True,True,False
5206,9,training,15,13,False,False,True,True
5207,9,training,14,13,True,True,True,False
5208,9,training,14,12,False,False,True,True
5210,9,training,12,11,True,True,True,False
5211,9,training,15,12,False,False,True,True
5212,9,training,12,11,True,True,True,False
5214,9,training,17,15,False,False,True,True
5215,9,training,17,16,True,True,True,False
5220,9,training,17,16,True,True,True,False
5221,9,training,19,18,True,True,True,False
5222,9,training,19,17,False,False,True,True
5223,9,training,23,21,False,False,True,True
5225,9,training,21,20,True,True,True,False
5226,9,training,12,10,False,False,True,True
5228,9,training,20,18,False,False,True,True
5229,9,training,18,16,False,False,True,True
5230,9,training,11,10,True,True,True,False
5233,9,training,17,15,False,False,True,True
5241,9,training,12,11,True,True,True,False
5242,9,training,14,12,False,False,True,True
5243,9,training,17,15,False,False,True,True
5246,9,training,17,16,False,False,True,True
5247,9,training,14,13,True,True,True,False
5249,9,training,12,11,True,True,True,False
5266,9,training,17,12,False,False,True,True
5272,9,training,11,10,True,True,True,False
5274,9,training,17,16,True,True,True,False
5277,9,training,11,10,True,True,True,False
5278,9,training,15,14,True,True,True,False
5281,9,training,11,10,True,True,True,False
5283,9,training,12,10,False,False,True,True
5285,9,training,20,17,False,False,True,True
5286,9,training,18,17,True,True,True,False
5287,9,training,13,12,True,True,True,False
5289,9,training,13,12,True,True,True,False
5290,9,training,11,10,True,True,True,False
5291,9,training,16,15,True,True,True,False
5292,9,training,13,12,True,True,True,False
5293,9,training,12,11,True,True,True,False
5294,9,training,18,16,False,False,True,True
5295,9,training,16,14,False,False,True,True
5296,9,training,18,17,True,True,True,False
5297,9,training,16,14,False,False,True,True
5298,9,training,13,12,True,True,True,False
5301,9,training,18,17,True,True,True,False
5303,9,training,14,12,False,False,True,True
5304,9,training,12,11,True,True,True,False
5305,9,training,22,20,False,False,True,True
5308,9,training,21,20,True,True,True,False
5309,9,training,19,16,False,False,True,True
5313,9,training,20,18,False,False,True,True
5314,9,training,12,11,True,True,True,False
5318,9,training,15,14,True,True,True,False
5320,9,training,17,16,True,True,True,False
5321,9,training,15,14,True,True,True,False
5322,9,training,16,15,True,True,True,False
5323,9,training,21,18,False,False,True,True
5324,9,training,20,19,True,True,True,False
5325,9,training,17,13,False,False,True,True
5326,9,training,15,13,False,False,True,True
5329,9,training,14,13,True,True,True,False
5330,9,training,17,16,True,True,True,False
5331,9,training,20,18,False,False,True,True
5332,9,training,18,16,False,False,True,True
5334,9,training,21,20,True,True,True,False
5335,9,training,19,17,True,True,True,False
5337,9,training,14,13,True,True,True,False
5338,9,training,17,16,True,True,True,False
5342,9,training,12,11,True,True,True,False
5345,9,training,11,10,True,True,True,False
5346,9,training,13,12,True,True,True,False
5348,9,training,23,21,False,False,True,True
5354,9,training,12,11,True,False,True,False
5356,9,training,11,10,False,False,True,True
5358,9,training,17,16,True,True,True,False
5359,9,training,16,15,True,True,True,False
5361,9,training,11,10,True,True,True,False
5367,9,training,12,11,True,True,True,False
5375,9,training,14,13,True,True,True,False
5377,9,training,15,14,True,True,True,False
5380,9,training,12,10,False,False,True,True
5382,9,training,16,14,False,False,True,True
5383,9,training,11,10,True,True,True,False
5384,9,training,12,11,True,True,True,False
5385,9,training,13,11,False,False,True,True
5386,9,training,11,10,True,True,True,False
5387,9,training,13,12,True,True,True,False
5390,9,training,15,14,True,True,True,False
5391,9,training,14,13,True,True,True,False
5394,10,training,17,15,False,False,True,True
5395,10,training,17,16,True,True,True,False
5396,10,training,23,22,False,False,True,True
5397,10,training,19,18,False,False,True,True
5398,10,training,20,18,False,False,True,True
5399,10,training,14,13,True,True,True,False
5400,10,training,24,23,False,False,True,True
5401,10,training,21,20,False,False,True,True
5402,10,training,17,15,False,False,True,True
5403,10,training,15,12,False,False,True,True
5404,10,training,12,11,True,True,True,False
5405,10,training,20,19,True,True,True,False
5406,10,training,17,16,True,True,True,False
5407,10,training,14,13,True,True,True,False
5408,10,training,20,19,True,True,True,False
5409,10,training,25,24,True,True,True,False
5410,10,training,20,19,False,False,True,True
5411,10,training,20,18,False,False,True,True
5413,10,training,13,12,True,True,True,False
5414,10,training,19,17,False,False,True,True
5415,10,training,21,20,False,False,True,True
5418,10,training,12,11,True,True,True,False
5419,10,training,26,25,True,True,True,False
5420,10,training,19,18,True,True,True,False
5421,10,training,19,17,False,False,True,True
5422,10,training,17,16,True,True,True,False
5423,10,training,23,19,False,False,True,True
5424,10,training,11,10,True,True,True,False
5425,10,training,20,19,True,True,True,False
5426,10,training,18,17,True,True,True,False
5427,10,training,20,18,False,False,True,True
5428,10,training,14,13,True,True,True,False
5429,10,training,14,13,True,True,True,False
5431,10,training,14,12,False,False,True,True
5432,10,training,17,16,True,True,True,False
5433,10,training,23,21,False,False,True,True
5434,10,training,23,21,False,False,True,True
5436,10,training,23,21,False,False,True,True
5439,10,training,22,21,True,True,True,False
5440,10,training,16,15,True,True,True,False
5441,10,training,14,13,True,True,True,False
5442,10,training,13,11,False,False,True,True
5444,10,training,16,15,True,True,True,False
5445,10,training,12,10,False,False,True,True
5446,10,training,15,14,True,True,True,False
5448,10,training,27,25,False,False,True,True
5449,10,training,15,14,True,True,True,False
5450,10,training,13,12,True,True,True,False
5451,10,training,17,16,True,True,True,False
5453,10,training,21,20,True,True,True,False
5454,10,training,20,19,True,True,True,False
5455,10,training,14,13,True,True,True,False
5456,10,training,18,17,True,True,True,False
5457,10,training,12,11,True,True,True,False
5458,10,training,11,10,True,True,True,False
5459,10,training,16,14,False,False,True,True
5460,10,training,22,21,True,True,True,False
5462,10,training,19,18,True,True,True,False
5463,10,training,17,16,True,True,True,False
5464,10,training,19,18,True,True,True,False
5465,10,training,16,15,True,True,True,False
5467,10,training,16,13,False,False,True,True
5468,10,training,17,16,True,True,True,False
5470,10,training,14,13,True,True,True,False
5471,10,training,13,12,False,False,True,True
5472,10,training,15,11,False,False,True,True
5473,10,training,17,15,False,False,True,True
5474,10,training,20,18,False,False,True,True
5475,10,training,15,13,False,False,True,True
5476,10,training,20,19,True,True,True,False
5477,10,training,17,16,True,True,True,False
5478,10,training,21,20,True,True,True,False
5479,10,training,11,10,True,True,True,False
5480,10,training,15,14,True,True,True,False
5482,10,training,17,15,False,False,True,True
5483,10,training,16,15,False,False,True,True
5485,10,training,14,13,True,True,True,False
5492,10,training,12,11,True,True,True,False
5493,10,training,13,12,True,True,True,False
5494,10,training,16,15,True,True,True,False
5515,10,training,14,12,False,False,True,True
5520,10,training,14,13,True,True,True,False
5523,10,training,14,13,True,True,True,False
5525,10,training,15,13,False,False,True,True
5526,10,training,15,12,False,False,True,True
5535,10,training,20,18,False,False,True,True
5536,10,training,17,16,True,True,True,False
5537,10,training,22,19,False,False,True,True
5538,10,training,14,13,True,True,True,False
5540,10,training,17,15,False,False,True,True
5541,10,training,17,14,False,False,True,True
5542,10,training,16,15,True,True,True,False
5543,10,training,13,12,True,True,True,False
5544,10,training,12,11,True,True,True,False
5545,10,training,25,24,True,True,True,False
5546,10,training,14,13,True,True,True,False
5547,10,training,21,19,False,False,True,True
5548,10,training,19,18,True,True,True,False
5549,10,training,20,19,True,True,True,False
5550,10,training,19,18,True,True,True,False
5551,10,training,16,15,True,True,True,False
5552,10,training,19,16,False,False,True,True
5553,10,training,14,13,True,True,True,False
5555,10,training,25,24,True,True,True,False
5556,10,training,16,14,False,False,True,True
5557,10,training,14,13,True,True,True,False
5558,10,training,18,17,True,True,True,False
5559,10,training,18,17,True,True,True,False
5560,10,training,19,18,True,True,True,False
5561,10,training,17,16,True,True,True,False
5562,10,training,16,15,True,True,True,False
5563,10,training,15,14,True,True,True,False
5564,10,training,17,16,True,True,True,False
5565,10,training,16,15,True,True,True,False
5568,10,training,14,13,True,True,True,False
5569,10,training,17,14,False,False,True,True
5570,10,training,17,16,True,True,True,False
5571,10,training,11,10,True,True,True,False
5572,10,training,17,16,True,True,True,False
5574,10,training,13,12,True,True,True,False
5575,10,training,19,18,True,True,True,False
5576,10,training,18,17,True,True,True,False
5577,10,training,15,14,True,True,True,False
5578,10,training,18,17,True,True,True,False
5579,10,training,11,10,True,True,True,False
5580,10,training,15,13,False,False,True,True
5581,10,training,13,12,True,True,True,False
5582,10,training,13,12,True,True,True,False
5586,10,training,17,16,False,False,True,True
5587,10,training,17,16,True,True,True,False
5588,10,training,12,11,True,True,True,False
5590,10,training,12,10,False,False,True,True
5591,10,training,13,11,False,False,True,True
5592,10,training,13,11,False,False,True,True
5593,10,training,16,15,True,True,True,False
5596,10,training,13,12,True,True,True,False
5597,10,training,21,20,True,True,True,False
5598,10,training,19,16,False,False,True,True
5600,10,training,14,13,True,True,True,False
5601,10,training,14,13,True,True,True,False
5602,10,training,18,17,True,True,True,False
5604,10,training,14,13,True,True,True,False
5605,10,training,14,13,True,True,True,False
5608,10,training,18,17,True,True,True,False
5610,10,training,16,15,True,True,True,False
5611,10,training,17,16,True,True,True,False
5613,10,training,20,18,False,False,True,True
5616,10,training,17,14,False,False,True,True
5617,10,training,12,10,False,False,True,True
5620,10,training,21,18,False,False,True,True
5621,10,training,12,10,False,False,True,True
5622,10,training,17,16,True,True,True,False
5623,10,training,19,18,True,True,True,False
5636,10,training,11,10,True,True,True,False
5644,10,training,17,15,False,False,True,True
5656,10,training,14,13,True,True,True,False
5657,10,training,11,10,True,True,True,False
5658,10,training,13,10,False,False,True,True
5659,10,training,12,11,True,True,True,False
5661,10,training,11,10,True,True,True,False
5667,10,training,18,17,True,True,True,False
5668,10,training,19,18,True,True,True,False
5669,10,training,12,11,True,True,True,False
5671,10,training,12,11,True,True,True,False
5672,10,training,18,16,False,False,True,True
5673,10,training,20,19,True,True,True,False
5674,10,training,19,17,False,False,True,True
5675,10,training,14,13,True,True,True,False
5676,10,training,14,12,False,False,True,True
5678,10,training,19,18,True,True,True,False
5680,10,training,15,14,True,True,True,False
5681,10,training,16,14,False,False,True,True
5682,10,training,18,16,False,False,True,True
5683,10,training,15,14,True,True,True,False
5684,10,training,11,10,True,True,True,False
5685,10,training,21,18,False,False,True,True
5686,10,training,14,12,False,False,True,True
5687,10,training,16,15,True,True,True,False
5688,10,training,21,19,False,False,True,True
5689,10,training,12,11,True,True,True,False
5691,10,training,22,21,True,True,True,False
5692,10,training,13,12,True,True,True,False
5693,10,training,22,21,True,True,True,False
5694,10,training,17,14,False,False,True,True
5696,10,training,15,14,True,True,True,False
5697,10,training,18,17,True,True,True,False
5698,10,training,11,10,True,True,True,False
5699,10,training,17,16,True,True,True,False
5701,10,training,19,18,True,True,True,False
5702,10,training,13,12,True,True,True,False
5704,10,training,13,11,False,False,True,True
5705,10,training,16,15,True,True,True,False
5707,10,training,15,13,False,False,True,True
5709,10,training,19,17,False,False,True,True
5711,10,training,12,10,False,False,True,True
5712,10,training,11,10,True,True,True,False
5713,10,training,24,21,False,False,True,True
5714,10,training,11,10,True,True,True,False
5715,10,training,16,15,True,True,True,False
5717,10,training,14,13,True,True,True,False
5718,10,training,13,12,True,True,True,False
5719,10,training,17,10,False,False,True,True
5720,10,training,17,15,False,False,True,True
5721,10,training,21,20,True,True,True,False
5722,10,training,13,12,True,True,True,False
5723,10,training,23,22,True,True,True,False
5724,10,training,17,13,False,False,True,True
5725,10,training,18,16,False,False,True,True
5726,10,training,22,21,True,True,True,False
5728,10,training,15,13,False,False,True,True
5731,10,training,22,21,True,True,True,False
5738,10,training,16,15,True,True,True,False
5739,10,training,12,11,True,True,True,False
5742,10,training,11,10,True,True,True,False
5743,10,training,13,11,False,False,True,True
5744,10,training,17,16,True,True,True,False
5745,10,training,16,12,False,False,True,True
5751,10,training,12,11,True,True,True,False
5752,10,training,14,13,True,True,True,False
5754,10,training,16,15,True,True,True,False
5757,10,training,15,14,True,True,True,False
5760,10,training,14,11,False,False,True,True
5763,10,training,17,16,True,True,True,False
5768,10,training,11,10,True,True,True,False
5781,10,training,13,11,False,False,True,True
5792,10,training,13,12,True,True,True,False
5797,10,training,14,13,True,True,True,False
5798,10,training,23,20,False,False,True,True
5799,10,training,14,13,True,True,True,False
5800,10,training,15,14,True,True,True,False
5801,10,training,16,14,False,False,True,True
5802,10,training,22,20,False,False,True,True
5804,10,training,16,13,False,False,True,True
5805,10,training,17,16,True,True,True,False
5806,10,training,11,10,True,True,True,False
5807,10,training,19,18,True,True,True,False
5808,10,training,22,21,True,True,True,False
5809,10,training,21,17,False,False,True,True
5810,10,training,17,14,False,False,True,True
5811,10,training,22,21,True,True,True,False
5812,10,training,15,13,False,False,True,True
5813,10,training,24,21,False,False,True,True
5814,10,training,16,14,False,False,True,True
5815,10,training,13,12,True,True,True,False
5816,10,training,15,13,False,False,True,True
5817,10,training,19,15,False,False,True,True
5818,10,training,31,30,True,True,True,False
5820,10,training,24,21,False,False,True,True
5821,10,training,23,21,False,False,True,True
5822,10,training,17,15,False,False,True,True
5823,10,training,16,14,False,False,True,True
5824,10,training,14,13,True,True,True,False
5825,10,training,19,17,False,False,True,True
5826,10,training,22,21,True,True,True,False
5827,10,training,16,13,False,False,True,True
5828,10,training,16,14,False,False,True,True
5829,10,training,21,20,True,True,True,False
5830,10,training,22,19,True,True,True,False
5831,10,training,13,11,False,False,True,True
5832,10,training,17,16,True,True,True,False
5833,10,training,22,21,True,True,True,False
5834,10,training,13,12,True,True,True,False
5835,10,training,23,18,False,False,True,True
5836,10,training,20,18,False,False,True,True
5837,10,training,19,18,True,True,True,False
5839,10,training,21,20,True,True,True,False
5840,10,training,14,13,True,True,True,False
5841,10,training,16,13,False,False,True,True
5842,10,training,26,23,False,False,True,True
5844,10,training,21,19,False,False,True,True
5845,10,training,18,16,False,False,True,True
5848,10,training,19,18,True,True,True,False
5851,10,training,12,10,False,False,True,True
5853,10,training,18,17,True,True,True,False
5854,10,training,18,14,False,False,True,True
5856,10,training,25,22,False,False,True,True
5857,10,training,14,12,False,False,True,True
5858,10,training,13,12,True,True,True,False
5859,10,training,21,19,True,True,True,False
5860,10,training,19,17,False,False,True,True
5863,10,training,12,11,True,True,True,False
5864,10,training,21,18,False,False,True,True
5865,10,training,20,17,False,False,True,True
5866,10,training,11,10,True,True,True,False
5868,10,training,23,21,False,False,True,True
5870,10,training,15,14,True,True,True,False
5871,10,training,23,21,False,False,True,True
5874,10,training,20,17,False,False,True,True
5875,10,training,14,13,True,True,True,False
5876,10,training,12,10,False,False,True,True
5877,10,training,16,15,True,True,True,False
5878,10,training,11,10,True,True,True,False
5879,10,training,13,12,True,True,True,False
5881,10,training,23,21,False,False,True,True
5883,10,training,17,15,False,False,True,True
5886,10,training,21,18,False,False,True,True
5888,10,training,19,17,False,False,True,True
5889,10,training,18,16,False,False,True,True
5890,10,training,21,20,True,True,True,False
5891,10,training,23,21,False,False,True,True
5893,10,training,16,13,False,False,True,True
5895,10,training,16,14,False,False,True,True
5898,10,training,14,12,False,False,True,True
5901,10,training,17,15,False,False,True,True
5904,10,training,13,10,False,False,True,True
5905,10,training,12,11,True,True,True,False
5909,10,training,16,14,False,False,True,True
5910,10,training,22,21,False,False,True,True
5923,10,training,16,13,False,False,True,True
5924,10,training,14,10,False,False,True,True
5934,10,training,13,11,False,False,True,True
5935,10,training,17,15,False,False,True,True
5945,10,training,17,16,True,True,True,False
5946,10,training,20,17,False,False,True,True
5947,10,training,12,11,True,True,True,False
5948,10,training,15,13,False,False,True,True
5949,10,training,14,13,True,True,True,False
5950,10,training,15,14,True,True,True,False
5951,10,training,24,22,False,False,True,True
5952,10,training,21,20,True,True,True,False
5953,10,training,17,16,True,True,True,False
5954,10,training,19,17,False,False,True,True
5955,10,training,18,16,False,False,True,True
5956,10,training,23,20,False,False,True,True
5958,10,training,17,16,True,True,True,False
5959,10,training,13,11,False,False,True,True
5960,10,training,21,20,True,True,True,False
5961,10,training,13,12,True,True,True,False
5963,10,training,17,16,True,True,True,False
5964,10,training,17,14,False,False,True,True
5965,10,training,18,17,True,True,True,False
5966,10,training,16,15,True,True,True,False
5967,10,training,21,20,False,False,True,True
5968,10,training,16,15,True,True,True,False
5969,10,training,16,14,False,False,True,True
5972,10,training,14,13,True,True,True,False
5973,10,training,27,26,True,True,True,False
5974,10,training,22,19,False,False,True,True
5975,10,training,17,16,True,True,True,False
5976,10,training,19,16,False,False,True,True
5977,10,training,18,17,True,True,True,False
5978,10,training,22,19,False,False,True,True
5979,10,training,17,16,True,True,True,False
5980,10,training,11,10,True,True,True,False
5981,10,training,19,18,True,True,True,False
5982,10,training,15,14,True,True,True,False
5983,10,training,24,21,False,False,True,True
5984,10,training,20,19,True,True,True,False
5985,10,training,14,12,False,False,True,True
5986,10,training,16,15,True,True,True,False
5987,10,training,29,28,True,True,True,False
5988,10,training,12,11,True,True,True,False
5989,10,training,24,22,False,False,True,True
5990,10,training,17,15,False,False,True,True
5991,10,training,19,18,True,True,True,False
5992,10,training,12,11,True,True,True,False
5994,10,training,16,15,True,True,True,False
5996,10,training,12,11,True,True,True,False
5997,10,training,11,10,True,True,True,False
5998,10,training,12,11,True,True,True,False
5999,10,training,15,14,True,True,True,False
6000,10,training,20,19,True,True,True,False
6001,10,training,13,12,True,True,True,False
6004,10,training,12,11,True,True,True,False
6007,10,training,15,14,True,True,True,False
6009,10,training,16,15,True,True,True,False
6010,10,training,13,12,True,True,True,False
6011,10,training,12,11,True,True,True,False
6013,10,training,12,11,True,True,True,False
6014,10,training,16,15,True,True,True,False
6016,10,training,18,16,True,True,True,False
6017,10,training,25,22,False,False,True,True
6019,10,training,18,16,False,False,True,True
6021,10,training,14,13,True,True,True,False
6022,10,training,15,12,False,False,True,True
6027,10,training,20,19,True,True,True,False
6028,10,training,15,13,False,False,True,True
6032,10,training,16,14,False,False,True,True
6035,10,training,14,12,False,False,True,True
6036,10,training,11,10,True,True,True,False
6038,10,training,12,10,False,False,True,True
6040,10,training,13,12,True,True,True,False
6041,10,training,25,24,True,True,True,False
6051,10,training,13,10,False,False,True,True
6052,10,training,13,12,True,True,True,False
6056,10,training,18,15,False,False,True,True
6059,10,training,12,11,True,True,True,False
6062,10,training,24,22,False,False,True,True
6063,10,training,11,10,True,True,True,False
6069,10,training,15,14,True,True,True,False
6070,10,training,11,10,True,True,True,False
6071,10,training,11,10,True,True,True,False
6072,10,training,15,14,True,True,True,False
6074,10,training,16,14,False,False,True,True
6077,11,training,14,13,True,True,True,False
6078,11,training,15,13,False,False,True,True
6079,11,training,15,14,True,True,True,False
6080,11,training,13,12,True,True,True,False
6081,11,training,17,16,True,True,True,False
6082,11,training,14,13,True,True,True,False
6083,11,training,16,15,True,True,True,False
6084,11,training,17,16,True,True,True,False
6085,11,training,17,16,True,True,True,False
6088,11,training,23,21,False,False,True,True
6089,11,training,17,16,False,False,True,True
6090,11,training,14,13,True,True,True,False
6091,11,training,17,16,True,True,True,False
6092,11,training,22,21,True,True,True,False
6093,11,training,16,14,False,False,True,True
6094,11,training,21,20,True,True,True,False
6096,11,training,18,17,True,True,True,False
6097,11,training,23,22,True,True,True,False
6100,11,training,16,15,True,True,True,False
6101,11,training,13,11,False,False,True,True
6102,11,training,13,12,True,True,True,False
6103,11,training,27,26,False,False,True,True
6104,11,training,19,18,True,True,True,False
6105,11,training,19,18,False,False,True,True
6106,11,training,18,17,True,True,True,False
6107,11,training,15,14,True,True,True,False
6108,11,training,21,20,True,True,True,False
6109,11,training,26,24,False,False,True,True
6110,11,training,27,26,False,False,True,True
6111,11,training,16,15,True,True,True,False
6112,11,training,13,12,True,True,True,False
6114,11,training,17,16,True,True,True,False
6115,11,training,13,11,False,False,True,True
6116,11,training,12,11,True,True,True,False
6117,11,training,22,16,False,False,True,True
6118,11,training,13,12,True,True,True,False
6119,11,training,26,25,True,True,True,False
6120,11,training,16,15,True,True,True,False
6122,11,training,15,14,True,True,True,False
6123,11,training,17,16,True,True,True,False
6124,11,training,21,20,True,True,True,False
6126,11,training,20,19,True,True,True,False
6128,11,training,14,13,True,True,True,False
6130,11,training,27,24,False,False,True,True
6131,11,training,19,18,True,True,True,False
6132,11,training,21,19,False,False,True,True
6133,11,training,18,17,True,True,True,False
6134,11,training,24,23,False,False,True,True
6135,11,training,14,13,True,True,True,False
6137,11,training,22,21,True,True,True,False
6138,11,training,22,21,True,True,True,False
6140,11,training,13,12,True,True,True,False
6141,11,training,16,15,True,True,True,False
6142,11,training,15,14,True,True,True,False
6143,11,training,20,19,True,True,True,False
6145,11,training,15,14,True,True,True,False
6146,11,training,20,19,True,True,True,False
6148,11,training,15,14,True,True,True,False
6150,11,training,17,16,True,True,True,False
6151,11,training,16,15,True,True,True,False
6152,11,training,19,18,True,True,True,False
6153,11,training,15,14,True,True,True,False
6154,11,training,13,12,True,True,True,False
6157,11,training,18,17,True,True,True,False
6158,11,training,25,24,True,True,True,False
6160,11,training,18,17,True,True,True,False
6161,11,training,18,16,True,True,True,False
6164,11,training,20,15,False,False,True,True
6166,11,training,14,13,True,True,True,False
6167,11,training,13,12,True,True,True,False
6168,11,training,19,18,True,True,True,False
6169,11,training,13,12,True,True,True,False
6170,11,training,17,16,True,True,True,False
6172,11,training,13,12,True,True,True,False
6175,11,training,12,11,True,True,True,False
6176,11,training,13,12,True,True,True,False
6177,11,training,18,16,False,False,True,True
6179,11,training,13,12,True,True,True,False
6181,11,training,14,13,True,True,True,False
6183,11,training,15,14,True,True,True,False
6184,11,training,14,12,False,False,True,True
6187,11,training,19,18,True,True,True,False
6191,11,training,13,12,True,True,True,False
6202,11,training,14,12,False,False,True,True
6204,11,training,14,13,True,True,True,False
6205,11,training,20,19,True,True,True,False
6209,11,training,14,12,False,False,True,True
6211,11,training,16,15,True,True,True,False
6214,11,training,15,14,True,True,True,False
6217,11,training,12,11,True,True,True,False
6221,11,training,17,14,False,False,True,True
6222,11,training,11,10,True,True,True,False
6223,11,training,19,18,True,True,True,False
6224,11,training,12,11,True,True,True,False
6225,11,training,20,19,True,True,True,False
6226,11,training,13,11,False,False,True,True
6227,11,training,17,16,True,True,True,False
6228,11,training,18,16,False,False,True,True
6229,11,training,21,20,True,True,True,False
6230,11,training,19,18,True,True,True,False
6231,11,training,14,13,True,True,True,False
6232,11,training,12,11,True,True,True,False
6233,11,training,14,13,True,True,True,False
6234,11,training,13,12,True,True,True,False
6235,11,training,20,19,True,True,True,False
6236,11,training,16,15,True,True,True,False
6237,11,training,13,11,False,False,True,True
6238,11,training,12,11,True,True,True,False
6239,11,training,20,19,True,True,True,False
6240,11,training,24,23,True,True,True,False
6241,11,training,20,18,False,False,True,True
6242,11,training,16,15,True,True,True,False
6243,11,training,15,12,False,False,True,True
6244,11,training,14,11,False,False,True,True
6246,11,training,16,15,True,True,True,False
6247,11,training,21,20,True,True,True,False
6248,11,training,19,18,True,True,True,False
6250,11,training,15,14,True,True,True,False
6252,11,training,20,19,True,True,True,False
6253,11,training,11,10,True,True,True,False
6255,11,training,11,10,True,True,True,False
6256,11,training,20,19,True,True,True,False
6258,11,training,12,11,True,True,True,False
6259,11,training,19,17,False,False,True,True
6260,11,training,23,21,True,True,True,False
6261,11,training,18,17,True,True,True,False
6263,11,training,22,21,True,True,True,False
6264,11,training,20,19,True,True,True,False
6265,11,training,19,18,True,True,True,False
6268,11,training,11,10,True,True,True,False
6269,11,training,16,15,True,True,True,False
6270,11,training,17,16,True,True,True,False
6272,11,training,20,19,True,True,True,False
6273,11,training,19,18,True,True,True,False
6274,11,training,13,12,True,True,True,False
6275,11,training,18,17,True,True,True,False
6276,11,training,12,11,True,True,True,False
6277,11,training,12,11,True,True,True,False
6280,11,training,15,14,True,True,True,False
6281,11,training,12,11,True,True,True,False
6282,11,training,19,18,False,False,True,True
6283,11,training,21,20,True,True,True,False
6284,11,training,16,15,True,True,True,False
6285,11,training,18,15,False,False,True,True
6286,11,training,17,16,True,True,True,False
6287,11,training,23,22,True,True,True,False
6289,11,training,13,11,False,False,True,True
6290,11,training,16,15,True,True,True,False
6291,11,training,13,12,True,True,True,False
6293,11,training,24,21,False,False,True,True
6294,11,training,15,14,True,True,True,False
6295,11,training,12,11,True,True,True,False
6298,11,training,17,16,True,True,True,False
6299,11,training,23,22,True,True,True,False
6300,11,training,14,13,True,True,True,False
6302,11,training,18,16,False,False,True,True
6303,11,training,15,13,False,False,True,True
6304,11,training,11,10,True,True,True,False
6306,11,training,18,17,False,False,True,True
6307,11,training,24,22,False,False,True,True
6311,11,training,16,15,True,True,True,False
6318,11,training,22,19,False,False,True,True
6322,11,training,12,10,False,False,True,True
6324,11,training,19,18,True,True,True,False
6325,11,training,13,12,True,True,True,False
6333,11,training,13,12,True,True,True,False
6334,11,training,12,11,True,True,True,False
6336,11,training,23,22,True,True,True,False
6338,11,training,25,25,False,False,True,True
6340,11,training,13,12,True,True,True,False
6343,11,training,12,11,True,True,True,False
6345,11,training,11,10,True,True,True,False
6356,11,training,14,12,False,False,True,True
6362,11,training,12,11,True,True,True,False
6363,11,training,13,11,False,False,True,True
6367,11,training,18,17,True,True,True,False
6368,11,training,15,13,False,False,True,True
6369,11,training,22,20,False,False,True,True
6370,11,training,14,12,False,False,True,True
6371,11,training,18,16,False,False,True,True
6374,11,training,11,10,True,True,True,False
6376,11,training,17,15,False,False,True,True
6378,11,training,18,17,True,True,True,False
6379,11,training,20,17,False,False,True,True
6380,11,training,25,21,False,False,True,True
6381,11,training,14,12,False,False,True,True
6382,11,training,14,13,True,True,True,False
6383,11,training,15,12,False,False,True,True
6384,11,training,23,22,True,True,True,False
6385,11,training,13,12,True,True,True,False
6386,11,training,14,12,False,False,True,True
6387,11,training,16,14,True,True,True,False
6388,11,training,24,22,False,False,True,True
6389,11,training,18,17,True,True,True,False
6390,11,training,16,15,True,True,True,False
6391,11,training,11,10,True,True,True,False
6392,11,training,18,17,True,True,True,False
6394,11,training,15,14,True,True,True,False
6396,11,training,15,14,True,True,True,False
6397,11,training,23,21,False,False,True,True
6399,11,training,14,13,True,True,True,False
6400,11,training,15,14,True,True,True,False
6401,11,training,20,19,True,True,True,False
6403,11,training,17,16,True,True,True,False
6404,11,training,14,13,True,True,True,False
6405,11,training,11,10,True,True,True,False
6406,11,training,18,17,True,True,True,False
6408,11,training,22,19,False,False,True,True
6409,11,training,13,10,False,False,True,True
6410,11,training,12,11,True,True,True,False
6411,11,training,13,12,True,True,True,False
6412,11,training,20,19,True,True,True,False
6414,11,training,17,16,True,True,True,False
6415,11,training,18,16,True,True,True,False
6418,11,training,20,16,False,False,True,True
6420,11,training,14,13,True,True,True,False
6421,11,training,17,16,True,True,True,False
6422,11,training,18,16,True,True,True,False
6424,11,training,14,13,True,True,True,False
6428,11,training,11,10,True,True,True,False
6431,11,training,18,16,False,False,True,True
6432,11,training,13,12,True,True,True,False
6434,11,training,19,17,False,False,True,True
6436,11,training,27,24,False,False,True,True
6437,11,training,19,18,True,True,True,False
6439,11,training,11,10,True,True,True,False
6440,11,training,12,11,True,True,True,False
6441,11,training,18,16,False,False,True,True
6443,11,training,17,16,True,True,True,False
6444,11,training,21,19,False,False,True,True
6445,11,training,11,10,True,True,True,False
6446,11,training,22,18,False,False,True,True
6447,11,training,13,12,True,True,True,False
6448,11,training,11,10,True,True,True,False
6449,11,training,23,22,True,True,True,False
6450,11,training,15,14,True,True,True,False
6451,11,training,13,12,False,False,True,True
6454,11,training,17,15,False,False,True,True
6456,11,training,20,19,True,True,True,False
6458,11,training,17,16,True,True,True,False
6460,11,training,12,10,True,True,True,False
6461,11,training,21,19,False,False,True,True
6465,11,training,16,15,True,True,True,False
6466,11,training,13,12,True,True,True,False
6468,11,training,13,11,False,False,True,True
6469,11,training,18,16,False,False,True,True
6470,11,training,16,15,True,True,True,False
6472,11,training,14,13,True,True,True,False
6474,11,training,13,12,True,True,True,False
6480,11,training,12,11,True,True,True,False
6481,11,training,12,10,False,False,True,True
6483,11,training,26,24,False,False,True,True
6486,11,training,13,12,True,True,True,False
6488,11,training,15,14,True,True,True,False
6489,11,training,11,10,True,True,True,False
6505,11,training,14,13,True,True,True,False
6507,11,training,14,13,True,True,True,False
6509,11,training,14,13,True,True,True,False
6511,11,training,12,10,False,False,True,True
6518,11,training,12,11,True,True,True,False
6519,11,training,20,19,True,True,True,False
6520,11,training,13,12,True,True,True,False
6521,11,training,23,22,True,True,True,False
6522,11,training,17,16,True,True,True,False
6523,11,training,22,20,True,True,True,False
6524,11,training,14,13,True,True,True,False
6525,11,training,21,19,False,False,True,True
6526,11,training,21,18,False,False,True,True
6528,11,training,13,12,True,True,True,False
6529,11,training,15,14,True,True,True,False
6530,11,training,17,16,True,True,True,False
6531,11,training,18,17,True,True,True,False
6533,11,training,13,12,True,True,True,False
6534,11,training,24,21,False,False,True,True
6536,11,training,12,11,True,True,True,False
6537,11,training,17,16,True,True,True,False
6538,11,training,19,18,True,True,True,False
6539,11,training,14,13,True,True,True,False
6540,11,training,13,10,False,False,True,True
6541,11,training,19,17,False,False,True,True
6542,11,training,14,12,True,True,True,False
6543,11,training,16,14,False,False,True,True
6545,11,training,15,13,False,False,True,True
6546,11,training,13,12,True,True,True,False
6547,11,training,16,14,False,False,True,True
6548,11,training,15,14,True,True,True,False
6551,11,training,15,14,True,True,True,False
6553,11,training,14,12,False,False,True,True
6554,11,training,26,25,True,True,True,False
6555,11,training,15,14,True,True,True,False
6556,11,training,16,14,False,False,True,True
6557,11,training,19,18,True,True,True,False
6558,11,training,17,16,True,True,True,False
6559,11,training,25,23,False,False,True,True
6560,11,training,12,11,True,True,True,False
6561,11,training,22,21,True,True,True,False
6562,11,training,12,10,False,False,True,True
6564,11,training,18,16,False,False,True,True
6565,11,training,21,19,False,False,True,True
6567,11,training,19,17,False,False,True,True
6568,11,training,15,14,True,True,True,False
6569,11,training,15,14,True,True,True,False
6570,11,training,18,16,False,False,True,True
6573,11,training,14,13,False,False,True,True
6574,11,training,14,13,True,True,True,False
6576,11,training,16,15,True,True,True,False
6581,11,training,19,16,False,False,True,True
6585,11,training,19,18,True,True,True,False
6586,11,training,18,17,True,True,True,False
6588,11,training,16,15,True,True,True,False
6590,11,training,13,12,True,True,True,False
6593,11,training,12,11,True,True,True,False
6596,11,training,19,18,True,True,True,False
6597,11,training,17,15,False,False,True,True
6598,11,training,17,14,False,False,True,True
6599,11,training,21,20,True,True,True,False
6600,11,training,17,15,False,False,True,True
6603,11,training,12,11,True,True,True,False
6604,11,training,21,19,False,False,True,True
6612,11,training,19,17,False,False,True,True
6613,11,training,17,16,True,True,True,False
6615,11,training,17,15,False,False,True,True
6616,11,training,15,14,True,True,True,False
6617,11,training,16,15,True,True,True,False
6619,11,training,13,11,False,False,True,True
6620,11,training,11,10,True,True,True,False
6623,11,training,11,10,True,True,True,False
6625,11,training,11,10,True,True,True,False
6626,11,training,16,14,False,False,True,True
6627,11,training,13,12,True,True,True,False
6634,11,training,20,19,True,True,True,False
6635,11,training,15,13,True,True,True,False
6639,11,training,11,10,True,True,True,False
6642,11,training,20,11,False,False,True,True
6645,11,training,17,16,True,True,True,False
6648,11,training,11,10,True,True,True,False
6651,11,training,11,10,True,True,True,False
6656,11,training,13,12,True,True,True,False
6657,11,training,16,15,True,True,True,False
6658,11,training,17,16,True,True,True,False
6659,11,training,26,23,False,False,True,True
6660,11,training,16,15,True,True,True,False
6661,11,training,17,16,True,True,True,False
6662,11,training,20,19,True,True,True,False
6663,11,training,18,16,False,False,True,True
6664,11,training,21,18,False,False,True,True
6665,11,training,16,14,False,False,True,True
6666,11,training,12,11,True,True,True,False
6667,11,training,13,12,True,True,True,False
6668,11,training,22,21,True,True,True,False
6669,11,training,14,13,True,True,True,False
6670,11,training,29,27,False,False,True,True
6671,11,training,15,14,True,True,True,False
6672,11,training,17,16,True,True,True,False
6673,11,training,17,15,False,False,True,True
6676,11,training,14,13,True,True,True,False
6677,11,training,18,17,True,True,True,False
6678,11,training,14,13,True,True,True,False
6679,11,training,20,18,False,False,True,True
6680,11,training,20,18,False,False,True,True
6681,11,training,19,18,True,True,True,False
6682,11,training,20,18,False,False,True,True
6684,11,training,29,26,False,False,True,True
6685,11,training,21,20,True,True,True,False
6686,11,training,13,12,True,True,True,False
6687,11,training,11,10,True,True,True,False
6688,11,training,17,16,True,True,True,False
6690,11,training,22,20,False,False,True,True
6691,11,training,14,13,True,True,True,False
6692,11,training,13,12,True,True,True,False
6693,11,training,18,17,True,True,True,False
6694,11,training,17,15,False,False,True,True
6697,11,training,11,10,True,True,True,False
6698,11,training,25,24,True,True,True,False
6700,11,training,22,21,True,True,True,False
6701,11,training,15,14,True,True,True,False
6705,11,training,21,19,False,False,True,True
6707,11,training,16,14,False,False,True,True
6709,11,training,13,12,True,True,True,False
6710,11,training,11,10,True,True,True,False
6711,11,training,17,16,True,True,True,False
6712,11,training,20,18,False,False,True,True
6714,11,training,15,13,False,False,True,True
6715,11,training,23,21,False,False,True,True
6716,11,training,14,13,True,True,True,False
6720,11,training,12,10,False,False,True,True
6722,11,training,18,17,True,True,True,False
6724,11,training,15,14,True,True,True,False
6725,11,training,11,10,True,True,True,False
6726,11,training,14,13,True,True,True,False
6727,11,training,16,15,True,True,True,False
6729,11,training,14,13,True,True,True,False
6731,11,training,14,12,False,False,True,True
6732,11,training,19,18,True,True,True,False
6733,11,training,16,15,True,True,True,False
6735,11,training,24,22,False,False,True,True
6736,11,training,13,12,True,True,True,False
6737,11,training,14,13,True,True,True,False
6738,11,training,21,19,False,False,True,True
6740,11,training,11,10,True,True,True,False
6744,11,training,16,13,True,True,True,False
6745,11,training,13,12,True,True,True,False
6746,11,training,18,17,True,True,True,False
6747,11,training,12,11,True,True,True,False
6749,11,training,14,12,False,False,True,True
6751,11,training,15,14,True,True,True,False
6755,11,training,11,10,True,True,True,False
6757,11,training,14,13,True,True,True,False
6758,11,training,20,10,False,False,True,True
6764,11,training,12,11,True,True,True,False
6770,11,training,18,17,True,True,True,False
6771,11,training,12,11,True,True,True,False
6773,11,training,11,10,True,True,True,False
6774,11,training,13,12,True,True,True,False
6777,11,training,27,26,True,True,True,False
6779,11,training,19,18,True,True,True,False
6780,11,training,18,17,True,True,True,False
6781,11,training,15,14,True,True,True,False
6783,11,training,21,18,False,False,True,True
6784,11,training,12,11,False,False,True,True
6788,11,training,12,10,False,False,True,True
6789,11,training,12,11,True,True,True,False
6791,11,training,12,11,True,True,True,False
6793,11,training,11,10,True,True,True,False
6801,12,training,21,20,True,True,True,False
6802,12,training,12,11,True,True,True,False
6804,12,training,14,13,True,True,True,False
6805,12,training,17,16,True,True,True,False
6806,12,training,14,13,True,True,True,False
6807,12,training,14,13,True,True,True,False
6809,12,training,16,15,True,True,True,False
6811,12,training,12,11,True,True,True,False
6813,12,training,17,16,True,True,True,False
6814,12,training,17,16,True,True,True,False
6815,12,training,17,16,True,True,True,False
6816,12,training,15,14,True,True,True,False
6817,12,training,21,20,True,True,True,False
6818,12,training,17,16,True,True,True,False
6820,12,training,19,17,False,False,True,True
6821,12,training,20,19,True,True,True,False
6824,12,training,13,12,True,True,True,False
6825,12,training,14,13,True,True,True,False
6826,12,training,11,10,True,True,True,False
6827,12,training,16,15,True,True,True,False
6830,12,training,16,15,True,True,True,False
6832,12,training,20,19,True,True,True,False
6833,12,training,17,15,False,False,True,True
6834,12,training,26,24,False,False,True,True
6836,12,training,16,15,True,True,True,False
6837,12,training,12,11,True,True,True,False
6838,12,training,14,13,True,True,True,False
6839,12,training,27,25,False,False,True,True
6840,12,training,19,17,False,False,True,True
6841,12,training,12,10,False,False,True,True
6842,12,training,19,18,True,True,True,False
6843,12,training,13,12,True,True,True,False
6844,12,training,17,16,True,True,True,False
6845,12,training,12,10,False,False,True,True
6846,12,training,14,13,True,True,True,False
6847,12,training,19,16,False,False,True,True
6848,12,training,14,13,True,True,True,False
6849,12,training,14,13,True,True,True,False
6850,12,training,16,12,False,False,True,True
6851,12,training,14,13,True,True,True,False
6852,12,training,12,11,True,True,True,False
6855,12,training,11,10,True,True,True,False
6856,12,training,11,10,True,True,True,False
6859,12,training,13,11,True,True,True,False
6860,12,training,19,18,True,True,True,False
6861,12,training,13,12,True,True,True,False
6862,12,training,18,16,False,False,True,True
6863,12,training,14,12,False,False,True,True
6867,12,training,13,12,True,True,True,False
6868,12,training,16,15,True,True,True,False
6869,12,training,12,10,False,False,True,True
6870,12,training,12,10,False,False,True,True
6873,12,training,12,11,True,True,True,False
6874,12,training,13,12,True,True,True,False
6875,12,training,13,12,True,True,True,False
6876,12,training,21,20,True,True,True,False
6878,12,training,18,17,True,True,True,False
6880,12,training,12,11,True,True,True,False
6886,12,training,21,20,True,True,True,False
6889,12,training,17,15,False,False,True,True
6894,12,training,13,11,False,False,True,True
6895,12,training,12,11,True,True,True,False
6898,12,training,13,12,True,True,True,False
6902,12,training,14,11,False,False,True,True
6903,12,training,15,14,True,True,True,False
6904,12,training,14,13,True,True,True,False
6905,12,training,13,10,False,False,True,True
6906,12,training,12,11,True,True,True,False
6909,12,training,13,12,True,True,True,False
6912,12,training,18,17,True,True,True,False
6922,12,training,14,13,True,True,True,False
6926,12,training,15,13,False,False,True,True
6928,12,training,11,10,True,True,True,False
6936,12,training,11,10,True,True,True,False
6938,12,training,21,19,False,False,True,True
6939,12,training,11,10,True,True,True,False
6940,12,training,12,11,True,True,True,False
6942,12,training,12,11,True,True,True,False
6943,12,training,15,14,True,True,True,False
6944,12,training,17,16,True,True,True,False
6945,12,training,14,13,True,True,True,False
6946,12,training,18,17,True,True,True,False
6947,12,training,18,15,False,False,True,True
6948,12,training,13,12,True,True,True,False
6950,12,training,11,10,True,True,True,False
6951,12,training,15,14,True,True,True,False
6952,12,training,19,18,True,True,True,False
6953,12,training,18,17,True,True,True,False
6956,12,training,14,13,True,True,True,False
6958,12,training,15,13,False,False,True,True
6960,12,training,13,12,True,True,True,False
6961,12,training,13,11,False,False,True,True
6963,12,training,13,11,False,False,True,True
6965,12,training,12,11,True,True,True,False
6966,12,training,17,15,False,False,True,True
6967,12,training,18,17,True,True,True,False
6968,12,training,12,11,True,True,True,False
6970,12,training,12,11,True,True,True,False
6971,12,training,21,19,True,True,True,False
6972,12,training,12,11,True,True,True,False
6973,12,training,12,10,False,False,True,True
6977,12,training,26,22,False,False,True,True
6978,12,training,13,12,True,True,True,False
6980,12,training,18,17,True,True,True,False
6981,12,training,18,17,True,True,True,False
6982,12,training,11,10,True,True,True,False
6983,12,training,15,14,True,True,True,False
6985,12,training,21,19,False,False,True,True
6986,12,training,16,15,True,True,True,False
6993,12,training,13,12,True,True,True,False
6994,12,training,14,13,True,True,True,False
6995,12,training,13,12,True,True,True,False
6996,12,training,14,13,True,True,True,False
6997,12,training,13,12,True,True,True,False
6998,12,training,16,15,True,True,True,False
7000,12,training,12,11,True,True,True,False
7003,12,training,17,16,True,True,True,False
7005,12,training,16,15,True,True,True,False
7008,12,training,18,17,True,True,True,False
7010,12,training,19,15,False,False,True,True
7011,12,training,18,14,False,False,True,True
7017,12,training,13,12,True,True,True,False
7019,12,training,14,13,True,True,True,False
7020,12,training,15,14,True,True,True,False
7025,12,training,14,10,False,False,True,True
7030,12,training,22,19,False,False,True,True
7032,12,training,12,10,False,False,True,True
7035,12,training,11,10,True,True,True,False
7036,12,training,16,13,False,False,True,True
7037,12,training,15,14,True,True,True,False
7040,12,training,14,13,True,True,True,False
7041,12,training,17,16,True,True,True,False
7043,12,training,20,19,True,True,True,False
7044,12,training,15,14,True,True,True,False
7047,12,training,19,18,True,True,True,False
7055,12,training,12,10,False,False,True,True
7061,12,training,12,11,True,True,True,False
7062,12,training,11,10,True,True,True,False
7063,12,training,11,10,True,True,True,False
7071,12,training,14,13,True,True,True,False
7072,12,training,20,19,True,True,True,False
7074,12,training,15,14,True,True,True,False
7075,12,training,16,15,True,True,True,False
7076,12,training,17,16,True,True,True,False
7077,12,training,23,22,True,True,True,False
7078,12,training,16,15,True,True,True,False
7079,12,training,13,12,True,True,True,False
7080,12,training,20,19,True,True,True,False
7081,12,training,19,17,False,False,True,True
7082,12,training,17,16,True,True,True,False
7083,12,training,16,15,True,True,True,False
7084,12,training,11,10,True,True,True,False
7086,12,training,22,21,True,True,True,False
7089,12,training,16,14,False,False,True,True
7090,12,training,12,11,True,True,True,False
7092,12,training,14,13,True,True,True,False
7093,12,training,11,10,True,True,True,False
7094,12,training,15,14,True,True,True,False
7096,12,training,16,14,False,False,True,True
7097,12,training,19,16,False,False,True,True
7098,12,training,17,16,True,True,True,False
7099,12,training,21,20,True,True,True,False
7101,12,training,17,16,True,True,True,False
7102,12,training,27,26,True,True,True,False
7104,12,training,11,10,True,True,True,False
7106,12,training,19,18,True,True,True,False
7108,12,training,17,16,True,True,True,False
7109,12,training,20,19,True,True,True,False
7112,12,training,13,12,True,True,True,False
7113,12,training,14,13,True,True,True,False
7120,12,training,17,15,False,False,True,True
7122,12,training,14,13,True,True,True,False
7123,12,training,14,13,True,True,True,False
7124,12,training,14,13,True,True,True,False
7125,12,training,17,16,True,True,True,False
7126,12,training,13,12,True,True,True,False
7127,12,training,13,11,False,False,True,True
7128,12,training,19,18,True,True,True,False
7129,12,training,15,14,True,True,True,False
7130,12,training,12,11,True,True,True,False
7133,12,training,17,16,True,True,True,False
7134,12,training,14,13,True,True,True,False
7137,12,training,17,15,False,False,True,True
7139,12,training,18,17,True,True,True,False
7140,12,training,13,12,True,True,True,False
7141,12,training,14,13,True,True,True,False
7144,12,training,17,16,False,False,True,True
7146,12,training,17,15,False,False,True,True
7148,12,training,17,16,True,True,True,False
7149,12,training,14,12,False,False,True,True
7150,12,training,15,11,False,False,True,True
7151,12,training,11,10,True,True,True,False
7152,12,training,17,15,False,False,True,True
7156,12,training,13,12,True,True,True,False
7164,12,training,14,13,True,True,True,False
7172,12,training,12,11,True,True,True,False
7173,12,training,13,12,True,True,True,False
7177,12,training,14,13,True,True,True,False
7181,12,training,18,17,True,True,True,False
7183,12,training,17,14,False,False,True,True
7186,12,training,16,15,True,True,True,False
7190,12,training,14,13,True,True,True,False
7191,12,training,16,15,True,True,True,False
7193,12,training,13,12,True,True,True,False
7194,12,training,19,18,False,False,True,True
7199,12,training,15,14,True,True,True,False
7201,12,training,19,17,False,False,True,True
7203,12,training,16,15,True,True,True,False
7205,12,training,16,15,True,True,True,False
7206,12,training,13,12,True,True,True,False
7207,12,training,14,13,True,True,True,False
7208,12,training,12,11,True,True,True,False
7209,12,training,18,17,True,True,True,False
7210,12,training,17,16,True,True,True,False
7212,12,training,12,10,False,False,True,True
7213,12,training,13,12,True,True,True,False
7214,12,training,21,20,True,True,True,False
7217,12,training,16,14,False,False,True,True
7218,12,training,19,17,False,False,True,True
7220,12,training,15,14,True,True,True,False
7222,13,training,12,10,False,False,True,True
7223,13,training,15,14,True,True,True,False
7225,13,training,15,14,True,True,True,False
7226,13,training,19,17,False,False,True,True
7227,13,training,12,10,False,False,True,True
7230,13,training,18,17,True,True,True,False
7231,13,training,18,17,True,True,True,False
7233,13,training,12,11,True,True,True,False
7234,13,training,13,12,True,True,True,False
7235,13,training,23,22,True,True,True,False
7236,13,training,19,17,False,False,True,True
7237,13,training,16,14,False,False,True,True
7238,13,training,19,18,True,True,True,False
7239,13,training,20,19,True,True,True,False
7240,13,training,19,18,True,True,True,False
7241,13,training,24,23,True,True,True,False
7242,13,training,16,15,True,True,True,False
7243,13,training,23,22,True,True,True,False
7244,13,training,23,21,False,False,True,True
7245,13,training,16,15,True,True,True,False
7246,13,training,23,22,True,True,True,False
7247,13,training,30,29,True,True,True,False
7248,13,training,27,26,True,True,True,False
7249,13,training,25,24,True,True,True,False
7250,13,training,17,16,True,True,True,False
7251,13,training,22,21,True,True,True,False
7252,13,training,22,19,False,False,True,True
7253,13,training,14,13,True,True,True,False
7254,13,training,19,18,True,True,True,False
7255,13,training,25,24,True,True,True,False
7257,13,training,18,17,True,True,True,False
7258,13,training,22,20,False,False,True,True
7259,13,training,25,24,True,True,True,False
7260,13,training,25,24,True,True,True,False
7261,13,training,17,16,True,True,True,False
7262,13,training,20,19,True,True,True,False
7263,13,training,17,16,True,True,True,False
7265,13,training,21,19,False,False,True,True
7267,13,training,19,17,False,False,True,True
7268,13,training,13,12,True,True,True,False
7270,13,training,13,12,True,True,True,False
7273,13,training,17,15,False,False,True,True
7274,13,training,20,19,True,True,True,False
7276,13,training,31,29,False,False,True,True
7277,13,training,23,21,False,False,True,True
7278,13,training,23,22,True,True,True,False
7279,13,training,21,20,True,True,True,False
7280,13,training,14,12,False,False,True,True
7283,13,training,20,19,True,True,True,False
7284,13,training,21,20,True,True,True,False
7285,13,training,17,15,False,False,True,True
7286,13,training,24,22,False,False,True,True
7287,13,training,25,24,True,True,True,False
7289,13,training,12,11,True,True,True,False
7290,13,training,17,15,False,False,True,True
7291,13,training,33,32,True,True,True,False
7293,13,training,19,18,True,True,True,False
7295,13,training,16,14,False,False,True,True
7296,13,training,22,21,True,True,True,False
7297,13,training,21,20,True,True,True,False
7300,13,training,22,20,False,False,True,True
7301,13,training,15,14,True,True,True,False
7303,13,training,17,16,True,True,True,False
7304,13,training,16,11,False,False,True,True
7305,13,training,12,11,True,True,True,False
7307,13,training,21,20,True,True,True,False
7309,13,training,20,18,False,False,True,True
7310,13,training,24,22,False,False,True,True
7311,13,training,20,19,True,True,True,False
7312,13,training,11,10,True,True,True,False
7313,13,training,35,30,False,False,True,True
7314,13,training,13,10,False,False,True,True
7315,13,training,13,12,True,True,True,False
7318,13,training,19,18,True,True,True,False
7321,13,training,13,12,True,True,True,False
7324,13,training,16,14,False,False,True,True
7330,13,training,14,11,False,False,True,True
7331,13,training,18,15,False,False,True,True
7358,13,training,13,12,True,True,True,False
7360,13,training,11,10,True,True,True,False
7363,13,training,12,11,True,True,True,False
7364,13,training,13,11,False,False,True,True
7369,13,training,17,15,False,False,True,True
7370,13,training,17,16,True,True,True,False
7372,13,training,14,13,True,True,True,False
7373,13,training,15,14,True,True,True,False
7374,13,training,17,16,True,True,True,False
7375,13,training,23,22,True,True,True,False
7376,13,training,17,16,True,True,True,False
7377,13,training,17,16,True,True,True,False
7378,13,training,11,10,True,True,True,False
7379,13,training,14,13,True,True,True,False
7381,13,training,19,17,False,False,True,True
7382,13,training,11,10,True,True,True,False
7383,13,training,15,13,False,False,True,True
7384,13,training,13,12,True,True,True,False
7385,13,training,13,11,False,False,True,True
7386,13,training,12,11,True,True,True,False
7387,13,training,14,12,False,False,True,True
7388,13,training,19,18,True,True,True,False
7389,13,training,13,12,True,True,True,False
7390,13,training,15,13,False,False,True,True
7392,13,training,15,14,False,False,True,True
7393,13,training,19,18,True,True,True,False
7394,13,training,29,26,False,False,True,True
7399,13,training,18,17,True,True,True,False
7400,13,training,11,10,True,True,True,False
7401,13,training,19,17,False,False,True,True
7402,13,training,24,22,False,False,True,True
7404,13,training,18,17,False,False,True,True
7405,13,training,21,20,True,True,True,False
7407,13,training,15,14,True,True,True,False
7408,13,training,13,11,False,False,True,True
7409,13,training,16,14,False,False,True,True
7410,13,training,13,10,False,False,True,True
7411,13,training,16,15,True,True,True,False
7412,13,training,16,15,True,True,True,False
7413,13,training,18,17,True,True,True,False
7414,13,training,14,12,False,False,True,True
7415,13,training,14,13,True,True,True,False
7416,13,training,19,18,True,True,True,False
7417,13,training,11,10,True,True,True,False
7420,13,training,11,10,True,True,True,False
7421,13,training,11,10,True,True,True,False
7424,13,training,14,13,True,True,True,False
7425,13,training,13,12,True,True,True,False
7427,13,training,24,23,True,True,True,False
7428,13,training,18,17,True,True,True,False
7429,13,training,20,19,True,True,True,False
7434,13,training,11,10,True,True,True,False
7437,13,training,15,13,False,False,True,True
7439,13,training,14,12,False,False,True,True
7440,13,training,17,15,False,False,True,True
7441,13,training,16,15,True,True,True,False
7443,13,training,17,16,True,True,True,False
7446,13,training,18,16,False,False,True,True
7447,13,training,13,12,True,True,True,False
7448,13,training,22,20,False,False,True,True
7449,13,training,20,19,True,True,True,False
7450,13,training,15,14,True,True,True,False
7453,13,training,21,20,True,True,True,False
7455,13,training,14,13,True,True,True,False
7456,13,training,12,10,False,False,True,True
7460,13,training,14,13,True,True,True,False
7461,13,training,17,15,False,False,True,True
7465,13,training,12,10,False,False,True,True
7468,13,training,26,21,False,False,True,True
7469,13,training,11,10,True,True,True,False
7474,13,training,13,11,False,False,True,True
7475,13,training,11,10,True,True,True,False
7476,13,training,11,10,True,True,True,False
7490,13,training,18,17,True,True,True,False
7502,13,training,13,11,False,False,True,True
7503,13,training,15,14,True,True,True,False
7504,13,training,12,11,True,True,True,False
7506,13,training,16,15,True,True,True,False
7510,13,training,17,16,True,True,True,False
7512,13,training,16,15,True,True,True,False
7513,13,training,19,17,False,False,True,True
7514,13,training,17,16,True,True,True,False
7515,13,training,24,23,False,False,True,True
7517,13,training,14,13,True,True,True,False
7518,13,training,20,19,True,True,True,False
7519,13,training,14,13,True,True,True,False
7520,13,training,21,20,True,True,True,False
7522,13,training,14,13,True,True,True,False
7523,13,training,25,23,False,False,True,True
7524,13,training,11,10,True,True,True,False
7525,13,training,16,14,False,False,True,True
7526,13,training,16,14,False,False,True,True
7527,13,training,16,15,True,True,True,False
7528,13,training,18,17,True,True,True,False
7529,13,training,14,12,False,False,True,True
7530,13,training,18,16,False,False,True,True
7531,13,training,19,18,True,True,True,False
7533,13,training,11,10,True,True,True,False
7534,13,training,24,23,True,True,True,False
7535,13,training,19,18,True,True,True,False
7536,13,training,25,24,True,True,True,False
7537,13,training,21,18,False,False,True,True
7538,13,training,17,16,True,True,True,False
7539,13,training,16,15,True,True,True,False
7541,13,training,13,12,True,True,True,False
7542,13,training,14,13,True,True,True,False
7543,13,training,15,14,True,True,True,False
7544,13,training,13,12,True,True,True,False
7545,13,training,18,13,False,False,True,True
7547,13,training,19,16,False,False,True,True
7549,13,training,16,15,True,True,True,False
7550,13,training,11,10,True,True,True,False
7552,13,training,13,12,True,True,True,False
7553,13,training,16,14,False,False,True,True
7554,13,training,16,15,True,True,True,False
7555,13,training,19,17,False,False,True,True
7556,13,training,21,19,False,False,True,True
7557,13,training,23,22,True,True,True,False
7558,13,training,23,22,True,True,True,False
7559,13,training,13,12,True,True,True,False
7560,13,training,11,10,True,True,True,False
7561,13,training,17,16,True,True,True,False
7569,13,training,13,12,True,True,True,False
7571,13,training,14,11,False,False,True,True
7573,13,training,20,19,True,True,True,False
7574,13,training,19,18,True,True,True,False
7575,13,training,19,18,True,True,True,False
7576,13,training,14,13,True,True,True,False
7577,13,training,17,14,False,False,True,True
7578,13,training,17,16,True,True,True,False
7580,13,training,20,19,True,True,True,False
7581,13,training,13,12,True,True,True,False
7582,13,training,15,14,True,True,True,False
7583,13,training,27,26,True,True,True,False
7584,13,training,14,13,True,True,True,False
7587,13,training,12,10,False,False,True,True
7589,13,training,16,14,False,False,True,True
7592,13,training,20,19,True,True,True,False
7594,13,training,16,14,False,False,True,True
7596,13,training,22,20,False,False,True,True
7600,13,training,24,21,False,False,True,True
7602,13,training,12,11,True,True,True,False
7603,13,training,16,13,False,False,True,True
7608,13,training,14,13,True,True,True,False
7612,13,training,19,17,False,False,True,True
7613,13,training,20,18,False,False,True,True
7617,13,training,22,20,False,False,True,True
7621,13,training,13,11,False,False,True,True
7623,13,training,16,13,False,False,True,True
7626,13,training,13,11,False,False,True,True
7627,13,training,18,17,True,True,True,False
7628,13,training,20,17,False,False,True,True
7629,13,training,12,11,True,True,True,False
7631,13,training,18,13,True,True,True,False
7640,13,training,11,10,True,True,True,False
7645,13,training,15,12,False,False,True,True
7652,13,training,13,12,True,True,True,False
7653,13,training,17,15,False,False,True,True
7654,13,training,11,10,True,True,True,False
7655,13,training,12,11,True,True,True,False
7657,13,training,14,12,False,False,True,True
7660,13,training,14,12,False,False,True,True
7663,13,training,13,12,True,True,True,False
7664,13,training,11,10,True,True,True,False
7665,13,training,20,19,False,False,True,True
7666,13,training,17,16,True,True,True,False
7667,13,training,19,17,True,True,True,False
7668,13,training,20,19,True,True,True,False
7669,13,training,15,14,True,True,True,False
7670,13,training,23,22,True,True,True,False
7671,13,training,11,10,True,True,True,False
7673,13,training,20,18,False,False,True,True
7674,13,training,13,11,False,False,True,True
7675,13,training,11,10,True,True,True,False
7676,13,training,21,20,True,True,True,False
7677,13,training,15,14,True,True,True,False
7678,13,training,14,13,True,True,True,False
7679,13,training,16,15,True,True,True,False
7680,13,training,17,15,False,False,True,True
7681,13,training,14,13,True,True,True,False
7682,13,training,27,26,True,True,True,False
7683,13,training,25,22,False,False,True,True
7685,13,training,14,13,True,True,True,False
7686,13,training,15,14,True,True,True,False
7688,13,training,16,15,True,True,True,False
7689,13,training,25,24,True,True,True,False
7690,13,training,18,17,True,True,True,False
7691,13,training,16,15,True,True,True,False
7692,13,training,14,13,True,True,True,False
7693,13,training,26,23,False,False,True,True
7694,13,training,22,20,False,False,True,True
7695,13,training,15,14,False,False,True,True
7697,13,training,14,13,True,True,True,False
7698,13,training,12,11,True,True,True,False
7699,13,training,27,26,True,True,True,False
7700,13,training,16,15,True,True,True,False
7701,13,training,25,24,True,True,True,False
7702,13,training,21,20,True,True,True,False
7703,13,training,18,17,True,True,True,False
7706,13,training,14,13,True,True,True,False
7707,13,training,18,16,False,False,True,True
7710,13,training,15,14,True,True,True,False
7711,13,training,12,11,True,True,True,False
7712,13,training,19,18,True,True,True,False
7713,13,training,21,19,False,False,True,True
7715,13,training,12,11,True,True,True,False
7716,13,training,12,11,True,True,True,False
7717,13,training,13,12,True,True,True,False
7718,13,training,21,20,True,True,True,False
7719,13,training,26,24,False,False,True,True
7722,13,training,17,15,False,False,True,True
7723,13,training,15,13,True,True,True,False
7724,13,training,16,11,False,False,True,True
7725,13,training,17,15,False,False,True,True
7727,13,training,16,15,True,True,True,False
7728,13,training,12,11,True,True,True,False
7729,13,training,16,15,True,True,True,False
7731,13,training,14,13,True,True,True,False
7733,13,training,18,17,True,True,True,False
7734,13,training,17,15,False,False,True,True
7736,13,training,20,19,True,True,True,False
7737,13,training,15,14,True,True,True,False
7738,13,training,15,11,False,False,True,True
7739,13,training,12,11,True,True,True,False
7740,13,training,16,15,True,True,True,False
7741,13,training,13,12,True,True,True,False
7742,13,training,16,15,True,True,True,False
7743,13,training,20,17,False,False,True,True
7744,13,training,22,17,False,False,True,True
7748,13,training,13,12,True,True,True,False
7750,13,training,14,13,True,True,True,False
7755,13,training,12,11,True,True,True,False
7756,13,training,17,15,False,False,True,True
7757,13,training,11,10,True,True,True,False
7758,13,training,16,15,True,True,True,False
7759,13,training,16,15,True,True,True,False
7761,13,training,16,15,True,True,True,False
7762,13,training,11,10,True,True,True,False
7764,13,training,22,20,True,True,True,False
7765,13,training,12,10,False,False,True,True
7766,13,training,15,14,False,False,True,True
7768,13,training,17,16,True,True,True,False
7770,13,training,15,14,True,True,True,False
7774,13,training,12,11,True,True,True,False
7777,13,training,14,13,True,True,True,False
7789,13,training,12,10,False,False,True,True
7791,13,training,11,10,True,True,True,False
7797,13,training,16,14,False,False,True,True
7799,13,training,12,10,True,True,True,False
7802,13,training,18,17,True,True,True,False
7804,13,training,17,16,True,True,True,False
7805,13,training,20,19,True,True,True,False
7809,13,training,15,14,True,True,True,False
7811,13,training,15,14,False,False,True,True
7812,13,training,13,12,True,True,True,False
7813,13,training,14,12,False,False,True,True
7814,13,training,14,13,True,True,True,False
7815,13,training,16,15,True,True,True,False
7817,13,training,12,10,False,False,True,True
7819,13,training,14,13,True,True,True,False
7820,14,training,16,15,True,True,True,False
7821,14,training,13,12,True,True,True,False
7822,14,training,17,15,False,False,True,True
7823,14,training,14,13,True,True,True,False
7824,14,training,20,19,True,True,True,False
7825,14,training,19,17,False,False,True,True
7826,14,training,12,11,True,True,True,False
7827,14,training,21,19,False,False,True,True
7828,14,training,15,14,True,True,True,False
7829,14,training,20,19,True,True,True,False
7830,14,training,18,17,True,True,True,False
7831,14,training,19,18,True,True,True,False
7832,14,training,14,13,True,True,True,False
7833,14,training,18,17,True,True,True,False
7834,14,training,24,23,True,True,True,False
7835,14,training,18,17,True,True,True,False
7836,14,training,18,17,True,True,True,False
7837,14,training,21,20,True,True,True,False
7838,14,training,25,24,True,True,True,False
7840,14,training,29,23,False,False,True,True
7842,14,training,20,19,True,True,True,False
7843,14,training,18,17,True,True,True,False
7844,14,training,15,14,True,True,True,False
7845,14,training,14,12,False,False,True,True
7846,14,training,26,25,False,False,True,True
7847,14,training,16,15,True,True,True,False
7848,14,training,12,10,False,False,True,True
7849,14,training,26,25,True,True,True,False
7850,14,training,19,17,False,False,True,True
7851,14,training,15,13,False,False,True,True
7852,14,training,13,12,True,True,True,False
7853,14,training,14,13,True,True,True,False
7855,14,training,23,20,False,False,True,True
7856,14,training,20,19,True,True,True,False
7857,14,training,16,14,False,False,True,True
7858,14,training,25,24,True,True,True,False
7859,14,training,13,11,False,False,True,True
7860,14,training,19,17,False,False,True,True
7862,14,training,21,19,False,False,True,True
7863,14,training,17,16,True,True,True,False
7864,14,training,13,12,True,True,True,False
7865,14,training,12,11,True,True,True,False
7866,14,training,13,12,True,True,True,False
7868,14,training,20,18,False,False,True,True
7869,14,training,17,13,False,False,True,True
7870,14,training,15,14,True,True,True,False
7871,14,training,22,21,True,True,True,False
7872,14,training,24,23,True,True,True,False
7873,14,training,16,15,True,True,True,False
7874,14,training,15,14,True,True,True,False
7875,14,training,17,16,True,True,True,False
7878,14,training,13,12,True,True,True,False
7879,14,training,19,16,False,False,True,True
7880,14,training,20,19,True,True,True,False
7881,14,training,17,16,True,True,True,False
7882,14,training,17,15,False,False,True,True
7883,14,training,16,15,True,True,True,False
7886,14,training,22,21,True,True,True,False
7888,14,training,21,20,True,True,True,False
7890,14,training,14,13,True,True,True,False
7891,14,training,15,10,False,False,True,True
7892,14,training,13,12,True,True,True,False
7893,14,training,21,18,False,False,True,True
7894,14,training,21,19,False,False,True,True
7895,14,training,14,13,True,True,True,False
7896,14,training,14,13,True,True,True,False
7897,14,training,12,11,True,True,True,False
7898,14,training,12,11,True,True,True,False
7899,14,training,21,20,True,True,True,False
7900,14,training,19,15,False,False,True,True
7901,14,training,15,14,True,True,True,False
7902,14,training,20,18,False,False,True,True
7903,14,training,14,11,False,False,True,True
7904,14,training,19,17,False,False,True,True
7905,14,training,13,12,True,True,True,False
7908,14,training,20,19,True,True,True,False
7910,14,training,21,20,True,True,True,False
7911,14,training,18,15,False,False,True,True
7914,14,training,11,10,True,True,True,False
7918,14,training,12,11,True,True,True,False
7919,14,training,11,10,True,True,True,False
7929,14,training,17,16,True,True,True,False
7931,14,training,15,14,True,True,True,False
7933,14,training,17,16,True,True,True,False
7939,14,training,12,10,True,True,True,False
7947,14,training,12,10,False,False,True,True
7948,14,training,18,17,True,True,True,False
7949,14,training,13,12,True,True,True,False
7951,14,training,11,10,True,True,True,False
7953,14,training,11,10,True,True,True,False
7957,14,training,18,16,False,False,True,True
7958,14,training,21,20,True,True,True,False
7959,14,training,17,16,True,True,True,False
7960,14,training,14,12,False,False,True,True
7961,14,training,13,12,True,True,True,False
7962,14,training,19,18,True,True,True,False
7964,14,training,13,12,True,True,True,False
7965,14,training,13,12,True,True,True,False
7966,14,training,20,18,False,False,True,True
7968,14,training,11,10,True,True,True,False
7969,14,training,18,17,True,True,True,False
7970,14,training,19,18,True,True,True,False
7971,14,training,12,11,True,True,True,False
7972,14,training,14,13,True,True,True,False
7973,14,training,19,17,False,False,True,True
7974,14,training,26,25,True,True,True,False
7975,14,training,16,15,True,True,True,False
7976,14,training,15,12,False,False,True,True
7978,14,training,17,15,False,False,True,True
7979,14,training,20,19,True,True,True,False
7980,14,training,23,20,False,False,True,True
7981,14,training,23,22,True,True,True,False
7983,14,training,20,17,False,False,True,True
7984,14,training,16,15,True,True,True,False
7986,14,training,21,20,True,True,True,False
7987,14,training,19,17,False,False,True,True
7988,14,training,14,11,False,False,True,True
7989,14,training,13,12,True,True,True,False
7990,14,training,12,11,True,True,True,False
7991,14,training,20,19,True,True,True,False
7993,14,training,15,14,True,True,True,False
7994,14,training,17,15,False,False,True,True
7995,14,training,23,22,True,True,True,False
7996,14,training,17,16,True,True,True,False
7997,14,training,18,16,False,False,True,True
7998,14,training,23,22,True,True,True,False
7999,14,training,11,10,True,True,True,False
8000,14,training,12,11,True,True,True,False
8001,14,training,22,20,False,False,True,True
8002,14,training,16,15,True,True,True,False
8003,14,training,12,11,True,True,True,False
8004,14,training,16,15,True,True,True,False
8005,14,training,19,18,True,True,True,False
8006,14,training,16,15,True,True,True,False
8007,14,training,18,17,False,False,True,True
8008,14,training,13,12,True,True,True,False
8009,14,training,11,10,True,True,True,False
8010,14,training,16,15,True,True,True,False
8011,14,training,21,19,False,False,True,True
8012,14,training,23,21,False,False,True,True
8013,14,training,11,10,True,True,True,False
8014,14,training,13,12,True,True,True,False
8015,14,training,15,14,True,True,True,False
8016,14,training,16,15,True,True,True,False
8018,14,training,22,20,False,False,True,True
8019,14,training,21,19,False,False,True,True
8020,14,training,13,11,False,False,True,True
8022,14,training,20,18,False,False,True,True
8024,14,training,14,13,True,True,True,False
8025,14,training,12,11,True,True,True,False
8027,14,training,20,19,True,True,True,False
8029,14,training,14,13,True,True,True,False
8030,14,training,18,16,False,False,True,True
8032,14,training,14,13,True,True,True,False
8034,14,training,11,10,True,True,True,False
8038,14,training,14,13,True,True,True,False
8041,14,training,15,14,True,True,True,False
8042,14,training,22,21,True,True,True,False
8043,14,training,18,17,True,True,True,False
8045,14,training,14,13,True,True,True,False
8046,14,training,17,16,True,True,True,False
8047,14,training,16,15,True,True,True,False
8050,14,training,12,11,True,True,True,False
8051,14,training,20,18,False,False,True,True
8052,14,training,14,12,False,False,True,True
8055,14,training,12,10,True,True,True,False
8056,14,training,13,11,False,False,True,True
8061,14,training,13,11,True,False,True,False
8063,14,training,15,13,False,False,True,True
8064,14,training,15,13,True,True,True,False
8086,14,training,12,11,True,True,True,False
8087,14,training,19,18,False,False,True,True
8091,14,training,13,12,True,True,True,False
8096,14,training,12,11,True,True,True,False
8101,14,training,16,15,True,True,True,False
8103,14,training,14,13,True,True,True,False
8104,14,training,14,13,True,True,True,False
8105,14,training,23,22,True,True,True,False
8106,14,training,25,21,False,False,True,True
8107,14,training,16,14,True,True,True,False
8108,14,training,19,18,True,True,True,False
8109,14,training,17,15,False,False,True,True
8110,14,training,18,16,False,False,True,True
8111,14,training,16,15,True,True,True,False
8113,14,training,24,21,False,False,True,True
8114,14,training,15,14,True,True,True,False
8117,14,training,14,13,True,True,True,False
8118,14,training,18,17,True,True,True,False
8119,14,training,13,12,True,True,True,False
8120,14,training,12,11,True,True,True,False
8121,14,training,13,12,True,True,True,False
8122,14,training,24,23,True,True,True,False
8123,14,training,20,19,True,True,True,False
8124,14,training,15,14,True,True,True,False
8126,14,training,11,10,True,True,True,False
8127,14,training,15,14,True,True,True,False
8128,14,training,25,22,False,False,True,True
8129,14,training,27,26,True,True,True,False
8130,14,training,17,15,False,False,True,True
8133,14,training,11,10,True,True,True,False
8134,14,training,18,16,False,False,True,True
8135,14,training,23,20,False,False,True,True
8137,14,training,13,10,False,False,True,True
8138,14,training,17,16,True,True,True,False
8139,14,training,17,16,True,True,True,False
8141,14,training,14,13,True,True,True,False
8142,14,training,11,10,True,True,True,False
8144,14,training,17,16,True,True,True,False
8145,14,training,12,11,True,True,True,False
8146,14,training,20,18,False,False,True,True
8148,14,training,17,16,True,True,True,False
8150,14,training,14,12,False,False,True,True
8151,14,training,21,18,False,False,True,True
8152,14,training,11,10,True,True,True,False
8153,14,training,21,19,False,False,True,True
8154,14,training,15,14,True,True,True,False
8155,14,training,15,14,True,True,True,False
8156,14,training,14,12,False,False,True,True
8157,14,training,15,14,True,True,True,False
8159,14,training,19,17,False,False,True,True
8162,14,training,17,16,True,True,True,False
8163,14,training,19,18,True,True,True,False
8164,14,training,20,17,False,False,True,True
8165,14,training,13,12,True,True,True,False
8166,14,training,21,20,True,True,True,False
8167,14,training,19,16,False,False,True,True
8168,14,training,17,14,False,False,True,True
8169,14,training,24,21,False,False,True,True
8170,14,training,15,14,True,True,True,False
8172,14,training,15,14,True,True,True,False
8174,14,training,14,13,True,True,True,False
8175,14,training,14,13,True,True,True,False
8176,14,training,22,21,True,True,True,False
8177,14,training,20,19,True,True,True,False
8178,14,training,13,11,False,False,True,True
8182,14,training,14,12,False,False,True,True
8183,14,training,12,11,True,True,True,False
8188,14,training,12,10,False,False,True,True
8191,14,training,13,12,True,True,True,False
8192,14,training,23,21,False,False,True,True
8194,14,training,13,12,True,True,True,False
8202,14,training,17,15,True,True,True,False
8204,14,training,15,11,False,False,True,True
8213,14,training,15,14,True,True,True,False
8214,14,training,13,10,False,False,True,True
8215,14,training,12,10,False,False,True,True
8220,14,training,14,12,False,False,True,True
8222,14,training,14,13,True,True,True,False
8225,14,training,19,18,True,True,True,False
8226,14,training,22,20,False,False,True,True
8227,14,training,19,18,True,True,True,False
8229,14,training,15,14,True,True,True,False
8230,14,training,23,21,False,False,True,True
8232,14,training,14,13,True,True,True,False
8233,14,training,20,16,False,False,True,True
8234,14,training,14,13,True,True,True,False
8235,14,training,17,16,True,True,True,False
8236,14,training,22,20,False,False,True,True
8237,14,training,11,10,True,True,True,False
8239,14,training,21,20,True,True,True,False
8240,14,training,21,18,False,False,True,True
8241,14,training,18,16,False,False,True,True
8242,14,training,12,11,True,True,True,False
8243,14,training,28,26,False,False,True,True
8244,14,training,16,14,False,False,True,True
8245,14,training,13,12,True,True,True,False
8246,14,training,21,18,False,False,True,True
8247,14,training,12,11,True,True,True,False
8248,14,training,23,21,False,False,True,True
8249,14,training,15,13,False,False,True,True
8250,14,training,20,17,False,False,True,True
8251,14,training,21,19,False,False,True,True
8252,14,training,11,10,True,True,True,False
8258,14,training,15,14,True,True,True,False
8259,14,training,16,15,True,True,True,False
8260,14,training,11,10,True,True,True,False
8261,14,training,15,14,True,True,True,False
8262,14,training,14,13,True,True,True,False
8263,14,training,19,17,False,False,True,True
8264,14,training,12,11,True,True,True,False
8266,14,training,18,17,True,True,True,False
8267,14,training,19,18,True,True,True,False
8268,14,training,17,16,True,True,True,False
8270,14,training,17,16,True,True,True,False
8271,14,training,25,23,False,False,True,True
8272,14,training,21,19,False,False,True,True
8273,14,training,19,17,False,False,True,True
8274,14,training,12,10,False,False,True,True
8276,14,training,18,16,False,False,True,True
8277,14,training,18,17,True,True,True,False
8278,14,training,12,11,True,True,True,False
8279,14,training,17,13,False,False,True,True
8280,14,training,20,15,False,False,True,True
8281,14,training,17,16,True,True,True,False
8282,14,training,16,13,False,False,True,True
8290,14,training,18,14,False,False,True,True
8294,14,training,17,16,True,True,True,False
8296,14,training,19,18,True,True,True,False
8297,14,training,12,11,True,True,True,False
8298,14,training,19,17,False,False,True,True
8301,14,training,12,11,True,True,True,False
8302,14,training,22,21,True,True,True,False
8304,14,training,12,11,True,True,True,False
8305,14,training,22,19,False,False,True,True
8306,14,training,20,19,True,True,True,False
8307,14,training,21,18,False,False,True,True
8312,14,training,17,16,True,True,True,False
8313,14,training,12,10,True,True,True,False
8314,14,training,15,14,True,True,True,False
8315,14,training,16,15,True,True,True,False
8318,14,training,11,10,True,True,True,False
8319,14,training,17,16,True,True,True,False
8320,14,training,15,13,False,False,True,True
8321,14,training,12,10,False,False,True,True
8323,14,training,18,17,True,True,True,False
8328,14,training,12,11,True,True,True,False
8333,14,training,14,13,True,True,True,False
8334,14,training,16,15,True,True,True,False
8338,14,training,15,10,False,False,True,True
8339,14,training,19,17,False,False,True,True
8340,14,training,13,11,True,True,True,False
8349,14,training,14,13,True,True,True,False
8351,14,training,18,17,True,True,True,False
8352,14,training,12,11,True,True,True,False
8364,14,training,11,10,True,True,True,False
8366,14,training,15,14,True,True,True,False
8368,14,training,16,12,False,False,True,True
8375,14,training,20,16,False,False,True,True
8376,14,training,25,19,False,False,True,True
8377,14,training,15,12,False,False,True,True
8378,14,training,15,14,True,True,True,False
8379,14,training,19,18,True,True,True,False
8380,14,training,19,17,False,False,True,True
8381,14,training,23,20,False,False,True,True
8382,14,training,19,18,True,True,True,False
8383,14,training,15,12,False,False,True,True
8384,14,training,18,17,True,True,True,False
8385,14,training,19,16,False,False,True,True
8386,14,training,17,15,False,False,True,True
8387,14,training,13,12,True,True,True,False
8388,14,training,19,18,True,True,True,False
8389,14,training,28,24,False,False,True,True
8391,14,training,17,15,False,False,True,True
8392,14,training,14,12,False,False,True,True
8394,14,training,19,17,False,False,True,True
8395,14,training,17,16,True,True,True,False
8396,14,training,20,17,False,False,True,True
8398,14,training,14,13,True,True,True,False
8399,14,training,18,17,True,True,True,False
8400,14,training,14,12,False,False,True,True
8401,14,training,19,18,False,False,True,True
8403,14,training,20,18,False,False,True,True
8404,14,training,15,14,True,True,True,False
8405,14,training,20,19,True,True,True,False
8406,14,training,20,19,True,True,True,False
8407,14,training,12,11,True,True,True,False
8408,14,training,22,21,True,True,True,False
8409,14,training,20,19,True,True,True,False
8410,14,training,19,17,False,False,True,True
8411,14,training,13,11,False,False,True,True
8412,14,training,19,18,True,True,True,False
8415,14,training,14,13,True,True,True,False
8416,14,training,26,20,False,False,True,True
8417,14,training,29,25,False,False,True,True
8418,14,training,19,17,False,False,True,True
8419,14,training,16,15,True,True,True,False
8420,14,training,18,17,True,True,True,False
8421,14,training,17,16,True,True,True,False
8422,14,training,14,13,True,True,True,False
8423,14,training,13,12,True,True,True,False
8424,14,training,11,10,True,True,True,False
8425,14,training,18,16,False,False,True,True
8427,14,training,14,13,True,True,True,False
8431,14,training,14,13,True,True,True,False
8432,14,training,24,19,False,False,True,True
8433,14,training,13,12,True,True,True,False
8434,14,training,27,24,False,False,True,True
8435,14,training,17,14,False,False,True,True
8436,14,training,14,13,True,True,True,False
8437,14,training,18,17,True,True,True,False
8439,14,training,14,13,True,True,True,False
8440,14,training,18,17,True,True,True,False
8442,14,training,12,11,True,True,True,False
8443,14,training,18,16,False,False,True,True
8444,14,training,12,11,True,True,True,False
8447,14,training,18,17,True,True,True,False
8448,14,training,12,11,True,True,True,False
8449,14,training,15,14,True,True,True,False
8451,14,training,14,11,False,False,True,True
8453,14,training,13,12,True,True,True,False
8454,14,training,23,21,False,False,True,True
8456,14,training,16,15,True,True,True,False
8458,14,training,13,12,True,True,True,False
8459,14,training,25,24,True,True,True,False
8460,14,training,19,17,False,False,True,True
8464,14,training,11,10,True,True,True,False
8467,14,training,15,13,True,True,True,False
8468,14,training,11,10,True,True,True,False
8469,14,training,11,10,True,True,True,False
8470,14,training,13,12,True,True,True,False
8471,14,training,12,11,True,True,True,False
8475,14,training,12,10,False,False,True,True
8477,14,training,12,11,True,True,True,False
8478,14,training,12,11,False,False,True,True
8479,14,training,16,15,True,True,True,False
8481,14,training,15,13,False,False,True,True
8483,14,training,11,10,True,False,True,False
8484,14,training,11,10,True,True,True,False
8494,14,training,15,11,False,False,True,True
8498,14,training,23,22,True,True,True,False
8499,14,training,16,15,True,True,True,False
8500,14,training,14,13,True,True,True,False
8502,14,training,15,12,False,False,True,True
8506,14,training,22,21,True,True,True,False
8509,14,training,18,17,True,True,True,False
8511,14,training,16,14,False,False,True,True
8513,14,training,11,10,True,True,True,False
8514,14,training,13,12,True,True,True,False
8519,14,training,16,14,False,False,True,True
8521,14,training,13,11,False,False,True,True
8522,14,training,13,12,True,True,True,False
8523,14,training,12,11,True,True,True,False
8524,14,training,11,10,True,True,True,False
8526,14,training,14,13,True,True,True,False
8528,14,training,17,16,True,True,True,False
8529,14,training,14,13,True,True,True,False
8531,14,training,17,16,True,True,True,False
8532,15,training,17,16,True,True,True,False
8533,15,training,16,15,True,True,True,False
8534,15,training,18,17,True,True,True,False
8535,15,training,14,13,True,True,True,False
8536,15,training,14,13,True,True,True,False
8538,15,training,18,16,False,False,True,True
8539,15,training,27,24,False,False,True,True
8540,15,training,19,18,True,True,True,False
8541,15,training,19,17,False,False,True,True
8542,15,training,17,16,True,True,True,False
8543,15,training,15,13,False,False,True,True
8544,15,training,20,19,True,True,True,False
8545,15,training,23,21,False,False,True,True
8547,15,training,27,25,False,False,True,True
8550,15,training,11,10,True,True,True,False
8551,15,training,14,13,True,True,True,False
8553,15,training,17,16,True,True,True,False
8554,15,training,23,20,False,False,True,True
8556,15,training,13,12,True,True,True,False
8557,15,training,20,19,True,True,True,False
8558,15,training,25,21,False,False,True,True
8559,15,training,14,13,True,True,True,False
8560,15,training,12,11,True,True,True,False
8561,15,training,19,17,False,False,True,True
8562,15,training,21,20,True,True,True,False
8563,15,training,16,15,True,True,True,False
8564,15,training,16,15,True,True,True,False
8565,15,training,23,22,True,True,True,False
8566,15,training,26,24,False,False,True,True
8567,15,training,23,21,False,False,True,True
8568,15,training,17,16,True,True,True,False
8569,15,training,18,17,True,True,True,False
8571,15,training,11,10,True,True,True,False
8572,15,training,17,16,True,True,True,False
8573,15,training,16,15,True,True,True,False
8574,15,training,28,26,False,False,True,True
8575,15,training,27,25,False,False,True,True
8576,15,training,17,16,True,True,True,False
8577,15,training,20,19,True,True,True,False
8578,15,training,16,15,True,True,True,False
8579,15,training,18,17,True,True,True,False
8581,15,training,16,15,True,True,True,False
8583,15,training,19,18,True,True,True,False
8584,15,training,14,13,True,True,True,False
8585,15,training,21,17,False,False,True,True
8586,15,training,11,10,True,True,True,False
8587,15,training,13,12,True,True,True,False
8588,15,training,23,22,True,True,True,False
8589,15,training,17,15,False,False,True,True
8591,15,training,15,14,True,True,True,False
8592,15,training,14,13,True,True,True,False
8593,15,training,21,20,True,True,True,False
8594,15,training,24,23,True,True,True,False
8595,15,training,19,18,True,True,True,False
8598,15,training,13,12,True,True,True,False
8599,15,training,20,16,False,False,True,True
8600,15,training,15,14,True,True,True,False
8602,15,training,14,13,True,True,True,False
8603,15,training,20,19,True,True,True,False
8604,15,training,23,22,True,True,True,False
8605,15,training,12,11,True,True,True,False
8607,15,training,12,11,False,False,True,True
8608,15,training,20,19,True,True,True,False
8609,15,training,15,13,False,False,True,True
8611,15,training,16,15,True,True,True,False
8612,15,training,21,20,True,True,True,False
8613,15,training,14,13,True,True,True,False
8615,15,training,11,10,True,True,True,False
8616,15,training,15,14,True,True,True,False
8619,15,training,17,16,True,True,True,False
8620,15,training,14,13,False,False,True,True
8623,15,training,12,11,True,True,True,False
8625,15,training,15,13,False,False,True,True
8629,15,training,11,10,True,True,True,False
8640,15,training,12,11,True,True,True,False
8641,15,training,13,11,False,False,True,True
8654,15,training,12,10,False,False,True,True
8656,15,training,11,10,True,True,True,False
8657,15,training,13,12,True,True,True,False
8660,15,training,17,15,False,False,True,True
8662,15,training,14,12,False,False,True,True
8664,15,training,20,19,True,True,True,False
8665,15,training,16,15,True,True,True,False
8666,15,training,16,14,False,False,True,True
8667,15,training,12,11,True,True,True,False
8668,15,training,16,13,False,False,True,True
8669,15,training,15,14,True,True,True,False
8670,15,training,13,11,False,False,True,True
8671,15,training,25,24,True,True,True,False
8672,15,training,19,18,True,True,True,False
8673,15,training,15,13,False,False,True,True
8674,15,training,13,12,True,True,True,False
8675,15,training,21,18,False,False,True,True
8676,15,training,12,10,False,False,True,True
8677,15,training,23,21,False,False,True,True
8678,15,training,15,14,True,True,True,False
8679,15,training,14,13,True,True,True,False
8680,15,training,19,18,True,True,True,False
8681,15,training,17,16,True,True,True,False
8682,15,training,13,12,True,True,True,False
8684,15,training,24,22,False,False,True,True
8685,15,training,15,13,False,False,True,True
8687,15,training,11,10,True,True,True,False
8688,15,training,22,21,True,True,True,False
8689,15,training,15,14,True,True,True,False
8690,15,training,19,18,True,True,True,False
8691,15,training,21,19,False,False,True,True
8692,15,training,17,16,True,True,True,False
8694,15,training,13,12,True,True,True,False
8695,15,training,23,21,False,False,True,True
8696,15,training,13,11,False,False,True,True
8697,15,training,19,17,False,False,True,True
8698,15,training,12,11,True,True,True,False
8699,15,training,18,17,True,True,True,False
8700,15,training,15,13,False,False,True,True
8701,15,training,17,16,True,True,True,False
8702,15,training,13,10,False,False,True,True
8703,15,training,13,10,False,False,True,True
8705,15,training,20,18,False,False,True,True
8706,15,training,29,26,False,False,True,True
8707,15,training,12,11,True,True,True,False
8708,15,training,12,11,True,True,True,False
8709,15,training,17,15,False,False,True,True
8710,15,training,13,11,False,False,True,True
8711,15,training,21,18,False,False,True,True
8712,15,training,13,11,False,False,True,True
8713,15,training,17,15,False,False,True,True
8714,15,training,12,11,True,True,True,False
8716,15,training,13,11,True,True,True,False
8717,15,training,14,13,True,True,True,False
8718,15,training,21,20,True,True,True,False
8719,15,training,13,11,False,False,True,True
8720,15,training,13,11,False,False,True,True
8721,15,training,12,11,True,True,True,False
8722,15,training,19,18,True,True,True,False
8723,15,training,20,16,False,False,True,True
8724,15,training,17,16,True,True,True,False
8725,15,training,19,17,False,False,True,True
8726,15,training,13,12,True,True,True,False
8728,15,training,24,21,False,False,True,True
8729,15,training,17,16,True,True,True,False
8733,15,training,16,14,False,False,True,True
8736,15,training,15,14,True,True,True,False
8739,15,training,20,19,True,True,True,False
8740,15,training,14,12,True,True,True,False
8741,15,training,19,17,False,False,True,True
8742,15,training,18,16,False,False,True,True
8743,15,training,12,11,True,True,True,False
8744,15,training,18,16,False,False,True,True
8745,15,training,20,19,True,True,True,False
8747,15,training,11,10,True,True,True,False
8749,15,training,16,15,True,True,True,False
8751,15,training,22,19,False,False,True,True
8754,15,training,12,11,True,True,True,False
8755,15,training,22,20,False,False,True,True
8757,15,training,14,13,True,True,True,False
8758,15,training,19,16,False,False,True,True
8764,15,training,12,10,False,False,True,True
8766,15,training,20,19,True,True,True,False
8767,15,training,15,14,True,True,True,False
8769,15,training,19,17,False,False,True,True
8772,15,training,12,11,True,True,True,False
8777,15,training,18,14,False,False,True,True
8778,15,training,13,11,False,False,True,True
8783,15,training,16,15,False,False,True,True
8785,15,training,13,12,True,True,True,False
8800,15,training,12,11,True,True,True,False
8802,15,training,15,13,False,False,True,True
8804,15,training,11,10,True,True,True,False
8811,15,training,12,10,False,False,True,True
8813,15,training,16,15,True,True,True,False
8814,15,training,13,12,True,True,True,False
8815,15,training,13,11,False,False,True,True
8816,15,training,19,17,False,False,True,True
8817,15,training,22,21,True,True,True,False
8818,15,training,20,18,False,False,True,True
8819,15,training,22,21,True,True,True,False
8820,15,training,15,14,True,True,True,False
8821,15,training,24,22,False,False,True,True
8822,15,training,12,11,True,True,True,False
8823,15,training,13,10,False,False,True,True
8824,15,training,14,11,False,False,True,True
8825,15,training,12,10,False,False,True,True
8826,15,training,16,15,True,True,True,False
8827,15,training,15,14,True,True,True,False
8828,15,training,15,14,True,True,True,False
8829,15,training,15,14,True,True,True,False
8832,15,training,12,11,True,True,True,False
8833,15,training,15,14,True,True,True,False
8834,15,training,16,15,True,True,True,False
8835,15,training,20,18,False,False,True,True
8837,15,training,27,25,False,False,True,True
8838,15,training,12,10,False,False,True,True
8839,15,training,26,25,True,True,True,False
8840,15,training,15,14,True,True,True,False
8841,15,training,14,13,True,True,True,False
8842,15,training,11,10,True,True,True,False
8843,15,training,21,18,False,False,True,True
8844,15,training,19,17,False,False,True,True
8845,15,training,19,18,True,True,True,False
8847,15,training,22,20,False,False,True,True
8849,15,training,17,16,True,True,True,False
8850,15,training,16,14,False,False,True,True
8851,15,training,13,12,True,True,True,False
8852,15,training,18,16,False,False,True,True
8853,15,training,18,17,True,True,True,False
8854,15,training,12,11,True,True,True,False
8857,15,training,12,11,True,True,True,False
8858,15,training,11,10,True,True,True,False
8861,15,training,29,25,False,False,True,True
8862,15,training,15,13,False,False,True,True
8863,15,training,11,10,True,True,True,False
8866,15,training,16,15,True,True,True,False
8867,15,training,17,16,True,True,True,False
8868,15,training,13,12,True,True,True,False
8869,15,training,20,19,False,False,True,True
8870,15,training,18,12,False,False,True,True
8872,15,training,18,14,False,False,True,True
8877,15,training,20,19,True,True,True,False
8878,15,training,20,19,True,True,True,False
8879,15,training,17,16,True,True,True,False
8880,15,training,20,19,True,True,True,False
8881,15,training,12,11,True,True,True,False
8882,15,training,12,10,False,False,True,True
8883,15,training,20,17,False,False,True,True
8887,15,training,13,11,True,True,True,False
8889,15,training,14,12,False,False,True,True
8890,15,training,12,10,False,False,True,True
8893,15,training,16,14,False,False,True,True
8894,15,training,12,11,True,True,True,False
8896,15,training,13,12,True,True,True,False
8897,15,training,12,11,True,True,True,False
8898,15,training,22,18,False,False,True,True
8901,15,training,12,10,True,True,True,False
8902,15,training,14,13,True,True,True,False
8903,15,training,20,14,False,False,True,True
8904,15,training,13,12,True,True,True,False
8906,15,training,18,17,True,True,True,False
8908,15,training,16,12,False,False,True,True
8910,15,training,20,17,False,False,True,True
8914,15,training,12,10,True,False,True,False
8924,15,training,11,10,True,True,True,False
8925,15,training,15,14,True,True,True,False
8926,15,training,12,10,False,False,True,True
8927,15,training,12,11,True,True,True,False
8932,15,training,18,15,False,False,True,True
8934,15,training,23,21,False,False,True,True
8935,15,training,18,16,False,False,True,True
8938,15,training,20,18,False,False,True,True
8939,15,training,18,17,True,True,True,False
8940,15,training,13,12,True,True,True,False
8941,15,training,17,14,False,False,True,True
8942,15,training,20,18,False,False,True,True
8944,15,training,19,17,False,False,True,True
8945,15,training,13,12,True,True,True,False
8946,15,training,11,10,True,True,True,False
8947,15,training,23,20,False,False,True,True
8948,15,training,12,11,True,True,True,False
8949,15,training,17,16,True,True,True,False
8950,15,training,16,15,True,True,True,False
8951,15,training,16,14,False,False,True,True
8952,15,training,11,10,True,True,True,False
8953,15,training,19,17,False,False,True,True
8954,15,training,17,16,True,True,True,False
8955,15,training,16,14,False,False,True,True
8956,15,training,19,17,False,False,True,True
8957,15,training,17,16,True,True,True,False
8958,15,training,23,21,False,False,True,True
8960,15,training,22,19,False,False,True,True
8961,15,training,22,20,False,False,True,True
8962,15,training,17,16,True,True,True,False
8964,15,training,18,17,True,True,True,False
8965,15,training,19,16,False,False,True,True
8966,15,training,29,25,False,False,True,True
8967,15,training,19,17,False,False,True,True
8968,15,training,18,16,False,False,True,True
8969,15,training,21,19,False,False,True,True
8970,15,training,18,16,False,False,True,True
8971,15,training,18,17,True,True,True,False
8972,15,training,20,19,True,True,True,False
8973,15,training,22,21,True,True,True,False
8975,15,training,18,17,True,True,True,False
8976,15,training,15,14,True,True,True,False
8977,15,training,23,21,False,False,True,True
8979,15,training,15,14,True,True,True,False
8980,15,training,27,25,False,False,True,True
8982,15,training,18,17,True,True,True,False
8983,15,training,15,13,False,False,True,True
8984,15,training,29,26,False,False,True,True
8987,15,training,12,11,True,True,True,False
8988,15,training,15,13,False,False,True,True
8989,15,training,20,18,False,False,True,True
8991,15,training,21,19,False,False,True,True
8992,15,training,16,14,False,False,True,True
8994,15,training,16,15,True,True,True,False
8995,15,training,15,13,False,False,True,True
8997,15,training,17,15,False,False,True,True
8998,15,training,18,16,False,False,True,True
8999,15,training,19,18,True,True,True,False
9002,15,training,21,19,False,False,True,True
9003,15,training,21,19,True,True,True,False
9005,15,training,18,15,False,False,True,True
9006,15,training,15,14,True,True,True,False
9007,15,training,12,11,True,True,True,False
9009,15,training,16,13,False,False,True,True
9011,15,training,18,16,False,False,True,True
9012,15,training,12,11,True,True,True,False
9016,15,training,12,11,True,True,True,False
9017,15,training,12,11,True,True,True,False
9018,15,training,11,10,True,True,True,False
9019,15,training,18,17,True,True,True,False
9022,15,training,18,16,False,False,True,True
9023,15,training,16,15,True,True,True,False
9025,15,training,19,17,False,False,True,True
9029,15,training,11,10,True,True,True,False
9030,15,training,17,16,True,True,True,False
9031,15,training,15,13,False,False,True,True
9033,15,training,17,16,True,True,True,False
9034,15,training,14,13,True,True,True,False
9037,15,training,14,12,False,False,True,True
9038,15,training,12,11,True,True,True,False
9043,15,training,11,10,True,True,True,False
9044,15,training,15,13,False,False,True,True
9057,15,training,13,12,True,True,True,False
9060,15,training,19,17,False,False,True,True
9063,15,training,11,10,True,True,True,False
9064,15,training,12,11,True,True,True,False
9065,15,training,11,10,True,True,True,False
9070,15,training,15,13,False,False,True,True
9071,15,training,21,20,True,True,True,False
9072,15,training,25,24,True,True,True,False
9073,15,training,21,19,False,False,True,True
9074,15,training,20,18,False,False,True,True
9076,15,training,14,12,False,False,True,True
9077,15,training,21,19,False,False,True,True
9078,15,training,18,16,False,False,True,True
9079,15,training,18,16,False,False,True,True
9080,15,training,12,11,True,True,True,False
9081,15,training,13,12,True,True,True,False
9082,15,training,16,15,False,False,True,True
9083,15,training,18,16,False,False,True,True
9084,15,training,15,14,True,True,True,False
9085,15,training,19,18,True,True,True,False
9086,15,training,26,22,False,False,True,True
9087,15,training,17,14,False,False,True,True
9088,15,training,16,14,False,False,True,True
9089,15,training,18,16,False,False,True,True
9090,15,training,18,17,True,True,True,False
9091,15,training,18,17,True,True,True,False
9092,15,training,14,12,False,False,True,True
9093,15,training,16,15,True,True,True,False
9094,15,training,20,17,False,False,True,True
9096,15,training,18,16,False,False,True,True
9097,15,training,11,10,True,True,True,False
9098,15,training,21,18,False,False,True,True
9099,15,training,22,20,False,False,True,True
9100,15,training,23,20,False,False,True,True
9101,15,training,17,16,True,True,True,False
9102,15,training,21,18,False,False,True,True
9103,15,training,29,27,False,False,True,True
9104,15,training,25,23,False,False,True,True
9105,15,training,14,12,False,False,True,True
9106,15,training,19,18,True,True,True,False
9108,15,training,15,13,False,False,True,True
9109,15,training,20,19,True,True,True,False
9111,15,training,18,16,False,False,True,True
9112,15,training,20,18,False,False,True,True
9113,15,training,16,14,False,False,True,True
9114,15,training,13,12,True,True,True,False
9115,15,training,21,18,False,False,True,True
9116,15,training,18,16,False,False,True,True
9118,15,training,11,10,True,True,True,False
9119,15,training,22,21,True,True,True,False
9120,15,training,11,10,True,True,True,False
9121,15,training,16,14,False,False,True,True
9122,15,training,13,12,True,True,True,False
9123,15,training,14,13,True,True,True,False
9124,15,training,14,13,True,True,True,False
9126,15,training,14,13,True,True,True,False
9127,15,training,24,22,False,False,True,True
9129,15,training,21,19,False,False,True,True
9130,15,training,15,14,True,True,True,False
9132,15,training,13,12,True,True,True,False
9133,15,training,19,17,False,False,True,True
9135,15,training,14,13,True,True,True,False
9136,15,training,12,11,True,True,True,False
9139,15,training,16,14,False,False,True,True
9141,15,training,19,18,True,True,True,False
9142,15,training,19,18,True,True,True,False
9143,15,training,26,23,False,False,True,True
9144,15,training,12,11,True,True,True,False
9147,15,training,16,15,True,True,True,False
9149,15,training,21,20,True,True,True,False
9151,15,training,11,10,True,True,True,False
9153,15,training,15,14,True,True,True,False
9159,15,training,13,11,False,False,True,True
9160,15,training,12,11,True,True,True,False
9163,15,training,13,12,True,True,True,False
9165,15,training,12,11,True,True,True,False
9167,15,training,11,10,True,True,True,False
9169,15,training,13,12,True,True,True,False
9170,15,training,11,10,True,True,True,False
9174,15,training,11,10,True,False,True,False
9181,15,training,12,10,False,False,True,True
9182,15,training,11,10,True,True,True,False
9183,15,training,16,13,False,False,True,True
9184,15,training,20,19,True,True,True,False
9187,15,training,17,16,True,True,True,False
9188,15,training,21,20,True,True,True,False
9189,15,training,16,15,True,True,True,False
9193,15,training,23,20,False,False,True,True
9194,15,training,19,18,True,True,True,False
9195,15,training,16,14,False,False,True,True
9197,15,training,12,10,False,False,True,True
9205,15,training,16,14,False,False,True,True
9206,15,training,11,10,True,True,True,False
9210,15,training,14,13,True,True,True,False
9211,15,training,15,14,True,True,True,False
9214,15,training,17,15,False,False,True,True
9218,15,training,18,16,False,False,True,True
9219,15,training,18,16,False,False,True,True
9220,16,training,19,17,False,False,True,True
9222,16,training,18,16,False,False,True,True
9223,16,training,23,21,False,False,True,True
9224,16,training,24,22,False,False,True,True
9225,16,training,12,11,True,True,True,False
9227,16,training,24,23,True,True,True,False
9228,16,training,21,20,True,True,True,False
9229,16,training,15,13,False,False,True,True
9232,16,training,14,13,True,True,True,False
9233,16,training,19,16,False,False,True,True
9234,16,training,16,15,True,True,True,False
9235,16,training,18,17,True,True,True,False
9236,16,training,16,15,True,True,True,False
9237,16,training,12,11,True,True,True,False
9238,16,training,12,11,True,True,True,False
9239,16,training,16,15,True,True,True,False
9240,16,training,27,23,False,False,True,True
9241,16,training,16,15,True,True,True,False
9242,16,training,20,19,True,True,True,False
9243,16,training,14,12,False,False,True,True
9244,16,training,15,14,True,True,True,False
9246,16,training,15,14,True,True,True,False
9247,16,training,30,28,False,False,True,True
9248,16,training,20,18,False,False,True,True
9249,16,training,12,10,False,False,True,True
9250,16,training,29,26,False,False,True,True
9251,16,training,18,17,True,True,True,False
9252,16,training,19,16,False,False,True,True
9253,16,training,23,21,False,False,True,True
9254,16,training,20,16,False,False,True,True
9255,16,training,16,15,True,True,True,False
9256,16,training,24,23,True,True,True,False
9257,16,training,16,15,True,True,True,False
9258,16,training,22,21,True,True,True,False
9261,16,training,25,24,False,False,True,True
9263,16,training,19,18,True,True,True,False
9264,16,training,12,11,True,True,True,False
9265,16,training,24,23,True,True,True,False
9266,16,training,17,16,False,False,True,True
9267,16,training,13,10,False,False,True,True
9268,16,training,19,16,False,False,True,True
9269,16,training,15,13,False,False,True,True
9270,16,training,13,12,True,True,True,False
9272,16,training,16,15,True,True,True,False
9273,16,training,11,10,True,True,True,False
9274,16,training,13,12,False,False,True,True
9275,16,training,18,17,True,True,True,False
9276,16,training,14,13,True,True,True,False
9278,16,training,13,12,True,True,True,False
9279,16,training,19,18,True,True,True,False
9280,16,training,22,21,True,True,True,False
9281,16,training,18,16,False,False,True,True
9283,16,training,20,19,True,True,True,False
9284,16,training,18,16,False,False,True,True
9288,16,training,23,21,False,False,True,True
9289,16,training,22,21,True,True,True,False
9291,16,training,15,14,True,True,True,False
9293,16,training,14,13,True,True,True,False
9294,16,training,21,20,True,True,True,False
9295,16,training,16,14,False,False,True,True
9297,16,training,17,16,True,True,True,False
9300,16,training,17,15,False,False,True,True
9302,16,training,21,20,True,True,True,False
9303,16,training,20,17,False,False,True,True
9307,16,training,13,11,True,True,True,False
9308,16,training,19,18,True,True,True,False
9310,16,training,12,11,True,True,True,False
9313,16,training,12,11,True,True,True,False
9324,16,training,19,18,True,True,True,False
9325,16,training,18,17,True,True,True,False
9326,16,training,16,15,True,True,True,False
9331,16,training,15,14,True,True,True,False
9340,16,training,14,12,True,True,True,False
9349,16,training,11,10,False,False,True,True
9350,16,training,14,12,False,False,True,True
9351,16,training,17,16,True,True,True,False
9352,16,training,12,11,True,True,True,False
9353,16,training,14,11,False,False,True,True
9354,16,training,12,11,True,True,True,False
9355,16,training,12,11,True,True,True,False
9357,16,training,20,19,True,True,True,False
9358,16,training,16,14,False,False,True,True
9359,16,training,11,10,True,True,True,False
9360,16,training,20,17,False,False,True,True
9361,16,training,14,12,False,False,True,True
9362,16,training,22,21,True,True,True,False
9363,16,training,17,16,True,True,True,False
9364,16,training,13,12,True,True,True,False
9365,16,training,21,17,False,False,True,True
9366,16,training,22,20,False,False,True,True
9367,16,training,16,14,False,False,True,True
9368,16,training,20,17,False,False,True,True
9369,16,training,15,13,False,False,True,True
9370,16,training,20,18,False,False,True,True
9372,16,training,11,10,True,True,True,False
9373,16,training,18,17,True,True,True,False
9374,16,training,18,17,True,True,True,False
9375,16,training,14,13,True,True,True,False
9376,16,training,14,12,False,False,True,True
9377,16,training,26,24,False,False,True,True
9378,16,training,12,11,True,True,True,False
9379,16,training,21,18,False,False,True,True
9380,16,training,24,23,True,True,True,False
9381,16,training,17,16,True,True,True,False
9382,16,training,24,21,False,False,True,True
9383,16,training,19,18,True,True,True,False
9384,16,training,11,10,True,True,True,False
9385,16,training,17,14,False,False,True,True
9386,16,training,17,16,True,True,True,False
9387,16,training,19,18,True,True,True,False
9388,16,training,19,18,True,True,True,False
9391,16,training,17,16,True,True,True,False
9392,16,training,14,13,True,True,True,False
9393,16,training,24,21,False,False,True,True
9394,16,training,19,16,False,False,True,True
9395,16,training,15,14,True,True,True,False
9396,16,training,14,13,True,True,True,False
9397,16,training,20,18,False,False,True,True
9398,16,training,14,13,True,True,True,False
9399,16,training,22,21,True,True,True,False
9400,16,training,14,13,True,True,True,False
9402,16,training,30,27,False,False,True,True
9403,16,training,21,19,False,False,True,True
9405,16,training,11,10,True,True,True,False
9406,16,training,24,20,False,False,True,True
9407,16,training,24,20,False,False,True,True
9408,16,training,24,22,False,False,True,True
9409,16,training,17,16,True,True,True,False
9410,16,training,17,16,True,True,True,False
9411,16,training,16,13,False,False,True,True
9412,16,training,13,12,True,True,True,False
9414,16,training,18,16,False,False,True,True
9415,16,training,18,14,False,False,True,True
9416,16,training,15,11,False,False,True,True
9417,16,training,12,11,True,True,True,False
9418,16,training,14,12,False,False,True,True
9419,16,training,19,18,True,True,True,False
9422,16,training,20,19,True,True,True,False
9423,16,training,14,13,True,True,True,False
9425,16,training,17,16,True,True,True,False
9426,16,training,23,21,False,False,True,True
9427,16,training,12,10,False,False,True,True
9428,16,training,19,16,False,False,True,True
9431,16,training,19,16,False,False,True,True
9432,16,training,17,16,True,True,True,False
9434,16,training,21,19,False,False,True,True
9435,16,training,20,19,True,True,True,False
9437,16,training,16,15,True,True,True,False
9438,16,training,13,12,True,True,True,False
9439,16,training,23,22,True,True,True,False
9440,16,training,14,13,True,True,True,False
9441,16,training,13,12,True,True,True,False
9443,16,training,12,10,True,True,True,False
9445,16,training,11,10,True,True,True,False
9446,16,training,16,15,True,True,True,False
9447,16,training,22,19,False,False,True,True
9449,16,training,16,15,True,True,True,False
9450,16,training,16,14,False,False,True,True
9451,16,training,12,11,True,True,True,False
9452,16,training,19,18,True,True,True,False
9453,16,training,13,12,True,True,True,False
9456,16,training,11,10,True,True,True,False
9457,16,training,21,20,True,True,True,False
9458,16,training,14,13,True,True,True,False
9459,16,training,17,15,False,False,True,True
9461,16,training,13,11,False,False,True,True
9464,16,training,13,12,True,True,True,False
9465,16,training,12,11,True,True,True,False
9467,16,training,17,16,True,True,True,False
9469,16,training,17,14,False,False,True,True
9470,16,training,11,10,True,True,True,False
9496,16,training,12,10,False,False,True,True
9497,16,training,21,19,False,False,True,True
9508,16,training,12,11,True,True,True,False
9511,16,training,15,13,False,False,True,True
9513,16,training,14,12,False,False,True,True
9515,16,training,11,10,True,True,True,False
9517,16,training,18,15,False,False,True,True
9520,16,training,16,15,True,True,True,False
9522,16,training,18,16,False,False,True,True
9523,16,training,20,18,False,False,True,True
9524,16,training,14,13,True,True,True,False
9525,16,training,18,16,False,False,True,True
9526,16,training,24,20,False,False,True,True
9527,16,training,21,19,False,False,True,True
9528,16,training,25,22,False,False,True,True
9529,16,training,12,10,False,False,True,True
9530,16,training,19,16,False,False,True,True
9531,16,training,16,14,False,False,True,True
9532,16,training,15,13,False,False,True,True
9533,16,training,15,14,True,True,True,False
9534,16,training,12,10,False,False,True,True
9535,16,training,17,16,True,True,True,False
9536,16,training,18,17,False,False,True,True
9537,16,training,19,17,False,False,True,True
9538,16,training,13,11,False,False,True,True
9539,16,training,11,10,True,True,True,False
9540,16,training,12,11,True,True,True,False
9541,16,training,18,13,False,False,True,True
9542,16,training,16,14,False,False,True,True
9543,16,training,21,20,True,True,True,False
9544,16,training,26,24,False,False,True,True
9546,16,training,19,15,False,False,True,True
9547,16,training,15,14,True,True,True,False
9548,16,training,18,16,False,False,True,True
9549,16,training,28,26,False,False,True,True
9551,16,training,21,19,False,False,True,True
9552,16,training,16,14,False,False,True,True
9553,16,training,13,12,True,True,True,False
9554,16,training,13,12,True,True,True,False
9556,16,training,12,11,True,True,True,False
9558,16,training,20,18,False,False,True,True
9559,16,training,17,15,False,False,True,True
9560,16,training,22,19,False,False,True,True
9561,16,training,22,20,False,False,True,True
9562,16,training,16,14,True,True,True,False
9563,16,training,18,17,True,True,True,False
9564,16,training,21,20,True,True,True,False
9565,16,training,14,12,False,False,True,True
9566,16,training,15,14,True,True,True,False
9568,16,training,18,17,True,True,True,False
9569,16,training,17,15,False,False,True,True
9570,16,training,13,12,True,True,True,False
9571,16,training,18,17,True,True,True,False
9573,16,training,17,16,True,True,True,False
9574,16,training,13,12,True,True,True,False
9575,16,training,13,11,False,False,True,True
9577,16,training,15,13,False,False,True,True
9581,16,training,14,11,False,False,True,True
9582,16,training,22,20,False,False,True,True
9584,16,training,17,16,True,True,True,False
9586,16,training,24,19,False,False,True,True
9587,16,training,24,22,False,False,True,True
9588,16,training,16,15,True,True,True,False
9590,16,training,16,15,True,True,True,False
9591,16,training,14,12,False,False,True,True
9592,16,training,15,14,True,True,True,False
9593,16,training,17,15,True,True,True,False
9595,16,training,14,13,True,True,True,False
9597,16,training,21,20,True,True,True,False
9599,16,training,13,11,False,False,True,True
9602,16,training,17,15,False,False,True,True
9605,16,training,19,18,True,True,True,False
9608,16,training,11,10,True,True,True,False
9610,16,training,12,11,True,True,True,False
9612,16,training,11,10,True,True,True,False
9613,16,training,11,10,True,True,True,False
9614,16,training,14,12,False,False,True,True
9615,16,training,24,20,False,False,True,True
9618,16,training,11,10,True,True,True,False
9619,16,training,12,11,True,True,True,False
9620,16,training,12,11,True,True,True,False
9621,16,training,14,13,True,True,True,False
9623,16,training,18,17,True,True,True,False
9628,16,training,13,12,True,True,True,False
9629,16,training,15,12,False,False,True,True
9636,16,training,12,10,False,False,True,True
9642,16,training,16,15,True,True,True,False
9656,16,training,17,15,False,False,True,True
9658,16,training,13,12,True,True,True,False
9659,16,training,11,10,True,True,True,False
9660,16,training,15,13,False,False,True,True
9662,16,training,19,17,False,False,True,True
9665,16,training,19,18,True,True,True,False
9666,16,training,12,11,True,True,True,False
9668,16,training,19,17,False,False,True,True
9669,16,training,11,10,True,True,True,False
9670,16,training,17,14,False,False,True,True
9671,16,training,19,18,True,True,True,False
9672,16,training,16,15,True,True,True,False
9673,16,training,20,19,True,True,True,False
9675,16,training,14,13,False,False,True,True
9676,16,training,13,11,False,False,True,True
9677,16,training,14,13,True,True,True,False
9678,16,training,21,18,False,False,True,True
9679,16,training,17,15,False,False,True,True
9681,16,training,13,11,False,False,True,True
9682,16,training,33,30,False,False,True,True
9684,16,training,22,19,False,False,True,True
9685,16,training,16,15,True,True,True,False
9686,16,training,20,17,False,False,True,True
9687,16,training,21,17,False,False,True,True
9688,16,training,22,20,False,False,True,True
9689,16,training,14,13,True,True,True,False
9690,16,training,19,16,False,False,True,True
9692,16,training,18,16,False,False,True,True
9693,16,training,22,19,False,False,True,True
9694,16,training,20,14,False,False,True,True
9695,16,training,26,22,False,False,True,True
9696,16,training,19,18,False,False,True,True
9697,16,training,18,14,False,False,True,True
9698,16,training,17,14,False,False,True,True
9699,16,training,17,15,False,False,True,True
9700,16,training,22,19,False,False,True,True
9701,16,training,27,24,False,False,True,True
9702,16,training,14,13,True,True,True,False
9703,16,training,13,12,True,True,True,False
9704,16,training,29,26,False,False,True,True
9705,16,training,21,20,True,True,True,False
9707,16,training,23,21,False,False,True,True
9708,16,training,12,11,True,True,True,False
9709,16,training,15,14,True,True,True,False
9712,16,training,19,18,True,True,True,False
9713,16,training,19,17,False,False,True,True
9714,16,training,16,13,False,False,True,True
9715,16,training,22,21,True,True,True,False
9716,16,training,16,13,False,False,True,True
9718,16,training,13,12,True,True,True,False
9719,16,training,23,21,False,False,True,True
9720,16,training,25,23,False,False,True,True
9722,16,training,19,18,True,True,True,False
9731,16,training,16,15,True,True,True,False
9732,16,training,12,10,False,False,True,True
9733,16,training,20,19,True,True,True,False
9734,16,training,17,15,False,False,True,True
9736,16,training,19,18,True,True,True,False
9737,16,training,25,21,False,False,True,True
9738,16,training,16,15,True,True,True,False
9740,16,training,13,11,False,False,True,True
9741,16,training,11,10,True,True,True,False
9742,16,training,16,15,True,True,True,False
9743,16,training,17,16,True,True,True,False
9744,16,training,15,14,True,True,True,False
9746,16,training,12,11,True,True,True,False
9749,16,training,19,18,True,True,True,False
9750,16,training,18,17,True,True,True,False
9751,16,training,19,17,False,False,True,True
9753,16,training,19,15,False,False,True,True
9756,16,training,12,10,False,False,True,True
9757,16,training,21,20,True,True,True,False
9759,16,training,16,15,True,True,True,False
9761,16,training,15,13,False,False,True,True
9762,16,training,12,10,False,False,True,True
9772,16,training,15,14,True,True,True,False
9773,16,training,18,16,True,True,True,False
9774,16,training,13,12,True,True,True,False
9776,16,training,16,15,True,True,True,False
9777,16,training,17,16,True,True,True,False
9791,16,training,11,10,True,True,True,False
9792,16,training,19,17,False,False,True,True
9794,16,training,14,12,False,False,True,True
9795,16,training,11,10,True,True,True,False
9796,16,training,14,11,False,False,True,True
9798,16,training,11,10,True,True,True,False
9802,16,training,23,20,False,False,True,True
9803,16,training,18,16,False,False,True,True
9805,16,training,24,21,False,False,True,True
9806,16,training,24,20,False,False,True,True
9807,16,training,20,18,False,False,True,True
9808,16,training,22,18,False,False,True,True
9809,16,training,28,26,False,False,True,True
9810,16,training,18,16,False,False,True,True
9811,16,training,20,18,False,False,True,True
9812,16,training,17,16,True,True,True,False
9813,16,training,19,17,False,False,True,True
9814,16,training,19,17,False,False,True,True
9815,16,training,22,19,False,False,True,True
9816,16,training,16,14,False,False,True,True
9817,16,training,15,14,True,True,True,False
9818,16,training,22,18,False,False,True,True
9820,16,training,16,14,False,False,True,True
9821,16,training,18,17,True,True,True,False
9822,16,training,11,10,True,True,True,False
9823,16,training,31,27,False,False,True,True
9824,16,training,16,14,False,False,True,True
9825,16,training,24,20,False,False,True,True
9826,16,training,15,14,True,True,True,False
9828,16,training,25,23,False,False,True,True
9830,16,training,14,13,True,True,True,False
9831,16,training,19,17,False,False,True,True
9832,16,training,23,22,True,True,True,False
9833,16,training,16,15,True,True,True,False
9834,16,training,28,26,False,False,True,True
9835,16,training,26,24,False,False,True,True
9836,16,training,20,17,False,False,True,True
9839,16,training,23,19,False,False,True,True
9840,16,training,16,12,False,False,True,True
9842,16,training,18,13,False,False,True,True
9844,16,training,21,19,False,False,True,True
9845,16,training,21,20,True,True,True,False
9847,16,training,15,13,False,False,True,True
9848,16,training,14,13,True,True,True,False
9849,16,training,16,15,True,True,True,False
9852,16,training,21,20,True,True,True,False
9853,16,training,14,13,True,True,True,False
9854,16,training,12,11,True,True,True,False
9855,16,training,18,17,True,True,True,False
9856,16,training,23,21,False,False,True,True
9857,16,training,18,16,True,False,True,False
9858,16,training,19,15,False,False,True,True
9859,16,training,16,15,True,True,True,False
9860,16,training,19,18,True,True,True,False
9861,16,training,15,14,True,True,True,False
9863,16,training,24,22,False,False,True,True
9867,16,training,14,13,True,True,True,False
9868,16,training,19,17,False,False,True,True
9869,16,training,24,23,True,True,True,False
9870,16,training,16,14,False,False,True,True
9873,16,training,12,11,True,True,True,False
9874,16,training,17,16,True,True,True,False
9876,16,training,13,12,True,True,True,False
9879,16,training,17,16,True,True,True,False
9880,16,training,16,15,True,True,True,False
9881,16,training,16,15,True,True,True,False
9882,16,training,20,19,True,True,True,False
9886,16,training,13,12,True,True,True,False
9887,16,training,12,10,False,False,True,True
9888,16,training,12,11,True,True,True,False
9890,16,training,16,15,True,True,True,False
9892,16,training,11,10,True,True,True,False
9893,16,training,13,12,True,True,True,False
9896,16,training,15,14,True,True,True,False
9898,16,training,13,12,True,True,True,False
9899,16,training,12,11,True,True,True,False
9907,16,training,12,11,True,True,True,False
9914,16,training,13,12,True,True,True,False
9916,16,training,11,10,True,True,True,False
9917,16,training,15,14,True,True,True,False
9918,16,training,16,13,False,False,True,True
9919,16,training,22,21,True,True,True,False
9921,16,training,12,10,False,False,True,True
9925,16,training,12,11,True,True,True,False
9926,16,training,15,14,True,True,True,False
9927,16,training,15,14,True,True,True,False
9929,16,training,13,12,False,False,True,True
9930,16,training,14,13,True,True,True,False
9932,16,training,16,14,False,False,True,True
9935,16,training,16,15,True,True,True,False
9939,16,training,18,16,False,False,True,True
9940,16,training,18,17,True,True,True,False
9942,17,training,24,22,False,False,True,True
9943,17,training,19,18,True,True,True,False
9944,17,training,14,12,False,False,True,True
9945,17,training,22,21,True,True,True,False
9946,17,training,15,14,False,False,True,True
9947,17,training,21,19,False,False,True,True
9948,17,training,18,17,True,True,True,False
9949,17,training,14,13,True,True,True,False
9950,17,training,12,11,True,True,True,False
9951,17,training,17,16,True,True,True,False
9952,17,training,30,27,False,False,True,True
9953,17,training,27,25,False,False,True,True
9954,17,training,17,16,True,True,True,False
9955,17,training,16,15,True,True,True,False
9956,17,training,13,12,True,True,True,False
9957,17,training,17,16,True,True,True,False
9958,17,training,26,23,False,False,True,True
9959,17,training,12,11,True,True,True,False
9960,17,training,17,15,False,False,True,True
9961,17,training,21,18,False,False,True,True
9962,17,training,21,19,False,False,True,True
9964,17,training,16,13,False,False,True,True
9965,17,training,23,22,True,True,True,False
9966,17,training,15,14,True,True,True,False
9968,17,training,16,15,True,True,True,False
9970,17,training,14,13,True,True,True,False
9971,17,training,13,11,False,False,True,True
9972,17,training,15,14,True,True,True,False
9973,17,training,25,24,True,True,True,False
9975,17,training,15,13,False,False,True,True
9976,17,training,15,14,True,True,True,False
9977,17,training,25,24,True,True,True,False
9979,17,training,19,17,False,False,True,True
9980,17,training,16,15,True,True,True,False
9981,17,training,23,22,True,True,True,False
9982,17,training,16,15,True,True,True,False
9983,17,training,12,11,True,True,True,False
9984,17,training,26,24,False,False,True,True
9985,17,training,21,20,True,True,True,False
9986,17,training,18,17,True,True,True,False
9987,17,training,16,15,True,True,True,False
9988,17,training,12,11,True,True,True,False
9989,17,training,22,20,False,False,True,True
9990,17,training,21,18,False,False,True,True
9991,17,training,15,13,True,True,True,False
9992,17,training,17,16,True,True,True,False
9994,17,training,20,19,True,True,True,False
9995,17,training,19,18,True,True,True,False
9996,17,training,11,10,True,True,True,False
9997,17,training,15,13,False,False,True,True
9998,17,training,13,12,True,True,True,False
10000,17,training,18,17,True,True,True,False
10001,17,training,16,15,True,True,True,False
10002,17,training,20,18,False,False,True,True
10003,17,training,16,15,True,True,True,False
10005,17,training,17,16,True,True,True,False
10010,17,training,15,13,True,True,True,False
10011,17,training,14,13,True,True,True,False
10014,17,training,13,11,False,False,True,True
10015,17,training,17,15,False,False,True,True
10016,17,training,20,19,True,True,True,False
10017,17,training,19,18,True,True,True,False
10018,17,training,23,21,False,False,True,True
10021,17,training,23,21,False,False,True,True
10023,17,training,15,13,False,False,True,True
10024,17,training,12,11,True,True,True,False
10025,17,training,25,23,False,False,True,True
10030,17,training,14,13,True,True,True,False
10031,17,training,12,10,True,True,True,False
10032,17,training,19,18,True,True,True,False
10033,17,training,13,12,True,True,True,False
10041,17,training,14,13,True,True,True,False
10042,17,training,18,16,False,False,True,True
10045,17,training,12,10,False,False,True,True
10049,17,training,15,14,True,True,True,False
10050,17,training,24,18,False,False,True,True
10054,17,training,14,12,False,False,True,True
10055,17,training,17,15,True,True,True,False
10056,17,training,13,12,True,True,True,False
10061,17,training,14,13,True,True,True,False
10069,17,training,14,11,False,False,True,True
10070,17,training,12,11,True,True,True,False
10071,17,training,13,12,True,True,True,False
10074,17,training,18,17,True,True,True,False
10078,17,training,12,10,False,False,True,True
10079,17,training,26,23,False,False,True,True
10081,17,training,20,19,True,True,True,False
10082,17,training,16,15,True,True,True,False
10083,17,training,17,15,False,False,True,True
10084,17,training,17,15,False,False,True,True
10085,17,training,21,19,False,False,True,True
10086,17,training,19,16,False,False,True,True
10087,17,training,17,15,False,False,True,True
10089,17,training,20,19,True,True,True,False
10091,17,training,17,16,True,True,True,False
10092,17,training,14,12,False,False,True,True
10094,17,training,15,14,True,True,True,False
10095,17,training,18,16,False,False,True,True
10096,17,training,13,12,True,True,True,False
10097,17,training,20,19,True,True,True,False
10098,17,training,11,10,True,True,True,False
10099,17,training,15,14,True,True,True,False
10101,17,training,23,20,False,False,True,True
10102,17,training,25,21,False,False,True,True
10103,17,training,14,13,True,True,True,False
10104,17,training,16,14,False,False,True,True
10105,17,training,19,18,True,True,True,False
10106,17,training,22,19,False,False,True,True
10108,17,training,25,22,False,False,True,True
10109,17,training,23,21,False,False,True,True
10110,17,training,22,20,False,False,True,True
10112,17,training,17,15,False,False,True,True
10113,17,training,20,18,False,False,True,True
10114,17,training,13,12,True,True,True,False
10115,17,training,22,20,False,False,True,True
10116,17,training,17,14,False,False,True,True
10117,17,training,12,11,True,True,True,False
10118,17,training,21,20,True,True,True,False
10119,17,training,27,25,False,False,True,True
10120,17,training,19,16,False,False,True,True
10121,17,training,33,29,False,False,True,True
10123,17,training,14,13,True,True,True,False
10127,17,training,11,10,True,True,True,False
10128,17,training,17,15,False,False,True,True
10130,17,training,13,12,True,True,True,False
10131,17,training,19,18,True,True,True,False
10132,17,training,13,11,False,False,True,True
10133,17,training,17,16,True,True,True,False
10134,17,training,23,21,False,False,True,True
10135,17,training,28,27,True,True,True,False
10136,17,training,22,18,False,False,True,True
10138,17,training,13,10,True,True,True,False
10141,17,training,18,17,True,True,True,False
10142,17,training,18,17,True,True,True,False
10143,17,training,12,11,True,True,True,False
10144,17,training,20,17,False,False,True,True
10146,17,training,13,12,True,True,True,False
10147,17,training,15,14,True,True,True,False
10149,17,training,20,19,True,True,True,False
10153,17,training,17,16,True,True,True,False
10157,17,training,24,21,False,False,True,True
10158,17,training,20,19,True,True,True,False
10159,17,training,12,11,True,True,True,False
10160,17,training,12,11,False,False,True,True
10161,17,training,22,20,False,False,True,True
10162,17,training,22,21,True,True,True,False
10165,17,training,23,22,True,True,True,False
10166,17,training,14,12,False,False,True,True
10167,17,training,14,13,True,True,True,False
10168,17,training,15,14,True,True,True,False
10169,17,training,11,10,True,True,True,False
10173,17,training,19,17,False,False,True,True
10175,17,training,14,12,False,False,True,True
10176,17,training,12,11,True,True,True,False
10183,17,training,12,11,True,True,True,False
10184,17,training,21,17,False,False,True,True
10187,17,training,14,12,False,False,True,True
10191,17,training,20,18,False,False,True,True
10194,17,training,13,10,False,False,True,True
10199,17,training,23,21,False,False,True,True
10215,17,training,21,19,False,False,True,True
10216,17,training,15,11,False,False,True,True
10224,17,training,17,14,False,False,True,True
10227,17,training,14,11,False,False,True,True
10228,17,training,15,12,False,False,True,True
10229,17,training,13,11,False,False,True,True
10233,17,training,22,18,False,False,True,True
10234,17,training,15,14,True,True,True,False
10236,17,training,16,14,False,False,True,True
10237,17,training,20,19,True,True,True,False
10238,17,training,17,15,False,False,True,True
10239,17,training,19,17,False,False,True,True
10240,17,training,22,20,False,False,True,True
10241,17,training,17,16,True,True,True,False
10242,17,training,16,13,False,False,True,True
10243,17,training,14,13,True,True,True,False
10244,17,training,14,12,False,False,True,True
10245,17,training,13,12,True,True,True,False
10247,17,training,15,13,False,False,True,True
10248,17,training,13,12,True,True,True,False
10250,17,training,18,17,True,True,True,False
10252,17,training,15,13,False,False,True,True
10253,17,training,14,13,True,True,True,False
10257,17,training,24,22,False,False,True,True
10258,17,training,15,14,True,True,True,False
10259,17,training,21,19,False,False,True,True
10262,17,training,16,14,False,False,True,True
10263,17,training,19,15,False,False,True,True
10264,17,training,14,12,False,False,True,True
10265,17,training,13,12,True,True,True,False
10266,17,training,13,12,True,True,True,False
10267,17,training,19,16,False,False,True,True
10268,17,training,15,14,True,True,True,False
10270,17,training,15,14,True,True,True,False
10271,17,training,18,17,True,True,True,False
10272,17,training,20,16,False,False,True,True
10273,17,training,13,11,False,False,True,True
10274,17,training,22,19,False,False,True,True
10275,17,training,17,16,True,True,True,False
10278,17,training,20,17,False,False,True,True
10281,17,training,15,14,True,True,True,False
10285,17,training,25,21,False,False,True,True
10286,17,training,24,23,True,True,True,False
10288,17,training,20,19,True,True,True,False
10289,17,training,18,17,True,True,True,False
10290,17,training,15,12,False,False,True,True
10291,17,training,15,14,True,True,True,False
10295,17,training,13,11,False,False,True,True
10296,17,training,11,10,True,True,True,False
10298,17,training,15,14,True,True,True,False
10300,17,training,15,14,True,True,True,False
10304,17,training,12,10,False,False,True,True
10306,17,training,11,10,True,True,True,False
10307,17,training,15,14,True,True,True,False
10310,17,training,14,13,True,True,True,False
10311,17,training,11,10,True,True,True,False
10315,17,training,19,18,True,True,True,False
10316,17,training,22,20,False,False,True,True
10318,17,training,12,11,True,True,True,False
10319,17,training,20,19,True,True,True,False
10321,17,training,22,20,False,False,True,True
10322,17,training,23,20,False,False,True,True
10323,17,training,17,16,True,True,True,False
10324,17,training,18,17,True,True,True,False
10325,17,training,14,13,True,True,True,False
10326,17,training,11,10,True,True,True,False
10327,17,training,16,14,False,False,True,True
10329,17,training,21,19,False,False,True,True
10330,17,training,12,10,False,False,True,True
10331,17,training,14,13,True,True,True,False
10332,17,training,12,11,True,True,True,False
10333,17,training,11,10,True,True,True,False
10334,17,training,17,16,True,True,True,False
10335,17,training,17,15,False,False,True,True
10336,17,training,22,21,True,True,True,False
10337,17,training,33,31,False,False,True,True
10339,17,training,14,11,False,False,True,True
10340,17,training,23,22,True,True,True,False
10341,17,training,14,13,True,True,True,False
10342,17,training,15,13,False,False,True,True
10343,17,training,17,15,False,False,True,True
10344,17,training,19,17,False,False,True,True
10347,17,training,15,13,False,False,True,True
10348,17,training,16,13,False,False,True,True
10349,17,training,27,26,True,True,True,False
10350,17,training,20,19,True,True,True,False
10351,17,training,23,22,True,True,True,False
10352,17,training,23,21,False,False,True,True
10356,17,training,19,18,True,True,True,False
10357,17,training,11,10,True,True,True,False
10358,17,training,13,11,False,False,True,True
10359,17,training,16,15,True,True,True,False
10360,17,training,18,17,True,True,True,False
10361,17,training,22,17,False,False,True,True
10362,17,training,29,23,False,False,True,True
10363,17,training,14,10,False,False,True,True
10364,17,training,19,17,False,False,True,True
10366,17,training,16,15,True,True,True,False
10367,17,training,13,12,True,True,True,False
10369,17,training,21,20,True,True,True,False
10370,17,training,16,14,False,False,True,True
10371,17,training,19,17,False,False,True,True
10373,17,training,20,19,True,True,True,False
10374,17,training,19,16,False,False,True,True
10376,17,training,23,20,False,False,True,True
10377,17,training,15,13,False,False,True,True
10381,17,training,19,16,False,False,True,True
10383,17,training,16,14,False,False,True,True
10391,17,training,20,18,False,False,True,True
10394,17,training,24,22,False,False,True,True
10395,17,training,15,14,True,True,True,False
10397,17,training,12,11,True,True,True,False
10398,17,training,14,13,True,True,True,False
10403,17,training,21,17,False,False,True,True
10407,17,training,13,11,True,True,True,False
10412,17,training,20,17,False,False,True,True
10416,17,training,20,18,False,False,True,True
10417,17,training,15,14,True,True,True,False
10418,17,training,12,11,True,True,True,False
10422,17,training,14,13,True,True,True,False
10423,17,training,12,11,True,True,True,False
10425,17,training,13,11,False,False,True,True
10426,17,training,17,15,False,False,True,True
10427,17,training,11,10,True,True,True,False
10428,17,training,15,14,True,True,True,False
10429,17,training,15,13,False,False,True,True
10431,17,training,18,17,True,True,True,False
10432,17,training,16,12,False,False,True,True
10434,17,training,13,12,True,True,True,False
10439,17,training,18,16,False,False,True,True
10449,17,training,18,15,False,False,True,True
10452,17,training,11,10,True,True,True,False
10453,17,training,12,10,False,False,True,True
10455,17,training,16,14,False,False,True,True
10456,17,training,15,12,False,False,True,True
10462,17,training,12,11,True,True,True,False
10463,17,training,18,16,False,False,True,True
10464,17,training,20,17,False,False,True,True
10466,17,training,25,22,False,False,True,True
10467,17,training,15,14,True,True,True,False
10468,17,training,17,16,True,True,True,False
10469,17,training,23,19,False,False,True,True
10470,17,training,24,20,False,False,True,True
10471,17,training,19,18,True,True,True,False
10472,17,training,15,14,True,True,True,False
10473,17,training,16,14,False,False,True,True
10474,17,training,15,14,True,True,True,False
10476,17,training,17,16,True,True,True,False
10477,17,training,20,19,True,True,True,False
10478,17,training,29,25,False,False,True,True
10479,17,training,20,18,False,False,True,True
10480,17,training,21,18,False,False,True,True
10481,17,training,13,12,True,True,True,False
10482,17,training,15,13,False,False,True,True
10483,17,training,13,12,True,True,True,False
10484,17,training,13,12,True,True,True,False
10486,17,training,18,17,True,True,True,False
10487,17,training,14,13,True,True,True,False
10488,17,training,14,13,True,True,True,False
10489,17,training,19,16,False,False,True,True
10490,17,training,21,19,False,False,True,True
10492,17,training,20,16,False,False,True,True
10493,17,training,15,14,True,True,True,False
10494,17,training,19,17,False,False,True,True
10496,17,training,17,16,True,True,True,False
10497,17,training,19,18,True,True,True,False
10499,17,training,13,12,True,True,True,False
10500,17,training,17,16,True,True,True,False
10501,17,training,16,15,True,True,True,False
10502,17,training,16,15,True,True,True,False
10505,17,training,11,10,True,True,True,False
10506,17,training,18,16,True,True,True,False
10509,17,training,14,13,True,True,True,False
10511,17,training,14,13,False,False,True,True
10513,17,training,17,16,True,True,True,False
10514,17,training,20,19,True,True,True,False
10517,17,training,19,17,False,False,True,True
10518,17,training,22,20,False,False,True,True
10519,17,training,15,14,True,True,True,False
10523,17,training,20,17,False,False,True,True
10525,17,training,19,18,True,True,True,False
10526,17,training,21,20,True,True,True,False
10527,17,training,13,10,False,False,True,True
10528,17,training,12,11,True,True,True,False
10529,17,training,18,16,False,False,True,True
10530,17,training,16,15,True,True,True,False
10532,17,training,24,22,False,False,True,True
10535,17,training,25,23,False,False,True,True
10536,17,training,14,13,True,True,True,False
10537,17,training,20,18,False,False,True,True
10538,17,training,18,14,False,False,True,True
10540,17,training,17,16,True,True,True,False
10541,17,training,12,11,True,True,True,False
10543,17,training,12,10,False,False,True,True
10544,17,training,14,12,False,False,True,True
10546,17,training,16,15,True,True,True,False
10547,17,training,18,16,False,False,True,True
10549,17,training,16,14,False,False,True,True
10551,17,training,17,16,True,True,True,False
10552,17,training,23,21,False,False,True,True
10553,17,training,18,17,False,False,True,True
10554,17,training,18,16,False,False,True,True
10556,17,training,13,12,True,True,True,False
10557,17,training,12,11,True,True,True,False
10558,17,training,17,15,False,False,True,True
10559,17,training,17,16,True,True,True,False
10560,17,training,14,13,True,True,True,False
10561,17,training,19,17,False,False,True,True
10562,17,training,14,12,False,False,True,True
10564,17,training,12,10,False,False,True,True
10570,17,training,24,20,False,False,True,True
10571,17,training,14,12,False,False,True,True
10577,17,training,14,12,False,False,True,True
10578,17,training,13,12,True,True,True,False
10579,17,training,13,12,True,True,True,False
10584,17,training,13,12,True,True,True,False
10585,17,training,20,17,False,False,True,True
10586,17,training,17,14,False,False,True,True
10587,17,training,21,19,False,False,True,True
10588,17,training,12,11,True,True,True,False
10589,17,training,21,18,False,False,True,True
10590,17,training,14,13,True,True,True,False
10593,17,training,14,11,False,False,True,True
10595,17,training,21,20,True,True,True,False
10596,17,training,12,11,True,True,True,False
10598,17,training,15,14,True,True,True,False
10599,17,training,11,10,True,True,True,False
10602,17,training,11,10,True,True,True,False
10604,17,training,14,12,False,False,True,True
10605,17,training,12,11,True,True,True,False
10606,17,training,14,13,True,True,True,False
10607,17,training,15,14,True,True,True,False
10610,17,training,11,10,True,True,True,False
10611,17,training,15,14,True,True,True,False
10612,17,training,13,12,True,True,True,False
10613,18,training,20,19,True,True,True,False
10614,18,training,20,16,False,False,True,True
10615,18,training,19,18,True,True,True,False
10616,18,training,17,15,False,False,True,True
10617,18,training,19,17,False,False,True,True
10618,18,training,32,27,False,False,True,True
10619,18,training,23,21,False,False,True,True
10620,18,training,26,25,True,True,True,False
10621,18,training,19,18,True,True,True,False
10622,18,training,23,21,False,False,True,True
10623,18,training,14,13,True,True,True,False
10624,18,training,16,15,True,True,True,False
10625,18,training,13,12,True,True,True,False
10626,18,training,20,17,False,False,True,True
10628,18,training,18,17,True,True,True,False
10629,18,training,25,21,False,False,True,True
10630,18,training,13,12,True,True,True,False
10631,18,training,19,17,False,False,True,True
10632,18,training,16,14,False,False,True,True
10633,18,training,16,15,True,True,True,False
10634,18,training,14,11,False,False,True,True
10636,18,training,17,15,False,False,True,True
10637,18,training,22,19,False,False,True,True
10638,18,training,19,16,False,False,True,True
10639,18,training,21,20,True,True,True,False
10640,18,training,24,20,False,False,True,True
10641,18,training,19,18,True,True,True,False
10644,18,training,21,20,True,True,True,False
10645,18,training,14,12,False,False,True,True
10647,18,training,12,10,False,False,True,True
10651,18,training,17,16,True,True,True,False
10652,18,training,19,17,False,False,True,True
10654,18,training,19,17,False,False,True,True
10655,18,training,16,15,True,True,True,False
10656,18,training,22,21,True,True,True,False
10658,18,training,27,24,False,False,True,True
10660,18,training,18,17,True,True,True,False
10661,18,training,16,15,True,True,True,False
10662,18,training,13,12,True,True,True,False
10663,18,training,16,14,False,False,True,True
10665,18,training,19,16,False,False,True,True
10666,18,training,18,17,True,True,True,False
10667,18,training,11,10,True,True,True,False
10669,18,training,22,20,False,False,True,True
10673,18,training,14,13,True,True,True,False
10674,18,training,18,17,True,True,True,False
10678,18,training,21,20,True,True,True,False
10680,18,training,19,18,True,True,True,False
10683,18,training,15,14,True,True,True,False
10684,18,training,11,10,True,True,True,False
10685,18,training,23,21,False,False,True,True
10687,18,training,12,11,True,True,True,False
10688,18,training,16,15,True,True,True,False
10689,18,training,19,18,True,True,True,False
10690,18,training,19,14,False,False,True,True
10692,18,training,18,17,True,True,True,False
10693,18,training,23,21,False,False,True,True
10694,18,training,17,16,True,True,True,False
10695,18,training,16,15,True,True,True,False
10698,18,training,28,27,True,True,True,False
10700,18,training,20,17,False,False,True,True
10701,18,training,16,15,False,False,True,True
10702,18,training,19,18,True,True,True,False
10703,18,training,16,15,True,True,True,False
10704,18,training,12,10,False,False,True,True
10706,18,training,12,11,True,True,True,False
10707,18,training,17,15,False,False,True,True
10708,18,training,11,10,True,True,True,False
10712,18,training,13,10,False,False,True,True
10720,18,training,11,10,True,True,True,False
10721,18,training,12,11,True,True,True,False
10724,18,training,12,10,False,False,True,True
10737,18,training,14,11,False,False,True,True
10738,18,training,11,10,True,True,True,False
10751,18,training,12,10,False,False,True,True
10754,18,training,12,10,False,False,True,True
10755,18,training,11,10,True,True,True,False
10756,18,training,19,17,False,False,True,True
10757,18,training,15,13,False,False,True,True
10759,18,training,12,10,False,False,True,True
10765,18,training,20,18,False,False,True,True
10767,18,training,19,18,True,True,True,False
10768,18,training,25,23,False,False,True,True
10769,18,training,14,13,True,True,True,False
10770,18,training,19,15,False,False,True,True
10771,18,training,13,12,True,True,True,False
10773,18,training,16,14,False,False,True,True
10774,18,training,16,15,True,True,True,False
10775,18,training,17,16,True,True,True,False
10776,18,training,20,18,False,False,True,True
10777,18,training,15,12,False,False,True,True
10778,18,training,16,14,False,False,True,True
10779,18,training,20,18,False,False,True,True
10780,18,training,16,13,False,False,True,True
10781,18,training,13,12,True,True,True,False
10782,18,training,18,16,False,False,True,True
10783,18,training,18,16,False,False,True,True
10784,18,training,18,17,True,True,True,False
10785,18,training,15,12,False,False,True,True
10786,18,training,14,12,False,False,True,True
10787,18,training,25,23,False,False,True,True
10788,18,training,19,18,True,True,True,False
10789,18,training,17,16,True,True,True,False
10791,18,training,12,11,True,True,True,False
10793,18,training,19,17,False,False,True,True
10794,18,training,22,21,True,True,True,False
10795,18,training,16,15,True,True,True,False
10799,18,training,26,23,False,False,True,True
10800,18,training,26,22,False,False,True,True
10801,18,training,21,19,False,False,True,True
10803,18,training,14,13,True,True,True,False
10805,18,training,14,13,True,True,True,False
10806,18,training,11,10,True,True,True,False
10808,18,training,13,12,True,True,True,False
10809,18,training,19,17,True,True,True,False
10810,18,training,18,17,True,True,True,False
10811,18,training,16,13,False,False,True,True
10812,18,training,11,10,True,True,True,False
10813,18,training,11,10,True,True,True,False
10815,18,training,14,11,False,False,True,True
10817,18,training,16,15,True,True,True,False
10819,18,training,20,18,False,False,True,True
10820,18,training,18,16,False,False,True,True
10821,18,training,19,18,True,True,True,False
10822,18,training,12,11,True,True,True,False
10824,18,training,22,20,False,False,True,True
10825,18,training,23,21,False,False,True,True
10826,18,training,24,22,False,False,True,True
10828,18,training,19,18,True,True,True,False
10829,18,training,30,25,False,False,True,True
10831,18,training,15,12,False,False,True,True
10834,18,training,18,15,False,False,True,True
10836,18,training,24,22,False,False,True,True
10837,18,training,18,16,False,False,True,True
10838,18,training,16,15,True,True,True,False
10840,18,training,18,17,True,True,True,False
10841,18,training,18,15,False,False,True,True
10842,18,training,28,27,True,True,True,False
10843,18,training,17,16,True,True,True,False
10844,18,training,18,17,True,True,True,False
10847,18,training,14,12,False,False,True,True
10848,18,training,12,11,True,True,True,False
10850,18,training,23,22,True,True,True,False
10852,18,training,14,13,True,True,True,False
10853,18,training,18,17,True,True,True,False
10854,18,training,17,15,False,False,True,True
10855,18,training,17,16,True,True,True,False
10859,18,training,12,10,False,False,True,True
10861,18,training,14,13,True,True,True,False
10863,18,training,22,19,False,False,True,True
10864,18,training,15,13,False,False,True,True
10865,18,training,15,13,False,False,True,True
10866,18,training,16,15,True,True,True,False
10868,18,training,12,10,False,False,True,True
10871,18,training,18,17,True,True,True,False
10875,18,training,15,13,False,False,True,True
10879,18,training,15,12,False,False,True,True
10880,18,training,19,16,False,False,True,True
10881,18,training,12,10,False,False,True,True
10882,18,training,15,14,True,True,True,False
10883,18,training,15,14,True,True,True,False
10887,18,training,16,15,True,True,True,False
10896,18,training,20,19,True,True,True,False
10900,18,training,13,11,False,False,True,True
10901,18,training,12,11,True,True,True,False
10905,18,training,14,11,False,False,True,True
10912,18,training,23,21,False,False,True,True
10914,18,training,19,17,False,False,True,True
10916,18,training,21,18,False,False,True,True
10917,18,training,15,13,False,False,True,True
10918,18,training,19,18,True,True,True,False
10920,18,training,25,20,False,False,True,True
10921,18,training,21,20,True,True,True,False
10922,18,training,18,16,False,False,True,True
10925,18,training,16,12,False,False,True,True
10926,18,training,16,15,True,True,True,False
10927,18,training,18,16,False,False,True,True
10929,18,training,17,16,True,True,True,False
10930,18,training,20,18,False,False,True,True
10932,18,training,12,11,True,True,True,False
10933,18,training,18,16,False,False,True,True
10934,18,training,21,19,False,False,True,True
10935,18,training,21,18,False,False,True,True
10936,18,training,23,20,False,False,True,True
10938,18,training,11,10,True,True,True,False
10939,18,training,18,16,False,False,True,True
10940,18,training,22,20,False,False,True,True
10942,18,training,19,17,False,False,True,True
10943,18,training,14,13,True,True,True,False
10946,18,training,20,17,False,False,True,True
10948,18,training,13,12,True,True,True,False
10949,18,training,22,18,False,False,True,True
10950,18,training,11,10,True,True,True,False
10951,18,training,16,15,True,True,True,False
10952,18,training,16,14,True,True,True,False
10954,18,training,17,16,True,True,True,False
10955,18,training,13,12,True,True,True,False
10956,18,training,18,14,False,False,True,True
10958,18,training,15,14,True,True,True,False
10960,18,training,17,15,False,False,True,True
10961,18,training,16,14,False,False,True,True
10962,18,training,16,14,False,False,True,True
10963,18,training,13,12,True,True,True,False
10965,18,training,17,16,True,True,True,False
10967,18,training,12,11,True,True,True,False
10968,18,training,13,12,True,True,True,False
10969,18,training,19,18,True,True,True,False
10970,18,training,23,20,False,False,True,True
10972,18,training,17,16,True,True,True,False
10973,18,training,29,26,False,False,True,True
10974,18,training,20,19,True,True,True,False
10975,18,training,13,11,False,False,True,True
10978,18,training,19,18,True,True,True,False
10980,18,training,23,20,False,False,True,True
10981,18,training,17,16,True,True,True,False
10984,18,training,19,16,False,False,True,True
10987,18,training,14,13,True,True,True,False
10989,18,training,15,13,False,False,True,True
10991,18,training,23,22,False,False,True,True
10995,18,training,17,16,True,True,True,False
10997,18,training,19,18,True,True,True,False
10998,18,training,18,15,False,False,True,True
10999,18,training,13,12,True,True,True,False
11002,18,training,11,10,True,True,True,False
11003,18,training,14,13,True,True,True,False
11006,18,training,11,10,True,True,True,False
11008,18,training,12,10,False,False,True,True
11011,18,training,14,13,True,True,True,False
11012,18,training,14,12,False,False,True,True
11014,18,training,15,14,True,True,True,False
11018,18,training,16,10,False,False,True,True
11023,18,training,17,15,False,False,True,True
11026,18,training,19,17,False,False,True,True
11036,18,training,11,10,True,True,True,False
11048,18,training,15,13,False,False,True,True
11050,18,training,14,13,True,True,True,False
11052,18,training,16,15,True,True,True,False
11053,18,training,22,20,False,False,True,True
11054,18,training,17,14,False,False,True,True
11056,18,training,25,22,False,False,True,True
11057,18,training,15,14,True,True,True,False
11058,18,training,23,21,False,False,True,True
11059,18,training,13,11,False,False,True,True
11060,18,training,15,14,True,True,True,False
11061,18,training,19,17,False,False,True,True
11062,18,training,19,17,False,False,True,True
11063,18,training,14,13,True,True,True,False
11064,18,training,15,14,True,True,True,False
11067,18,training,13,12,True,True,True,False
11068,18,training,14,12,False,False,True,True
11070,18,training,15,13,False,False,True,True
11071,18,training,26,24,True,True,True,False
11073,18,training,16,14,False,False,True,True
11075,18,training,17,15,False,False,True,True
11078,18,training,13,12,True,True,True,False
11080,18,training,12,11,True,True,True,False
11081,18,training,14,13,True,True,True,False
11082,18,training,17,15,False,False,True,True
11083,18,training,14,13,True,True,True,False
11084,18,training,14,13,True,True,True,False
11085,18,training,16,14,False,False,True,True
11086,18,training,14,10,False,False,True,True
11087,18,training,16,15,True,True,True,False
11090,18,training,16,15,True,True,True,False
11091,18,training,13,12,True,True,True,False
11092,18,training,23,21,False,False,True,True
11093,18,training,14,13,False,False,True,True
11094,18,training,22,20,False,False,True,True
11096,18,training,18,16,False,False,True,True
11097,18,training,16,15,True,True,True,False
11098,18,training,15,14,True,True,True,False
11099,18,training,12,11,True,True,True,False
11101,18,training,13,12,True,True,True,False
11102,18,training,23,22,True,True,True,False
11103,18,training,14,11,False,False,True,True
11104,18,training,12,10,False,False,True,True
11105,18,training,11,10,True,True,True,False
11107,18,training,13,12,True,True,True,False
11108,18,training,17,14,False,False,True,True
11110,18,training,18,16,False,False,True,True
11112,18,training,12,11,True,True,True,False
11117,18,training,16,15,True,True,True,False
11119,18,training,12,10,False,False,True,True
11120,18,training,11,10,True,True,True,False
11122,18,training,14,13,True,True,True,False
11125,18,training,21,17,False,False,True,True
11126,18,training,12,10,True,True,True,False
11129,18,training,11,10,True,True,True,False
11130,18,training,11,10,True,True,True,False
11131,18,training,12,10,False,False,True,True
11135,18,training,14,13,True,True,True,False
11137,18,training,14,12,False,False,True,True
11139,18,training,12,11,True,True,True,False
11143,18,training,15,13,False,False,True,True
11144,18,training,13,11,False,False,True,True
11145,18,training,15,14,True,True,True,False
11148,18,training,11,10,True,True,True,False
11151,18,training,23,19,False,False,True,True
11156,18,training,11,10,True,True,True,False
11158,18,training,12,10,False,False,True,True
11159,18,training,11,10,True,True,True,False
11161,18,training,12,11,True,True,True,False
11162,18,training,13,11,False,False,True,True
11163,18,training,17,16,True,True,True,False
11164,18,training,13,11,False,False,True,True
11165,18,training,13,12,True,True,True,False
11166,18,training,24,22,False,False,True,True
11168,18,training,18,17,True,True,True,False
11169,18,training,24,21,False,False,True,True
11170,18,training,17,15,False,False,True,True
11171,18,training,12,11,True,True,True,False
11172,18,training,24,23,True,True,True,False
11178,18,training,16,14,False,False,True,True
11179,18,training,11,10,True,True,True,False
11180,18,training,11,10,True,True,True,False
11181,18,training,12,10,False,False,True,True
11185,18,training,11,10,True,True,True,False
11187,18,training,15,14,True,True,True,False
11189,18,training,15,13,False,False,True,True
11190,18,training,16,15,True,True,True,False
11192,18,training,18,16,False,False,True,True
11193,18,training,19,18,True,True,True,False
11194,18,training,14,11,False,False,True,True
11195,19,validation,18,17,True,True,True,False
11196,19,validation,11,10,True,True,True,False
11197,19,validation,18,15,False,False,True,True
11198,19,validation,13,11,False,False,True,True
11199,19,validation,17,16,True,True,True,False
11200,19,validation,13,12,True,True,True,False
11201,19,validation,14,13,True,True,True,False
11202,19,validation,16,15,True,True,True,False
11203,19,validation,18,16,False,False,True,True
11204,19,validation,19,18,True,True,True,False
11205,19,validation,24,23,True,True,True,False
11206,19,validation,30,27,False,False,True,True
11207,19,validation,25,24,True,True,True,False
11208,19,validation,17,16,True,True,True,False
11209,19,validation,13,12,True,True,True,False
11210,19,validation,18,17,True,True,True,False
11211,19,validation,22,21,True,True,True,False
11212,19,validation,27,26,True,True,True,False
11213,19,validation,16,15,True,True,True,False
11214,19,validation,13,12,True,True,True,False
11215,19,validation,16,15,True,True,True,False
11216,19,validation,18,17,True,True,True,False
11217,19,validation,13,12,True,True,True,False
11218,19,validation,15,14,True,True,True,False
11219,19,validation,16,15,True,True,True,False
11220,19,validation,25,23,False,False,True,True
11221,19,validation,19,17,False,False,True,True
11222,19,validation,24,22,False,False,True,True
11225,19,validation,22,21,True,True,True,False
11226,19,validation,15,14,True,True,True,False
11227,19,validation,21,19,False,False,True,True
11228,19,validation,14,13,True,True,True,False
11229,19,validation,18,17,True,True,True,False
11230,19,validation,20,18,False,False,True,True
11231,19,validation,16,14,False,False,True,True
11232,19,validation,16,15,True,True,True,False
11233,19,validation,25,24,True,True,True,False
11234,19,validation,14,12,False,False,True,True
11235,19,validation,11,10,True,True,True,False
11236,19,validation,21,18,False,False,True,True
11240,19,validation,18,16,False,False,True,True
11241,19,validation,20,18,True,True,True,False
11242,19,validation,26,23,False,False,True,True
11243,19,validation,16,15,True,True,True,False
11244,19,validation,18,16,False,False,True,True
11246,19,validation,21,19,False,False,True,True
11247,19,validation,16,14,False,False,True,True
11250,19,validation,24,23,True,True,True,False
11251,19,validation,23,22,True,True,True,False
11252,19,validation,26,25,True,True,True,False
11253,19,validation,13,12,True,True,True,False
11254,19,validation,24,23,True,True,True,False
11255,19,validation,15,14,True,True,True,False
11256,19,validation,24,21,False,False,True,True
11259,19,validation,17,16,True,True,True,False
11260,19,validation,21,20,True,True,True,False
11262,19,validation,20,18,False,False,True,True
11263,19,validation,13,12,True,True,True,False
11264,19,validation,17,16,False,False,True,True
11265,19,validation,11,10,True,True,True,False
11266,19,validation,20,19,True,True,True,False
11267,19,validation,18,17,True,True,True,False
11268,19,validation,21,18,False,False,True,True
11269,19,validation,24,22,False,False,True,True
11270,19,validation,21,20,True,True,True,False
11271,19,validation,16,15,True,True,True,False
11273,19,validation,17,16,True,True,True,False
11276,19,validation,20,19,True,True,True,False
11277,19,validation,26,25,True,True,True,False
11278,19,validation,20,17,False,False,True,True
11281,19,validation,20,18,False,False,True,True
11282,19,validation,22,20,False,False,True,True
11283,19,validation,14,13,True,True,True,False
11284,19,validation,17,16,True,True,True,False
11285,19,validation,12,11,True,True,True,False
11288,19,validation,22,21,True,True,True,False
11290,19,validation,20,19,True,True,True,False
11292,19,validation,25,24,True,True,True,False
11293,19,validation,25,22,False,False,True,True
11294,19,validation,15,14,True,True,True,False
11295,19,validation,22,21,True,True,True,False
11298,19,validation,25,23,False,False,True,True
11303,19,validation,15,14,True,True,True,False
11304,19,validation,18,17,True,True,True,False
11307,19,validation,17,16,True,True,True,False
11310,19,validation,20,19,False,False,True,True
11311,19,validation,13,12,True,True,True,False
11315,19,validation,11,10,True,True,True,False
11317,19,validation,18,13,False,False,True,True
11324,19,validation,12,11,True,True,True,False
11329,19,validation,12,10,False,False,True,True
11332,19,validation,11,10,True,True,True,False
11333,19,validation,15,13,False,False,True,True
11335,19,validation,11,10,True,True,True,False
11337,19,validation,17,15,False,False,True,True
11340,19,validation,14,13,True,True,True,False
11342,19,validation,14,11,False,False,True,True
11343,19,validation,11,10,True,True,True,False
11344,19,validation,17,16,True,True,True,False
11345,19,validation,17,15,False,False,True,True
11346,19,validation,26,21,False,False,True,True
11347,19,validation,21,19,False,False,True,True
11348,19,validation,12,10,False,False,True,True
11349,19,validation,14,13,True,True,True,False
11350,19,validation,21,20,True,True,True,False
11351,19,validation,15,11,False,False,True,True
11352,19,validation,16,15,True,True,True,False
11353,19,validation,16,14,False,False,True,True
11354,19,validation,21,17,False,False,True,True
11355,19,validation,18,16,False,False,True,True
11357,19,validation,22,21,True,True,True,False
11358,19,validation,14,12,True,True,True,False
11359,19,validation,23,20,False,False,True,True
11360,19,validation,14,13,True,True,True,False
11361,19,validation,18,17,True,True,True,False
11362,19,validation,19,18,True,True,True,False
11363,19,validation,14,12,False,False,True,True
11364,19,validation,18,16,False,False,True,True
11365,19,validation,24,22,False,False,True,True
11366,19,validation,17,15,False,False,True,True
11367,19,validation,26,25,True,True,True,False
11368,19,validation,14,12,False,False,True,True
11369,19,validation,18,16,False,False,True,True
11370,19,validation,22,19,False,False,True,True
11371,19,validation,24,22,False,False,True,True
11374,19,validation,23,21,False,False,True,True
11375,19,validation,21,19,True,True,True,False
11376,19,validation,24,20,False,False,True,True
11377,19,validation,14,13,True,True,True,False
11378,19,validation,13,12,True,True,True,False
11379,19,validation,15,14,True,True,True,False
11380,19,validation,26,24,False,False,True,True
11381,19,validation,11,10,True,True,True,False
11382,19,validation,25,22,False,False,True,True
11383,19,validation,18,16,False,False,True,True
11384,19,validation,19,17,True,True,True,False
11385,19,validation,13,12,True,True,True,False
11386,19,validation,22,21,True,True,True,False
11388,19,validation,19,18,True,True,True,False
11389,19,validation,18,17,True,True,True,False
11390,19,validation,22,20,False,False,True,True
11391,19,validation,11,10,True,True,True,False
11392,19,validation,16,14,True,True,True,False
11394,19,validation,14,13,True,True,True,False
11395,19,validation,20,18,False,False,True,True
11396,19,validation,23,20,False,False,True,True
11397,19,validation,17,16,True,True,True,False
11398,19,validation,15,12,False,False,True,True
11399,19,validation,23,20,False,False,True,True
11400,19,validation,13,12,True,True,True,False
11402,19,validation,20,19,True,True,True,False
11403,19,validation,14,13,True,True,True,False
11404,19,validation,26,23,False,False,True,True
11406,19,validation,13,12,True,True,True,False
11407,19,validation,13,12,True,True,True,False
11408,19,validation,22,19,False,False,True,True
11411,19,validation,13,11,False,False,True,True
11412,19,validation,24,23,True,True,True,False
11416,19,validation,24,23,True,True,True,False
11418,19,validation,14,13,True,True,True,False
11419,19,validation,23,21,False,False,True,True
11421,19,validation,25,24,True,True,True,False
11423,19,validation,22,20,False,False,True,True
11426,19,validation,20,19,True,True,True,False
11430,19,validation,18,17,True,True,True,False
11431,19,validation,27,26,False,False,True,True
11432,19,validation,17,16,True,True,True,False
11434,19,validation,16,14,False,False,True,True
11435,19,validation,25,24,True,True,True,False
11439,19,validation,17,15,False,False,True,True
11441,19,validation,14,13,True,True,True,False
11445,19,validation,13,12,True,True,True,False
11446,19,validation,17,14,False,False,True,True
11447,19,validation,12,11,True,True,True,False
11449,19,validation,19,16,False,False,True,True
11455,19,validation,13,11,False,False,True,True
11456,19,validation,14,11,True,True,True,False
11465,19,validation,15,14,True,True,True,False
11469,19,validation,11,10,True,True,True,False
11470,19,validation,12,10,False,False,True,True
11473,19,validation,15,14,True,True,True,False
11478,19,validation,12,11,True,True,True,False
11479,19,validation,11,10,True,True,True,False
11482,19,validation,15,14,True,True,True,False
11483,19,validation,17,14,False,False,True,True
11484,19,validation,15,14,True,True,True,False
11485,19,validation,14,12,False,False,True,True
11486,19,validation,15,14,True,True,True,False
11487,19,validation,19,17,False,False,True,True
11488,19,validation,18,17,True,True,True,False
11489,19,validation,20,18,False,False,True,True
11490,19,validation,17,16,True,True,True,False
11491,19,validation,23,19,False,False,True,True
11492,19,validation,17,15,False,False,True,True
11494,19,validation,18,17,True,True,True,False
11495,19,validation,26,23,False,False,True,True
11496,19,validation,19,17,False,False,True,True
11497,19,validation,16,15,True,True,True,False
11498,19,validation,21,17,False,False,True,True
11499,19,validation,26,23,False,False,True,True
11500,19,validation,20,17,False,False,True,True
11501,19,validation,13,12,True,True,True,False
11503,19,validation,13,11,False,False,True,True
11504,19,validation,16,15,True,True,True,False
11505,19,validation,18,16,False,False,True,True
11506,19,validation,12,11,True,True,True,False
11507,19,validation,15,14,True,True,True,False
11508,19,validation,13,11,False,False,True,True
11509,19,validation,14,13,True,True,True,False
11510,19,validation,13,12,True,True,True,False
11513,19,validation,22,19,False,False,True,True
11514,19,validation,18,16,False,False,True,True
11517,19,validation,20,17,False,False,True,True
11518,19,validation,17,16,True,True,True,False
11519,19,validation,17,15,False,False,True,True
11520,19,validation,24,20,False,False,True,True
11521,19,validation,14,13,True,True,True,False
11524,19,validation,13,11,False,False,True,True
11525,19,validation,19,16,False,False,True,True
11526,19,validation,13,12,False,False,True,True
11527,19,validation,15,14,True,True,True,False
11528,19,validation,13,12,True,True,True,False
11529,19,validation,11,10,False,False,True,True
11530,19,validation,15,14,True,True,True,False
11531,19,validation,12,11,True,True,True,False
11532,19,validation,19,18,True,True,True,False
11533,19,validation,17,16,True,True,True,False
11534,19,validation,22,21,True,True,True,False
11535,19,validation,15,12,False,False,True,True
11536,19,validation,20,18,False,False,True,True
11538,19,validation,17,15,False,False,True,True
11541,19,validation,12,11,True,True,True,False
11542,19,validation,16,13,False,False,True,True
11543,19,validation,12,11,True,True,True,False
11545,19,validation,21,20,True,True,True,False
11546,19,validation,19,17,False,False,True,True
11547,19,validation,15,14,True,True,True,False
11548,19,validation,11,10,True,True,True,False
11549,19,validation,17,16,True,True,True,False
11550,19,validation,11,10,True,True,True,False
11551,19,validation,21,20,True,True,True,False
11552,19,validation,22,19,False,False,True,True
11553,19,validation,12,11,True,True,True,False
11554,19,validation,15,14,True,True,True,False
11555,19,validation,11,10,True,True,True,False
11558,19,validation,19,16,False,False,True,True
11559,19,validation,15,13,False,False,True,True
11562,19,validation,22,19,False,False,True,True
11563,19,validation,11,10,True,True,True,False
11567,19,validation,17,16,True,True,True,False
11570,19,validation,13,12,False,False,True,True
11571,19,validation,16,14,False,False,True,True
11575,19,validation,14,13,True,True,True,False
11576,19,validation,22,20,False,False,True,True
11577,19,validation,16,15,True,True,True,False
11578,19,validation,20,18,False,False,True,True
11580,19,validation,15,14,True,True,True,False
11587,19,validation,16,15,True,True,True,False
11589,19,validation,16,15,True,True,True,False
11592,19,validation,22,18,False,False,True,True
11598,19,validation,12,10,False,False,True,True
11599,19,validation,13,12,True,True,True,False
11602,19,validation,15,14,True,True,True,False
11603,19,validation,16,15,True,True,True,False
11606,19,validation,11,10,True,False,True,False
11607,19,validation,16,14,False,False,True,True
11609,19,validation,11,10,True,True,True,False
11615,19,validation,13,12,True,True,True,False
11616,19,validation,14,12,False,False,True,True
11617,19,validation,12,10,False,False,True,True
11620,19,validation,15,14,True,True,True,False
11621,19,validation,18,17,True,True,True,False
11622,19,validation,26,24,False,False,True,True
11623,19,validation,20,18,False,False,True,True
11625,19,validation,12,11,True,True,True,False
11627,19,validation,16,15,True,True,True,False
11628,19,validation,17,16,True,True,True,False
11629,19,validation,15,14,True,True,True,False
11630,19,validation,17,15,False,False,True,True
11631,19,validation,18,17,True,True,True,False
11632,19,validation,27,22,False,False,True,True
11633,19,validation,16,15,True,True,True,False
11634,19,validation,13,12,True,True,True,False
11635,19,validation,13,12,True,True,True,False
11636,19,validation,15,13,False,False,True,True
11637,19,validation,14,12,False,False,True,True
11638,19,validation,13,11,False,False,True,True
11639,19,validation,12,11,True,True,True,False
11640,19,validation,29,27,False,False,True,True
11641,19,validation,24,21,False,False,True,True
11642,19,validation,20,18,False,False,True,True
11644,19,validation,18,16,False,False,True,True
11645,19,validation,13,12,True,True,True,False
11646,19,validation,15,13,False,False,True,True
11647,19,validation,16,15,True,True,True,False
11648,19,validation,15,13,False,False,True,True
11649,19,validation,21,17,False,False,True,True
11650,19,validation,28,23,False,False,True,True
11651,19,validation,15,14,True,True,True,False
11652,19,validation,19,17,False,False,True,True
11653,19,validation,21,20,True,True,True,False
11655,19,validation,19,17,False,False,True,True
11656,19,validation,18,16,False,False,True,True
11657,19,validation,15,13,False,False,True,True
11658,19,validation,20,19,True,True,True,False
11659,19,validation,19,17,False,False,True,True
11663,19,validation,20,18,False,False,True,True
11664,19,validation,12,11,True,True,True,False
11665,19,validation,29,24,False,False,True,True
11667,19,validation,17,16,True,True,True,False
11668,19,validation,13,11,False,False,True,True
11669,19,validation,15,14,True,True,True,False
11670,19,validation,19,16,False,False,True,True
11672,19,validation,25,22,False,False,True,True
11673,19,validation,17,15,False,False,True,True
11674,19,validation,19,15,False,False,True,True
11675,19,validation,15,14,False,False,True,True
11676,19,validation,17,14,False,False,True,True
11677,19,validation,26,22,False,False,True,True
11678,19,validation,18,16,False,False,True,True
11679,19,validation,23,21,False,False,True,True
11680,19,validation,14,13,True,True,True,False
11682,19,validation,22,19,False,False,True,True
11684,19,validation,12,10,False,False,True,True
11687,19,validation,17,16,True,True,True,False
11689,19,validation,13,11,False,False,True,True
11690,19,validation,21,18,False,False,True,True
11691,19,validation,16,15,True,True,True,False
11692,19,validation,27,26,True,True,True,False
11693,19,validation,19,18,True,True,True,False
11694,19,validation,21,20,True,True,True,False
11696,19,validation,13,12,True,True,True,False
11698,19,validation,22,21,True,True,True,False
11699,19,validation,13,12,True,True,True,False
11700,19,validation,18,17,True,True,True,False
11701,19,validation,18,17,True,True,True,False
11702,19,validation,16,15,True,True,True,False
11704,19,validation,18,17,True,True,True,False
11705,19,validation,17,16,True,True,True,False
11709,19,validation,22,20,False,False,True,True
11710,19,validation,13,12,True,True,True,False
11713,19,validation,19,17,False,False,True,True
11715,19,validation,19,18,True,True,True,False
11720,19,validation,12,11,True,True,True,False
11722,19,validation,14,13,True,True,True,False
11723,19,validation,13,11,False,False,True,True
11724,19,validation,21,17,False,False,True,True
11726,19,validation,14,12,False,False,True,True
11728,19,validation,15,14,True,True,True,False
11741,19,validation,16,12,False,False,True,True
11747,19,validation,11,10,True,True,True,False
11748,19,validation,14,12,False,False,True,True
11749,19,validation,13,12,True,True,True,False
11752,19,validation,12,11,True,True,True,False
11753,19,validation,16,14,False,False,True,True
11756,19,validation,18,16,False,False,True,True
11758,19,validation,12,11,True,True,True,False
11759,19,validation,22,20,False,False,True,True
11760,19,validation,15,14,True,True,True,False
11762,19,validation,13,12,True,True,True,False
11763,19,validation,22,19,False,False,True,True
11764,19,validation,13,11,False,False,True,True
11765,19,validation,21,18,False,False,True,True
11766,19,validation,22,19,False,False,True,True
11767,19,validation,19,17,False,False,True,True
11768,19,validation,16,15,True,True,True,False
11770,19,validation,16,15,True,True,True,False
11771,19,validation,16,15,True,True,True,False
11772,19,validation,15,14,True,True,True,False
11773,19,validation,19,17,False,False,True,True
11774,19,validation,16,15,True,True,True,False
11775,19,validation,20,19,True,True,True,False
11776,19,validation,27,23,False,False,True,True
11777,19,validation,16,14,False,False,True,True
11778,19,validation,18,15,False,False,True,True
11779,19,validation,18,17,True,True,True,False
11780,19,validation,18,17,True,True,True,False
11781,19,validation,11,10,True,True,True,False
11782,19,validation,14,13,True,True,True,False
11783,19,validation,13,12,True,True,True,False
11784,19,validation,19,16,False,False,True,True
11785,19,validation,16,13,False,False,True,True
11786,19,validation,13,12,True,True,True,False
11787,19,validation,15,14,True,True,True,False
11788,19,validation,14,12,False,False,True,True
11790,19,validation,21,19,False,False,True,True
11791,19,validation,15,13,False,False,True,True
11792,19,validation,20,17,False,False,True,True
11793,19,validation,17,16,True,True,True,False
11794,19,validation,27,25,False,False,True,True
11795,19,validation,23,20,False,False,True,True
11797,19,validation,21,19,False,False,True,True
11800,19,validation,17,15,False,False,True,True
11801,19,validation,20,19,True,True,True,False
11802,19,validation,20,18,False,False,True,True
11803,19,validation,21,20,True,True,True,False
11804,19,validation,19,17,False,False,True,True
11805,19,validation,20,18,False,False,True,True
11806,19,validation,13,12,True,True,True,False
11807,19,validation,19,18,True,True,True,False
11808,19,validation,17,16,True,True,True,False
11810,19,validation,28,26,False,False,True,True
11812,19,validation,17,16,True,True,True,False
11813,19,validation,15,13,False,False,True,True
11814,19,validation,20,18,False,False,True,True
11818,19,validation,13,12,True,True,True,False
11822,19,validation,14,13,True,True,True,False
11826,19,validation,11,10,True,True,True,False
11827,19,validation,15,13,False,False,True,True
11831,19,validation,18,16,False,False,True,True
11832,19,validation,12,11,True,True,True,False
11833,19,validation,17,14,False,False,True,True
11834,19,validation,21,19,False,False,True,True
11836,19,validation,18,17,True,True,True,False
11837,19,validation,17,15,False,False,True,True
11840,19,validation,19,18,True,True,True,False
11841,19,validation,18,17,True,True,True,False
11842,19,validation,15,14,True,True,True,False
11844,20,validation,17,14,False,False,True,True
11848,20,validation,13,12,True,True,True,False
11849,20,validation,17,16,True,True,True,False
11850,20,validation,14,13,True,True,True,False
11851,20,validation,13,12,True,True,True,False
11852,20,validation,12,11,True,True,True,False
11853,20,validation,18,17,True,True,True,False
11856,20,validation,15,14,True,True,True,False
11857,20,validation,12,11,True,True,True,False
11859,20,validation,20,19,True,True,True,False
11860,20,validation,22,20,False,False,True,True
11862,20,validation,11,10,True,True,True,False
11863,20,validation,15,14,True,True,True,False
11864,20,validation,17,15,False,False,True,True
11865,20,validation,18,17,True,True,True,False
11866,20,validation,29,27,False,False,True,True
11867,20,validation,19,18,True,True,True,False
11868,20,validation,20,19,True,True,True,False
11869,20,validation,12,11,True,True,True,False
11870,20,validation,21,20,True,True,True,False
11872,20,validation,24,23,True,True,True,False
11873,20,validation,26,24,False,False,True,True
11874,20,validation,19,17,False,False,True,True
11875,20,validation,16,15,True,True,True,False
11876,20,validation,22,20,False,False,True,True
11877,20,validation,30,28,False,False,True,True
11878,20,validation,13,12,True,True,True,False
11879,20,validation,15,13,False,False,True,True
11880,20,validation,15,14,True,True,True,False
11881,20,validation,19,18,True,True,True,False
11883,20,validation,31,30,True,True,True,False
11884,20,validation,19,18,True,True,True,False
11885,20,validation,19,17,False,False,True,True
11888,20,validation,26,25,True,True,True,False
11889,20,validation,15,13,False,False,True,True
11890,20,validation,27,24,False,False,True,True
11892,20,validation,21,20,True,True,True,False
11893,20,validation,22,21,True,True,True,False
11894,20,validation,22,21,True,True,True,False
11896,20,validation,17,16,True,True,True,False
11897,20,validation,22,21,True,True,True,False
11898,20,validation,16,14,False,False,True,True
11899,20,validation,18,17,True,True,True,False
11900,20,validation,18,17,True,True,True,False
11901,20,validation,19,17,False,False,True,True
11903,20,validation,18,16,False,False,True,True
11904,20,validation,28,26,False,False,True,True
11905,20,validation,14,13,True,True,True,False
11906,20,validation,24,23,True,True,True,False
11907,20,validation,18,17,True,True,True,False
11908,20,validation,24,22,True,True,True,False
11909,20,validation,11,10,True,True,True,False
11910,20,validation,15,12,False,False,True,True
11911,20,validation,13,11,False,False,True,True
11912,20,validation,13,12,True,True,True,False
11914,20,validation,20,19,True,True,True,False
11915,20,validation,16,15,True,True,True,False
11916,20,validation,36,33,False,False,True,True
11918,20,validation,14,13,True,True,True,False
11919,20,validation,22,18,False,False,True,True
11921,20,validation,25,23,False,False,True,True
11922,20,validation,17,16,True,True,True,False
11923,20,validation,15,14,False,False,True,True
11924,20,validation,16,12,False,False,True,True
11926,20,validation,14,13,True,True,True,False
11930,20,validation,12,10,True,True,True,False
11931,20,validation,24,23,True,True,True,False
11932,20,validation,15,14,True,True,True,False
11934,20,validation,17,16,True,True,True,False
11935,20,validation,15,13,False,False,True,True
11937,20,validation,20,18,True,True,True,False
11938,20,validation,15,14,True,True,True,False
11940,20,validation,30,26,False,False,True,True
11944,20,validation,14,12,False,False,True,True
11948,20,validation,28,25,False,False,True,True
11949,20,validation,23,21,False,False,True,True
11951,20,validation,26,24,False,False,True,True
11958,20,validation,16,15,True,True,True,False
11961,20,validation,19,18,True,True,True,False
11964,20,validation,34,30,False,False,True,True
11966,20,validation,21,16,False,False,True,True
11981,20,validation,18,16,False,False,True,True
11985,20,validation,27,17,False,False,True,True
11988,20,validation,11,10,True,True,True,False
11989,20,validation,13,11,False,False,True,True
11991,20,validation,15,13,False,False,True,True
11993,20,validation,11,10,True,True,True,False
11998,20,validation,12,10,False,False,True,True
12003,20,validation,13,12,True,True,True,False
12004,20,validation,14,12,False,False,True,True
12005,20,validation,17,15,False,False,True,True
12006,20,validation,14,12,False,False,True,True
12007,20,validation,13,10,False,False,True,True
12008,20,validation,18,16,False,False,True,True
12009,20,validation,23,19,False,False,True,True
12010,20,validation,19,18,True,True,True,False
12011,20,validation,19,18,True,True,True,False
12012,20,validation,17,16,True,True,True,False
12013,20,validation,20,17,True,True,True,False
12014,20,validation,14,13,True,True,True,False
12015,20,validation,25,21,False,False,True,True
12017,20,validation,13,11,False,False,True,True
12018,20,validation,15,14,True,True,True,False
12019,20,validation,18,17,True,True,True,False
12020,20,validation,16,14,False,False,True,True
12021,20,validation,22,19,False,False,True,True
12022,20,validation,13,11,False,False,True,True
12023,20,validation,18,17,True,True,True,False
12024,20,validation,19,18,True,True,True,False
12025,20,validation,15,13,False,False,True,True
12026,20,validation,16,15,True,True,True,False
12027,20,validation,15,14,True,True,True,False
12028,20,validation,23,22,True,True,True,False
12030,20,validation,18,17,True,True,True,False
12033,20,validation,11,10,True,True,True,False
12036,20,validation,15,13,False,False,True,True
12039,20,validation,15,13,False,False,True,True
12040,20,validation,27,26,True,True,True,False
12041,20,validation,13,12,True,True,True,False
12043,20,validation,16,14,False,False,True,True
12044,20,validation,11,10,True,True,True,False
12045,20,validation,14,10,False,False,True,True
12047,20,validation,21,20,True,True,True,False
12048,20,validation,12,10,False,False,True,True
12049,20,validation,21,18,False,False,True,True
12050,20,validation,13,12,True,True,True,False
12051,20,validation,16,15,True,True,True,False
12052,20,validation,20,17,False,False,True,True
12053,20,validation,17,15,False,False,True,True
12054,20,validation,13,12,True,True,True,False
12056,20,validation,17,15,False,False,True,True
12058,20,validation,19,18,True,True,True,False
12059,20,validation,19,17,False,False,True,True
12060,20,validation,16,14,False,False,True,True
12061,20,validation,14,10,False,False,True,True
12062,20,validation,22,19,False,False,True,True
12063,20,validation,22,20,False,False,True,True
12064,20,validation,18,17,True,True,True,False
12065,20,validation,24,22,False,False,True,True
12066,20,validation,16,15,True,True,True,False
12067,20,validation,25,22,False,False,True,True
12068,20,validation,16,14,False,False,True,True
12069,20,validation,18,14,False,False,True,True
12072,20,validation,26,25,True,True,True,False
12074,20,validation,22,21,True,True,True,False
12075,20,validation,11,10,True,True,True,False
12077,20,validation,15,14,True,True,True,False
12079,20,validation,12,11,True,True,True,False
12080,20,validation,11,10,True,True,True,False
12081,20,validation,20,19,True,True,True,False
12082,20,validation,13,12,True,True,True,False
12084,20,validation,12,11,True,True,True,False
12086,20,validation,17,15,False,False,True,True
12087,20,validation,21,18,False,False,True,True
12089,20,validation,20,17,False,False,True,True
12093,20,validation,13,12,True,True,True,False
12094,20,validation,18,16,False,False,True,True
12096,20,validation,12,11,True,True,True,False
12097,20,validation,17,16,True,True,True,False
12098,20,validation,20,19,False,False,True,True
12099,20,validation,15,14,True,True,True,False
12100,20,validation,18,17,True,True,True,False
12101,20,validation,16,15,True,True,True,False
12105,20,validation,15,14,True,True,True,False
12113,20,validation,11,10,True,True,True,False
12117,20,validation,23,21,False,False,True,True
12119,20,validation,12,10,False,False,True,True
12130,20,validation,18,17,False,False,True,True
12143,20,validation,16,14,False,False,True,True
12144,20,validation,16,14,False,False,True,True
12146,20,validation,16,13,False,False,True,True
12150,20,validation,12,11,True,True,True,False
12154,20,validation,15,14,True,True,True,False
12159,20,validation,22,20,False,False,True,True
12160,20,validation,25,22,False,False,True,True
12161,20,validation,19,17,False,False,True,True
12162,20,validation,23,21,False,False,True,True
12163,20,validation,22,19,False,False,True,True
12164,20,validation,12,11,True,True,True,False
12165,20,validation,19,17,False,False,True,True
12166,20,validation,13,12,True,True,True,False
12167,20,validation,12,10,False,False,True,True
12168,20,validation,14,12,False,False,True,True
12169,20,validation,23,21,False,False,True,True
12170,20,validation,16,15,True,True,True,False
12171,20,validation,12,10,False,False,True,True
12172,20,validation,16,15,True,True,True,False
12173,20,validation,20,17,False,False,True,True
12174,20,validation,25,22,False,False,True,True
12175,20,validation,14,12,False,False,True,True
12176,20,validation,17,14,False,False,True,True
12178,20,validation,19,18,True,True,True,False
12180,20,validation,12,11,True,True,True,False
12181,20,validation,14,13,True,True,True,False
12182,20,validation,22,21,True,True,True,False
12183,20,validation,24,20,False,False,True,True
12184,20,validation,19,17,False,False,True,True
12186,20,validation,14,13,True,True,True,False
12187,20,validation,17,16,True,True,True,False
12188,20,validation,17,16,True,True,True,False
12190,20,validation,15,14,True,True,True,False
12191,20,validation,22,21,True,True,True,False
12192,20,validation,15,14,True,True,True,False
12193,20,validation,17,15,False,False,True,True
12194,20,validation,24,22,False,False,True,True
12195,20,validation,23,21,False,False,True,True
12196,20,validation,24,22,False,False,True,True
12197,20,validation,15,13,False,False,True,True
12198,20,validation,22,21,True,True,True,False
12199,20,validation,21,20,True,True,True,False
12200,20,validation,20,18,False,False,True,True
12201,20,validation,19,18,True,True,True,False
12203,20,validation,15,14,True,True,True,False
12204,20,validation,17,15,False,False,True,True
12205,20,validation,25,21,False,False,True,True
12206,20,validation,25,20,False,False,True,True
12207,20,validation,12,11,True,True,True,False
12208,20,validation,12,11,True,True,True,False
12209,20,validation,30,25,False,False,True,True
12210,20,validation,19,18,True,True,True,False
12211,20,validation,20,18,False,False,True,True
12212,20,validation,14,13,True,True,True,False
12213,20,validation,32,30,False,False,True,True
12214,20,validation,18,16,False,False,True,True
12215,20,validation,15,14,True,True,True,False
12217,20,validation,13,11,False,False,True,True
12218,20,validation,20,17,False,False,True,True
12219,20,validation,21,18,False,False,True,True
12220,20,validation,13,11,False,False,True,True
12221,20,validation,23,21,False,False,True,True
12222,20,validation,17,16,True,True,True,False
12223,20,validation,22,18,False,False,True,True
12224,20,validation,20,18,False,False,True,True
12225,20,validation,12,11,True,True,True,False
12226,20,validation,14,12,False,False,True,True
12227,20,validation,12,11,True,True,True,False
12228,20,validation,15,14,True,True,True,False
12229,20,validation,19,18,True,True,True,False
12231,20,validation,21,20,True,True,True,False
12233,20,validation,19,18,True,True,True,False
12234,20,validation,14,13,True,True,True,False
12237,20,validation,15,14,True,True,True,False
12238,20,validation,18,17,True,True,True,False
12240,20,validation,12,11,True,True,True,False
12241,20,validation,21,18,False,False,True,True
12242,20,validation,25,23,False,False,True,True
12243,20,validation,21,19,False,False,True,True
12244,20,validation,21,20,True,True,True,False
12249,20,validation,20,19,True,True,True,False
12251,20,validation,26,25,False,False,True,True
12252,20,validation,19,18,True,True,True,False
12255,20,validation,13,10,False,False,True,True
12258,20,validation,12,11,True,True,True,False
12259,20,validation,20,19,True,True,True,False
12260,20,validation,13,11,False,False,True,True
12266,20,validation,13,11,False,False,True,True
12271,20,validation,13,12,True,True,True,False
12273,20,validation,18,16,False,False,True,True
12276,20,validation,16,14,False,False,True,True
12277,20,validation,14,13,True,True,True,False
12281,20,validation,17,13,False,False,True,True
12293,20,validation,12,10,False,False,True,True
12295,20,validation,11,10,True,True,True,False
12297,20,validation,15,12,False,False,True,True
12299,20,validation,12,11,True,True,True,False
12300,20,validation,12,11,True,True,True,False
12304,20,validation,16,14,False,False,True,True
12305,20,validation,11,10,True,True,True,False
12306,20,validation,15,12,False,False,True,True
12307,20,validation,11,10,True,True,True,False
12309,20,validation,18,16,False,False,True,True
12310,20,validation,19,17,False,False,True,True
12311,20,validation,21,19,False,False,True,True
12312,20,validation,18,17,True,True,True,False
12313,20,validation,27,25,False,False,True,True
12314,20,validation,14,13,True,True,True,False
12315,20,validation,13,12,True,True,True,False
12316,20,validation,15,14,True,True,True,False
12317,20,validation,24,21,False,False,True,True
12318,20,validation,15,14,True,True,True,False
12320,20,validation,21,18,False,False,True,True
12321,20,validation,14,13,True,True,True,False
12322,20,validation,14,13,True,True,True,False
12323,20,validation,19,15,False,False,True,True
12324,20,validation,16,15,True,True,True,False
12325,20,validation,19,17,False,False,True,True
12326,20,validation,16,15,True,True,True,False
12327,20,validation,20,18,False,False,True,True
12329,20,validation,15,14,True,True,True,False
12330,20,validation,19,14,False,False,True,True
12331,20,validation,12,11,True,True,True,False
12333,20,validation,12,10,False,False,True,True
12335,20,validation,13,11,False,False,True,True
12336,20,validation,15,13,False,False,True,True
12337,20,validation,16,14,False,False,True,True
12341,20,validation,23,21,False,False,True,True
12342,20,validation,20,18,False,False,True,True
12343,20,validation,16,14,False,False,True,True
12344,20,validation,15,13,False,False,True,True
12345,20,validation,17,16,True,True,True,False
12346,20,validation,25,23,True,True,True,False
12347,20,validation,14,13,True,True,True,False
12348,20,validation,20,19,True,True,True,False
12349,20,validation,13,12,True,True,True,False
12350,20,validation,13,12,True,True,True,False
12353,20,validation,21,19,False,False,True,True
12356,20,validation,11,10,True,True,True,False
12357,20,validation,14,13,True,True,True,False
12358,20,validation,18,17,True,True,True,False
12361,20,validation,19,18,False,False,True,True
12362,20,validation,15,14,True,True,True,False
12364,20,validation,19,17,False,False,True,True
12365,20,validation,12,11,False,False,True,True
12366,20,validation,16,14,False,False,True,True
12367,20,validation,18,16,False,False,True,True
12368,20,validation,12,11,True,True,True,False
12369,20,validation,21,20,True,True,True,False
12373,20,validation,21,16,False,False,True,True
12374,20,validation,26,25,True,True,True,False
12375,20,validation,16,15,True,True,True,False
12376,20,validation,13,10,False,False,True,True
12377,20,validation,15,14,True,True,True,False
12378,20,validation,18,16,False,False,True,True
12379,20,validation,15,12,False,False,True,True
12381,20,validation,22,21,True,True,True,False
12382,20,validation,13,12,True,True,True,False
12383,20,validation,12,11,True,True,True,False
12384,20,validation,17,16,True,True,True,False
12387,20,validation,24,20,False,False,True,True
12392,20,validation,17,16,True,True,True,False
12393,20,validation,19,18,True,True,True,False
12394,20,validation,17,16,True,True,True,False
12395,20,validation,11,10,True,True,True,False
12398,20,validation,29,26,False,False,True,True
12400,20,validation,24,22,False,False,True,True
12406,20,validation,12,11,True,True,True,False
12408,20,validation,16,15,True,True,True,False
12411,20,validation,14,12,False,False,True,True
12412,20,validation,17,14,False,False,True,True
12413,20,validation,17,16,True,True,True,False
12415,20,validation,15,13,False,False,True,True
12416,20,validation,16,15,True,True,True,False
12417,20,validation,14,13,True,True,True,False
12423,20,validation,18,13,False,False,True,True
12424,20,validation,12,10,False,False,True,True
12429,20,validation,16,13,False,False,True,True
12432,20,validation,14,12,False,False,True,True
12434,20,validation,18,16,False,False,True,True
12435,20,validation,15,13,False,False,True,True
12437,20,validation,16,14,False,False,True,True
12438,20,validation,15,14,True,True,True,False
12439,20,validation,20,18,True,True,True,False
12443,20,validation,14,13,True,True,True,False
12447,20,validation,12,11,True,True,True,False
12448,20,validation,17,15,False,False,True,True
12450,20,validation,16,12,False,False,True,True
12453,20,validation,14,13,True,True,True,False
12455,20,validation,17,15,False,False,True,True
12457,20,validation,16,15,True,True,True,False
12458,20,validation,16,14,False,False,True,True
12459,20,validation,15,14,True,True,True,False
12461,20,validation,17,16,True,True,True,False
12462,21,validation,13,12,True,True,True,False
12463,21,validation,13,12,True,True,True,False
12464,21,validation,26,25,True,True,True,False
12465,21,validation,21,19,False,False,True,True
12466,21,validation,25,23,False,False,True,True
12467,21,validation,21,18,False,False,True,True
12468,21,validation,19,17,False,False,True,True
12469,21,validation,18,17,True,True,True,False
12470,21,validation,21,20,True,True,True,False
12471,21,validation,17,16,True,True,True,False
12472,21,validation,15,14,True,True,True,False
12473,21,validation,18,17,True,True,True,False
12474,21,validation,22,18,False,False,True,True
12475,21,validation,20,19,True,True,True,False
12476,21,validation,14,13,True,True,True,False
12477,21,validation,23,20,False,False,True,True
12478,21,validation,24,23,True,True,True,False
12479,21,validation,16,15,True,True,True,False
12480,21,validation,17,16,True,True,True,False
12481,21,validation,12,10,False,False,True,True
12482,21,validation,17,16,True,True,True,False
12483,21,validation,22,21,True,True,True,False
12484,21,validation,24,23,True,True,True,False
12485,21,validation,22,21,True,True,True,False
12486,21,validation,16,15,True,True,True,False
12487,21,validation,14,13,True,True,True,False
12488,21,validation,13,12,True,True,True,False
12489,21,validation,20,18,False,False,True,True
12490,21,validation,11,10,True,True,True,False
12491,21,validation,16,14,False,False,True,True
12492,21,validation,20,19,True,True,True,False
12493,21,validation,16,15,True,True,True,False
12494,21,validation,22,20,False,False,True,True
12495,21,validation,24,22,False,False,True,True
12496,21,validation,11,10,True,True,True,False
12498,21,validation,26,24,False,False,True,True
12499,21,validation,16,14,False,False,True,True
12500,21,validation,18,16,False,False,True,True
12501,21,validation,20,18,False,False,True,True
12502,21,validation,17,16,True,True,True,False
12503,21,validation,23,20,False,False,True,True
12504,21,validation,16,15,True,True,True,False
12506,21,validation,15,14,True,True,True,False
12507,21,validation,23,22,True,True,True,False
12508,21,validation,12,11,True,True,True,False
12509,21,validation,19,18,True,True,True,False
12510,21,validation,21,19,False,False,True,True
12512,21,validation,15,14,True,True,True,False
12513,21,validation,11,10,True,True,True,False
12514,21,validation,27,24,False,False,True,True
12515,21,validation,23,21,False,False,True,True
12516,21,validation,14,13,True,True,True,False
12519,21,validation,14,13,True,True,True,False
12520,21,validation,14,13,True,True,True,False
12522,21,validation,20,19,True,True,True,False
12523,21,validation,19,18,True,True,True,False
12524,21,validation,16,15,True,True,True,False
12527,21,validation,19,18,True,True,True,False
12529,21,validation,13,12,True,True,True,False
12530,21,validation,18,17,True,True,True,False
12532,21,validation,15,14,True,True,True,False
12533,21,validation,16,15,True,True,True,False
12536,21,validation,14,13,True,True,True,False
12537,21,validation,18,17,True,True,True,False
12539,21,validation,19,18,True,True,True,False
12540,21,validation,18,17,True,True,True,False
12542,21,validation,19,18,True,True,True,False
12543,21,validation,17,16,True,True,True,False
12544,21,validation,20,19,True,True,True,False
12545,21,validation,11,10,False,False,True,True
12546,21,validation,21,19,False,False,True,True
12549,21,validation,20,19,True,True,True,False
12550,21,validation,20,17,False,False,True,True
12551,21,validation,22,21,True,True,True,False
12552,21,validation,12,10,False,False,True,True
12553,21,validation,13,12,True,True,True,False
12554,21,validation,14,13,True,True,True,False
12558,21,validation,19,18,False,False,True,True
12560,21,validation,14,13,True,True,True,False
12564,21,validation,16,15,True,True,True,False
12567,21,validation,13,12,True,True,True,False
12568,21,validation,13,11,False,False,True,True
12569,21,validation,16,14,False,False,True,True
12574,21,validation,16,14,False,False,True,True
12576,21,validation,14,12,False,False,True,True
12587,21,validation,26,15,False,False,True,True
12590,21,validation,15,14,True,True,True,False
12598,21,validation,15,14,True,True,True,False
12601,21,validation,12,10,False,False,True,True
12603,21,validation,14,12,False,False,True,True
12604,21,validation,17,16,True,True,True,False
12605,21,validation,15,11,False,False,True,True
12606,21,validation,11,10,True,True,True,False
12607,21,validation,13,10,False,False,True,True
12608,21,validation,12,10,False,False,True,True
12609,21,validation,15,14,True,True,True,False
12610,21,validation,18,17,True,True,True,False
12613,21,validation,11,10,True,True,True,False
12615,21,validation,20,17,False,False,True,True
12616,21,validation,21,20,True,True,True,False
12617,21,validation,15,13,False,False,True,True
12618,21,validation,13,12,True,True,True,False
12619,21,validation,16,15,True,True,True,False
12620,21,validation,19,18,True,True,True,False
12621,21,validation,21,18,False,False,True,True
12622,21,validation,20,19,True,True,True,False
12623,21,validation,12,11,True,True,True,False
12624,21,validation,19,15,False,False,True,True
12625,21,validation,22,21,True,True,True,False
12626,21,validation,17,15,False,False,True,True
12628,21,validation,17,14,False,False,True,True
12629,21,validation,18,17,True,True,True,False
12630,21,validation,12,11,True,True,True,False
12631,21,validation,21,18,False,False,True,True
12632,21,validation,18,17,True,True,True,False
12633,21,validation,14,12,False,False,True,True
12634,21,validation,13,11,True,True,True,False
12636,21,validation,21,19,False,False,True,True
12637,21,validation,17,15,False,False,True,True
12638,21,validation,20,19,True,True,True,False
12639,21,validation,22,19,False,False,True,True
12640,21,validation,16,15,True,True,True,False
12641,21,validation,18,16,False,False,True,True
12642,21,validation,16,15,True,True,True,False
12643,21,validation,20,18,False,False,True,True
12644,21,validation,19,15,False,False,True,True
12645,21,validation,19,18,True,True,True,False
12647,21,validation,15,14,True,True,True,False
12648,21,validation,15,14,True,True,True,False
12649,21,validation,19,16,False,False,True,True
12650,21,validation,21,19,False,False,True,True
12651,21,validation,29,25,False,False,True,True
12652,21,validation,16,15,True,True,True,False
12653,21,validation,16,15,True,True,True,False
12655,21,validation,19,18,True,True,True,False
12656,21,validation,18,17,True,True,True,False
12658,21,validation,21,20,True,True,True,False
12659,21,validation,15,14,True,True,True,False
12660,21,validation,12,11,True,True,True,False
12663,21,validation,22,20,False,False,True,True
12664,21,validation,15,13,False,False,True,True
12665,21,validation,21,19,False,False,True,True
12668,21,validation,15,13,False,False,True,True
12671,21,validation,23,20,False,False,True,True
12672,21,validation,14,13,True,True,True,False
12675,21,validation,23,21,False,False,True,True
12676,21,validation,14,12,False,False,True,True
12677,21,validation,19,18,True,True,True,False
12678,21,validation,16,15,True,True,True,False
12679,21,validation,20,17,False,False,True,True
12682,21,validation,15,14,True,True,True,False
12684,21,validation,13,12,True,True,True,False
12685,21,validation,17,15,False,False,True,True
12686,21,validation,12,11,True,True,True,False
12687,21,validation,20,19,True,True,True,False
12688,21,validation,25,23,False,False,True,True
12689,21,validation,15,14,True,True,True,False
12690,21,validation,23,22,True,True,True,False
12692,21,validation,12,10,True,True,True,False
12693,21,validation,24,23,True,True,True,False
12694,21,validation,18,15,False,False,True,True
12697,21,validation,20,19,True,True,True,False
12698,21,validation,22,19,False,False,True,True
12701,21,validation,21,19,False,False,True,True
12707,21,validation,16,15,True,True,True,False
12710,21,validation,15,14,True,True,True,False
12711,21,validation,18,17,True,True,True,False
12713,21,validation,12,10,False,False,True,True
12714,21,validation,25,23,True,False,True,False
12715,21,validation,13,12,True,True,True,False
12716,21,validation,17,14,False,False,True,True
12717,21,validation,21,19,False,False,True,True
12718,21,validation,13,10,False,False,True,True
12719,21,validation,14,13,True,True,True,False
12733,21,validation,18,17,True,True,True,False
12734,21,validation,13,12,True,True,True,False
12741,21,validation,12,11,True,True,True,False
12755,21,validation,16,13,False,False,True,True
12756,21,validation,17,15,False,False,True,True
12757,21,validation,17,16,True,True,True,False
12758,21,validation,16,14,False,False,True,True
12759,21,validation,17,16,True,True,True,False
12760,21,validation,15,14,True,True,True,False
12763,21,validation,14,13,True,True,True,False
12764,21,validation,15,14,True,True,True,False
12765,21,validation,11,10,True,True,True,False
12766,21,validation,19,18,True,True,True,False
12768,21,validation,22,18,False,False,True,True
12769,21,validation,18,17,True,True,True,False
12770,21,validation,16,15,True,True,True,False
12771,21,validation,12,11,True,True,True,False
12774,21,validation,26,23,False,False,True,True
12775,21,validation,16,14,False,False,True,True
12776,21,validation,16,13,False,False,True,True
12777,21,validation,13,12,True,True,True,False
12778,21,validation,20,19,True,True,True,False
12779,21,validation,16,15,True,True,True,False
12781,21,validation,18,16,False,False,True,True
12783,21,validation,17,14,False,False,True,True
12785,21,validation,15,13,False,False,True,True
12788,21,validation,11,10,True,True,True,False
12789,21,validation,20,17,False,False,True,True
12791,21,validation,16,15,True,True,True,False
12792,21,validation,11,10,True,True,True,False
12793,21,validation,12,10,False,False,True,True
12794,21,validation,16,14,True,True,True,False
12796,21,validation,13,11,False,False,True,True
12797,21,validation,14,12,False,False,True,True
12798,21,validation,16,15,True,True,True,False
12800,21,validation,12,11,True,True,True,False
12802,21,validation,16,14,False,False,True,True
12803,21,validation,12,11,True,True,True,False
12804,21,validation,21,19,False,False,True,True
12805,21,validation,19,16,False,False,True,True
12806,21,validation,18,16,False,False,True,True
12808,21,validation,27,23,False,False,True,True
12810,21,validation,15,13,False,False,True,True
12811,21,validation,22,20,False,False,True,True
12813,21,validation,20,19,True,True,True,False
12815,21,validation,14,13,True,True,True,False
12816,21,validation,14,13,True,True,True,False
12818,21,validation,23,22,True,True,True,False
12819,21,validation,18,15,False,False,True,True
12821,21,validation,17,16,True,True,True,False
12822,21,validation,17,14,False,False,True,True
12825,21,validation,18,17,True,True,True,False
12826,21,validation,17,16,True,True,True,False
12827,21,validation,16,15,True,True,True,False
12829,21,validation,12,11,True,True,True,False
12831,21,validation,13,12,True,True,True,False
12832,21,validation,28,25,False,False,True,True
12833,21,validation,15,13,False,False,True,True
12836,21,validation,22,19,False,False,True,True
12837,21,validation,17,16,True,True,True,False
12838,21,validation,14,13,True,True,True,False
12842,21,validation,15,13,False,False,True,True
12843,21,validation,12,11,True,True,True,False
12850,21,validation,16,15,True,True,True,False
12852,21,validation,18,16,True,True,True,False
12854,21,validation,15,13,False,False,True,True
12860,21,validation,12,11,True,True,True,False
12863,21,validation,12,11,True,True,True,False
12864,21,validation,17,16,True,True,True,False
12879,21,validation,15,14,True,True,True,False
12884,21,validation,11,10,True,True,True,False
12886,21,validation,12,11,True,True,True,False
12887,21,validation,14,13,True,True,True,False
12889,21,validation,14,12,False,False,True,True
12890,21,validation,14,13,True,True,True,False
12893,21,validation,14,13,True,True,True,False
12894,21,validation,19,17,False,False,True,True
12895,21,validation,14,13,True,True,True,False
12896,21,validation,19,17,False,False,True,True
12897,21,validation,13,12,True,True,True,False
12898,21,validation,12,11,True,True,True,False
12902,21,validation,18,17,True,True,True,False
12904,21,validation,14,13,True,True,True,False
12905,21,validation,19,17,False,False,True,True
12906,21,validation,16,13,False,False,True,True
12907,21,validation,15,13,False,False,True,True
12908,21,validation,13,11,False,False,True,True
12909,21,validation,26,22,False,False,True,True
12910,21,validation,25,21,False,False,True,True
12911,21,validation,11,10,True,True,True,False
12912,21,validation,27,25,False,False,True,True
12913,21,validation,18,14,False,False,True,True
12914,21,validation,14,13,True,True,True,False
12915,21,validation,19,17,False,False,True,True
12916,21,validation,13,12,True,True,True,False
12917,21,validation,26,23,False,False,True,True
12918,21,validation,17,16,True,True,True,False
12919,21,validation,13,11,False,False,True,True
12920,21,validation,18,17,True,True,True,False
12921,21,validation,19,18,True,True,True,False
12923,21,validation,18,16,False,False,True,True
12924,21,validation,17,16,True,True,True,False
12926,21,validation,13,12,True,True,True,False
12927,21,validation,18,17,True,True,True,False
12928,21,validation,11,10,True,True,True,False
12929,21,validation,13,12,True,True,True,False
12930,21,validation,22,21,True,True,True,False
12931,21,validation,21,17,False,False,True,True
12932,21,validation,19,16,False,False,True,True
12933,21,validation,14,12,False,False,True,True
12934,21,validation,17,16,True,True,True,False
12935,21,validation,24,22,False,False,True,True
12936,21,validation,13,12,True,True,True,False
12937,21,validation,15,14,True,True,True,False
12938,21,validation,19,17,False,False,True,True
12940,21,validation,24,23,True,True,True,False
12941,21,validation,13,12,True,True,True,False
12942,21,validation,12,11,True,True,True,False
12944,21,validation,14,13,True,True,True,False
12945,21,validation,22,18,False,False,True,True
12946,21,validation,17,16,True,True,True,False
12947,21,validation,11,10,True,True,True,False
12948,21,validation,16,14,False,False,True,True
12949,21,validation,21,19,False,False,True,True
12950,21,validation,21,20,True,True,True,False
12951,21,validation,15,14,True,True,True,False
12952,21,validation,19,17,False,False,True,True
12953,21,validation,19,17,False,False,True,True
12954,21,validation,25,23,False,False,True,True
12955,21,validation,12,10,False,False,True,True
12957,21,validation,15,14,True,True,True,False
12958,21,validation,13,12,True,True,True,False
12960,21,validation,19,17,False,False,True,True
12961,21,validation,16,15,True,True,True,False
12962,21,validation,20,18,False,False,True,True
12964,21,validation,15,12,False,False,True,True
12965,21,validation,17,16,True,True,True,False
12967,21,validation,16,12,False,False,True,True
12968,21,validation,16,15,True,True,True,False
12971,21,validation,11,10,True,True,True,False
12972,21,validation,14,13,True,True,True,False
12973,21,validation,20,18,False,False,True,True
12975,21,validation,12,10,False,False,True,True
12978,21,validation,18,17,True,True,True,False
12979,21,validation,24,23,True,True,True,False
12981,21,validation,19,18,True,True,True,False
12982,21,validation,17,16,True,True,True,False
12983,21,validation,20,19,True,True,True,False
12984,21,validation,22,19,False,False,True,True
12986,21,validation,18,17,True,True,True,False
12987,21,validation,14,13,True,True,True,False
12988,21,validation,18,17,True,True,True,False
12989,21,validation,15,13,False,False,True,True
12990,21,validation,26,22,False,False,True,True
12991,21,validation,24,21,False,False,True,True
12996,21,validation,15,14,True,True,True,False
12997,21,validation,17,16,True,True,True,False
12999,21,validation,11,10,True,True,True,False
13001,21,validation,16,14,False,False,True,True
13005,21,validation,11,10,True,True,True,False
13006,21,validation,11,10,True,True,True,False
13007,21,validation,19,18,True,True,True,False
13008,21,validation,19,16,False,False,True,True
13011,21,validation,13,11,False,False,True,True
13014,21,validation,14,13,True,True,True,False
13015,21,validation,20,15,False,False,True,True
13016,21,validation,13,12,True,True,True,False
13017,21,validation,12,11,True,True,True,False
13018,21,validation,12,10,False,False,True,True
13021,21,validation,18,17,True,True,True,False
13023,21,validation,15,14,True,True,True,False
13028,21,validation,15,14,True,True,True,False
13029,21,validation,13,11,False,False,True,True
13036,21,validation,11,10,True,True,True,False
13041,21,validation,14,13,True,True,True,False
13043,21,validation,12,11,True,True,True,False
13044,21,validation,12,11,True,True,True,False
13049,21,validation,13,11,False,False,True,True
13051,21,validation,16,14,False,False,True,True
13052,21,validation,22,21,True,True,True,False
13053,21,validation,17,16,True,True,True,False
13055,21,validation,24,22,False,False,True,True
13057,21,validation,19,17,False,False,True,True
13058,21,validation,12,10,False,False,True,True
13059,21,validation,20,18,False,False,True,True
13060,21,validation,15,14,True,True,True,False
13061,21,validation,13,12,True,True,True,False
13062,21,validation,12,11,True,True,True,False
13063,21,validation,30,28,False,False,True,True
13064,21,validation,18,17,True,True,True,False
13065,21,validation,13,12,True,True,True,False
13066,21,validation,16,15,True,True,True,False
13067,21,validation,16,14,False,False,True,True
13068,21,validation,21,20,True,True,True,False
13069,21,validation,15,14,True,True,True,False
13070,21,validation,17,16,True,True,True,False
13071,21,validation,19,17,False,False,True,True
13072,21,validation,25,21,False,False,True,True
13073,21,validation,13,12,True,True,True,False
13075,21,validation,18,16,False,False,True,True
13076,21,validation,19,18,True,True,True,False
13078,21,validation,20,16,False,False,True,True
13079,21,validation,18,17,True,True,True,False
13080,21,validation,15,14,True,True,True,False
13081,21,validation,11,10,True,True,True,False
13083,21,validation,12,11,True,True,True,False
13084,21,validation,15,14,False,False,True,True
13085,21,validation,17,15,False,False,True,True
13087,21,validation,17,15,False,False,True,True
13088,21,validation,12,11,True,True,True,False
13089,21,validation,14,13,True,True,True,False
13090,21,validation,18,17,False,False,True,True
13091,21,validation,21,19,False,False,True,True
13092,21,validation,22,21,True,True,True,False
13093,21,validation,22,20,False,False,True,True
13095,21,validation,21,18,False,False,True,True
13096,21,validation,16,15,True,True,True,False
13097,21,validation,17,15,False,False,True,True
13098,21,validation,27,25,False,False,True,True
13099,21,validation,20,17,False,False,True,True
13100,21,validation,18,17,True,True,True,False
13101,21,validation,20,18,False,False,True,True
13103,21,validation,19,18,True,True,True,False
13104,21,validation,17,14,False,False,True,True
13106,21,validation,32,29,False,False,True,True
13109,21,validation,11,10,True,True,True,False
13110,21,validation,21,18,False,False,True,True
13115,21,validation,23,21,False,False,True,True
13119,21,validation,17,14,False,False,True,True
13120,21,validation,24,21,False,False,True,True
13121,21,validation,17,15,False,False,True,True
13122,21,validation,13,12,True,True,True,False
13123,21,validation,17,14,False,False,True,True
13124,21,validation,22,20,False,False,True,True
13125,21,validation,11,10,True,True,True,False
13126,21,validation,18,17,True,True,True,False
13127,21,validation,16,15,True,True,True,False
13129,21,validation,18,17,True,True,True,False
13130,21,validation,15,14,True,True,True,False
13131,21,validation,18,17,True,True,True,False
13132,21,validation,11,10,True,True,True,False
13136,21,validation,23,22,True,True,True,False
13138,21,validation,19,18,True,True,True,False
13140,21,validation,15,14,True,True,True,False
13141,21,validation,14,13,True,True,True,False
13142,21,validation,18,17,True,True,True,False
13143,21,validation,17,14,False,False,True,True
13146,21,validation,14,13,True,True,True,False
13149,21,validation,13,11,False,False,True,True
13150,21,validation,22,19,False,False,True,True
13151,21,validation,15,13,False,False,True,True
13152,21,validation,15,14,True,True,True,False
13153,21,validation,16,15,True,True,True,False
13155,21,validation,11,10,True,True,True,False
13157,21,validation,11,10,True,True,True,False
13158,21,validation,24,20,False,False,True,True
13159,21,validation,12,11,True,True,True,False
13161,21,validation,21,16,False,False,True,True
13164,21,validation,13,12,True,True,True,False
13165,21,validation,16,15,True,True,True,False
13166,21,validation,14,13,True,True,True,False
13178,21,validation,13,12,True,True,True,False
13182,21,validation,13,11,False,False,True,True
13183,21,validation,17,15,False,False,True,True
13184,21,validation,19,17,False,False,True,True
13185,21,validation,15,14,True,True,True,False
13186,21,validation,14,13,True,True,True,False
13187,21,validation,16,15,True,True,True,False
13188,21,validation,13,12,True,True,True,False
13190,21,validation,23,21,False,False,True,True
13191,21,validation,13,11,False,False,True,True
13193,21,validation,21,18,False,False,True,True
13195,21,validation,14,13,True,True,True,False
13200,21,validation,17,15,False,False,True,True
13203,21,validation,12,11,True,True,True,False
13204,21,validation,13,12,True,True,True,False
13208,21,validation,12,10,False,False,True,True
13209,21,validation,16,15,True,True,True,False
13210,21,validation,15,14,True,True,True,False
13212,21,validation,12,11,True,True,True,False
13213,21,validation,20,19,True,True,True,False
13215,22,validation,11,10,True,True,True,False
13217,22,validation,19,18,True,True,True,False
13218,22,validation,16,14,False,False,True,True
13219,22,validation,14,13,True,True,True,False
13220,22,validation,26,24,False,False,True,True
13221,22,validation,14,13,True,True,True,False
13222,22,validation,21,19,False,False,True,True
13223,22,validation,17,16,True,True,True,False
13224,22,validation,23,22,True,True,True,False
13225,22,validation,20,17,False,False,True,True
13226,22,validation,20,19,True,True,True,False
13227,22,validation,18,17,True,True,True,False
13228,22,validation,15,14,True,True,True,False
13229,22,validation,19,18,True,True,True,False
13230,22,validation,18,17,True,True,True,False
13231,22,validation,26,24,False,False,True,True
13232,22,validation,20,17,False,False,True,True
13233,22,validation,19,17,False,False,True,True
13234,22,validation,18,17,True,True,True,False
13235,22,validation,17,16,True,True,True,False
13236,22,validation,20,19,True,True,True,False
13237,22,validation,18,16,False,False,True,True
13238,22,validation,18,17,True,True,True,False
13239,22,validation,15,14,True,True,True,False
13240,22,validation,23,22,True,True,True,False
13241,22,validation,24,21,False,False,True,True
13242,22,validation,11,10,True,True,True,False
13244,22,validation,14,13,True,True,True,False
13246,22,validation,21,20,True,True,True,False
13247,22,validation,21,18,False,False,True,True
13248,22,validation,13,12,True,True,True,False
13249,22,validation,23,22,True,True,True,False
13252,22,validation,19,17,False,False,True,True
13254,22,validation,20,19,True,True,True,False
13255,22,validation,14,13,True,True,True,False
13257,22,validation,16,15,True,True,True,False
13258,22,validation,19,18,True,True,True,False
13259,22,validation,20,19,True,True,True,False
13260,22,validation,22,21,True,True,True,False
13261,22,validation,15,12,False,False,True,True
13262,22,validation,24,21,False,False,True,True
13263,22,validation,13,11,False,False,True,True
13264,22,validation,18,16,False,False,True,True
13266,22,validation,14,12,False,False,True,True
13267,22,validation,26,24,False,False,True,True
13268,22,validation,22,18,False,False,True,True
13269,22,validation,25,24,True,True,True,False
13270,22,validation,25,23,False,False,True,True
13272,22,validation,16,15,True,True,True,False
13273,22,validation,20,19,True,True,True,False
13274,22,validation,17,16,True,True,True,False
13275,22,validation,15,14,True,True,True,False
13276,22,validation,13,12,True,True,True,False
13278,22,validation,21,19,False,False,True,True
13280,22,validation,17,16,True,True,True,False
13281,22,validation,14,13,True,True,True,False
13282,22,validation,20,18,False,False,True,True
13283,22,validation,13,12,True,True,True,False
13285,22,validation,14,11,False,False,True,True
13286,22,validation,25,24,True,True,True,False
13287,22,validation,12,10,False,False,True,True
13290,22,validation,17,16,False,False,True,True
13291,22,validation,16,15,True,True,True,False
13292,22,validation,15,14,True,True,True,False
13293,22,validation,19,18,True,True,True,False
13294,22,validation,17,16,True,True,True,False
13295,22,validation,19,18,True,True,True,False
13296,22,validation,20,17,False,False,True,True
13297,22,validation,14,13,True,True,True,False
13298,22,validation,16,14,False,False,True,True
13299,22,validation,19,18,True,True,True,False
13300,22,validation,14,13,True,True,True,False
13302,22,validation,19,15,False,False,True,True
13303,22,validation,21,17,False,False,True,True
13304,22,validation,21,19,False,False,True,True
13305,22,validation,31,28,False,False,True,True
13308,22,validation,24,23,True,True,True,False
13309,22,validation,21,20,True,True,True,False
13312,22,validation,12,11,True,True,True,False
13313,22,validation,26,24,False,False,True,True
13315,22,validation,20,18,False,False,True,True
13316,22,validation,14,13,True,True,True,False
13317,22,validation,21,19,False,False,True,True
13318,22,validation,18,17,True,True,True,False
13325,22,validation,15,14,True,True,True,False
13329,22,validation,11,10,True,True,True,False
13333,22,validation,18,17,True,True,True,False
13337,22,validation,11,10,True,True,True,False
13361,22,validation,11,10,True,True,True,False
13365,22,validation,17,16,True,True,True,False
13367,22,validation,14,12,False,False,True,True
13369,22,validation,12,10,False,False,True,True
13373,22,validation,17,15,False,False,True,True
13374,22,validation,17,15,False,False,True,True
13375,22,validation,14,12,False,False,True,True
13376,22,validation,20,18,False,False,True,True
13378,22,validation,20,18,False,False,True,True
13379,22,validation,17,15,False,False,True,True
13380,22,validation,16,15,True,True,True,False
13381,22,validation,14,13,True,True,True,False
13382,22,validation,22,18,False,False,True,True
13384,22,validation,14,13,True,True,True,False
13385,22,validation,15,13,False,False,True,True
13386,22,validation,18,17,True,True,True,False
13387,22,validation,24,21,False,False,True,True
13388,22,validation,20,16,False,False,True,True
13389,22,validation,11,10,True,True,True,False
13390,22,validation,22,21,True,True,True,False
13391,22,validation,17,16,True,True,True,False
13392,22,validation,21,18,False,False,True,True
13393,22,validation,17,15,False,False,True,True
13394,22,validation,18,15,False,False,True,True
13395,22,validation,17,15,False,False,True,True
13396,22,validation,24,22,False,False,True,True
13397,22,validation,14,13,True,True,True,False
13398,22,validation,24,23,True,True,True,False
13399,22,validation,11,10,True,True,True,False
13400,22,validation,13,11,False,False,True,True
13402,22,validation,14,13,True,True,True,False
13404,22,validation,14,13,True,True,True,False
13405,22,validation,19,18,True,True,True,False
13406,22,validation,14,12,False,False,True,True
13407,22,validation,16,14,False,False,True,True
13408,22,validation,21,19,False,False,True,True
13409,22,validation,19,17,False,False,True,True
13411,22,validation,17,15,False,False,True,True
13412,22,validation,17,16,True,True,True,False
13413,22,validation,13,11,False,False,True,True
13414,22,validation,18,17,True,True,True,False
13415,22,validation,15,14,True,True,True,False
13416,22,validation,22,19,False,False,True,True
13417,22,validation,18,16,False,False,True,True
13418,22,validation,18,17,True,True,True,False
13423,22,validation,22,20,False,False,True,True
13424,22,validation,20,19,True,True,True,False
13426,22,validation,15,13,False,False,True,True
13427,22,validation,14,12,True,True,True,False
13428,22,validation,19,16,False,False,True,True
13430,22,validation,12,11,True,True,True,False
13431,22,validation,11,10,True,True,True,False
13433,22,validation,21,18,False,False,True,True
13434,22,validation,13,11,False,False,True,True
13435,22,validation,16,15,True,True,True,False
13437,22,validation,17,16,True,True,True,False
13438,22,validation,18,17,True,True,True,False
13439,22,validation,15,14,True,True,True,False
13441,22,validation,30,26,False,False,True,True
13442,22,validation,20,16,False,False,True,True
13443,22,validation,13,11,False,False,True,True
13444,22,validation,14,13,True,True,True,False
13445,22,validation,22,20,False,False,True,True
13448,22,validation,23,19,False,False,True,True
13452,22,validation,17,16,True,True,True,False
13453,22,validation,20,18,False,False,True,True
13454,22,validation,16,15,True,True,True,False
13455,22,validation,11,10,True,True,True,False
13456,22,validation,11,10,True,True,True,False
13458,22,validation,12,11,True,True,True,False
13460,22,validation,22,21,True,True,True,False
13462,22,validation,22,20,False,False,True,True
13463,22,validation,25,24,True,True,True,False
13465,22,validation,17,15,False,False,True,True
13466,22,validation,13,12,True,True,True,False
13473,22,validation,24,20,False,False,True,True
13476,22,validation,12,10,True,True,True,False
13483,22,validation,12,10,True,False,True,False
13484,22,validation,23,21,False,False,True,True
13486,22,validation,18,16,False,False,True,True
13489,22,validation,15,14,True,True,True,False
13490,22,validation,24,23,True,True,True,False
13493,22,validation,18,15,False,False,True,True
13497,22,validation,15,13,False,False,True,True
13511,22,validation,15,14,True,True,True,False
13530,22,validation,16,13,False,False,True,True
13536,22,validation,12,11,True,True,True,False
13537,22,validation,12,10,False,False,True,True
13538,22,validation,14,13,True,True,True,False
13541,22,validation,17,15,False,False,True,True
13542,22,validation,12,10,False,False,True,True
13543,22,validation,17,15,False,False,True,True
13545,22,validation,13,12,True,True,True,False
13546,22,validation,13,11,False,False,True,True
13547,22,validation,15,14,True,True,True,False
13548,22,validation,14,12,False,False,True,True
13549,22,validation,13,11,False,False,True,True
13550,22,validation,15,13,False,False,True,True
13551,22,validation,17,15,False,False,True,True
13552,22,validation,17,16,True,True,True,False
13554,22,validation,19,16,False,False,True,True
13555,22,validation,12,11,True,True,True,False
13556,22,validation,14,12,False,False,True,True
13558,22,validation,13,11,False,False,True,True
13559,22,validation,22,20,False,False,True,True
13563,22,validation,14,12,False,False,True,True
13564,22,validation,12,11,True,True,True,False
13566,22,validation,14,13,True,True,True,False
13567,22,validation,12,10,False,False,True,True
13568,22,validation,13,11,False,False,True,True
13574,22,validation,16,14,False,False,True,True
13577,22,validation,11,10,True,True,True,False
13578,22,validation,15,14,True,True,True,False
13579,22,validation,17,16,True,True,True,False
13580,22,validation,12,11,True,True,True,False
13581,22,validation,24,23,True,True,True,False
13583,22,validation,12,10,False,False,True,True
13586,22,validation,13,12,True,True,True,False
13588,22,validation,12,10,False,False,True,True
13589,22,validation,12,11,True,True,True,False
13590,22,validation,13,12,True,True,True,False
13592,22,validation,12,11,True,True,True,False
13596,22,validation,11,10,True,True,True,False
13597,22,validation,13,12,True,True,True,False
13598,22,validation,13,12,True,True,True,False
13600,22,validation,19,17,False,False,True,True
13603,22,validation,11,10,True,True,True,False
13604,22,validation,18,16,False,False,True,True
13607,22,validation,24,21,False,False,True,True
13608,22,validation,21,20,True,True,True,False
13610,22,validation,11,10,True,True,True,False
13611,22,validation,18,17,True,True,True,False
13612,22,validation,16,15,True,True,True,False
13614,22,validation,18,17,True,True,True,False
13616,22,validation,15,14,True,True,True,False
13618,22,validation,16,15,True,True,True,False
13621,22,validation,12,11,True,True,True,False
13622,22,validation,24,21,False,False,True,True
13626,22,validation,18,17,True,True,True,False
13627,22,validation,12,10,True,True,True,False
13628,22,validation,12,11,True,True,True,False
13631,22,validation,12,11,True,True,True,False
13632,22,validation,12,10,False,False,True,True
13634,22,validation,11,10,True,True,True,False
13635,22,validation,14,12,False,False,True,True
13639,22,validation,13,11,False,False,True,True
13641,22,validation,15,13,False,False,True,True
13646,22,validation,13,11,False,False,True,True
13647,22,validation,13,12,True,True,True,False
13649,22,validation,12,11,True,True,True,False
13651,22,validation,15,14,True,True,True,False
13652,22,validation,11,10,True,True,True,False
13664,22,validation,21,19,False,False,True,True
13668,22,validation,13,11,False,False,True,True
13675,22,validation,15,14,True,True,True,False
13682,22,validation,16,15,True,True,True,False
13683,22,validation,13,12,True,True,True,False
13684,22,validation,19,17,False,False,True,True
13685,22,validation,23,20,False,False,True,True
13686,22,validation,22,18,False,False,True,True
13687,22,validation,17,15,False,False,True,True
13688,22,validation,22,20,False,False,True,True
13689,22,validation,13,12,True,True,True,False
13690,22,validation,16,15,True,True,True,False
13692,22,validation,18,17,True,True,True,False
13693,22,validation,12,10,False,False,True,True
13694,22,validation,17,16,True,True,True,False
13695,22,validation,16,14,False,False,True,True
13696,22,validation,12,11,True,True,True,False
13697,22,validation,14,13,True,True,True,False
13698,22,validation,17,16,True,True,True,False
13699,22,validation,12,11,True,True,True,False
13700,22,validation,15,14,True,True,True,False
13701,22,validation,16,14,False,False,True,True
13702,22,validation,14,12,False,False,True,True
13703,22,validation,19,17,False,False,True,True
13704,22,validation,13,12,True,True,True,False
13705,22,validation,20,17,False,False,True,True
13706,22,validation,22,17,False,False,True,True
13707,22,validation,13,11,False,False,True,True
13708,22,validation,16,15,True,True,True,False
13709,22,validation,20,17,False,False,True,True
13710,22,validation,12,11,True,True,True,False
13711,22,validation,19,16,False,False,True,True
13712,22,validation,18,16,False,False,True,True
13713,22,validation,19,17,False,False,True,True
13714,22,validation,11,10,True,True,True,False
13715,22,validation,22,21,True,True,True,False
13718,22,validation,16,14,False,False,True,True
13719,22,validation,18,16,False,False,True,True
13720,22,validation,16,15,True,True,True,False
13721,22,validation,29,27,False,False,True,True
13722,22,validation,14,12,False,False,True,True
13723,22,validation,20,19,True,True,True,False
13724,22,validation,24,22,False,False,True,True
13725,22,validation,16,14,False,False,True,True
13726,22,validation,26,24,False,False,True,True
13727,22,validation,18,17,True,True,True,False
13728,22,validation,25,22,False,False,True,True
13729,22,validation,16,14,False,False,True,True
13730,22,validation,15,13,False,False,True,True
13733,22,validation,21,19,False,False,True,True
13734,22,validation,18,17,True,True,True,False
13735,22,validation,19,17,False,False,True,True
13736,22,validation,25,22,False,False,True,True
13738,22,validation,16,15,True,True,True,False
13739,22,validation,22,21,True,True,True,False
13740,22,validation,15,14,True,True,True,False
13741,22,validation,19,18,True,True,True,False
13742,22,validation,21,19,False,False,True,True
13743,22,validation,17,16,True,True,True,False
13746,22,validation,13,12,True,True,True,False
13747,22,validation,11,10,True,True,True,False
13748,22,validation,21,20,True,True,True,False
13749,22,validation,18,15,False,False,True,True
13751,22,validation,19,18,True,True,True,False
13752,22,validation,16,15,True,True,True,False
13753,22,validation,14,13,True,True,True,False
13756,22,validation,22,20,False,False,True,True
13757,22,validation,20,19,True,True,True,False
13758,22,validation,22,19,False,False,True,True
13759,22,validation,12,11,True,True,True,False
13762,22,validation,12,10,False,False,True,True
13763,22,validation,13,12,True,True,True,False
13764,22,validation,17,15,False,False,True,True
13766,22,validation,13,12,True,True,True,False
13768,22,validation,16,15,True,True,True,False
13770,22,validation,14,13,True,True,True,False
13771,22,validation,13,11,True,True,True,False
13773,22,validation,14,13,True,True,True,False
13780,22,validation,12,11,True,True,True,False
13781,22,validation,12,11,True,True,True,False
13786,22,validation,14,11,False,False,True,True
13795,22,validation,13,11,True,True,True,False
13804,22,validation,17,16,True,True,True,False
13811,22,validation,13,11,False,False,True,True
13812,22,validation,13,12,True,True,True,False
13814,22,validation,12,11,True,True,True,False
13815,22,validation,14,13,True,True,True,False
13820,22,validation,21,20,True,True,True,False
13821,22,validation,20,19,True,True,True,False
13822,22,validation,20,18,False,False,True,True
13824,22,validation,15,14,True,True,True,False
13827,22,validation,15,13,False,False,True,True
13829,22,validation,23,19,False,False,True,True
13830,22,validation,18,15,False,False,True,True
13831,22,validation,20,18,False,False,True,True
13832,22,validation,16,14,False,False,True,True
13833,22,validation,21,19,False,False,True,True
13834,22,validation,14,13,True,True,True,False
13835,22,validation,19,18,True,True,True,False
13836,22,validation,15,14,True,True,True,False
13837,22,validation,16,15,True,True,True,False
13838,22,validation,30,27,False,False,True,True
13839,22,validation,15,14,True,True,True,False
13840,22,validation,14,13,True,True,True,False
13841,22,validation,15,13,True,True,True,False
13842,22,validation,14,13,True,True,True,False
13843,22,validation,17,15,False,False,True,True
13844,22,validation,20,19,True,True,True,False
13845,22,validation,18,16,False,False,True,True
13846,22,validation,19,17,False,False,True,True
13847,22,validation,16,15,True,True,True,False
13848,22,validation,11,10,True,True,True,False
13850,22,validation,14,13,True,True,True,False
13855,22,validation,15,14,True,True,True,False
13857,22,validation,13,11,False,False,True,True
13858,22,validation,14,13,True,True,True,False
13859,22,validation,22,20,False,False,True,True
13861,22,validation,21,19,False,False,True,True
13862,22,validation,18,17,True,True,True,False
13865,22,validation,15,14,True,True,True,False
13866,22,validation,30,26,False,False,True,True
13867,22,validation,18,17,True,True,True,False
13868,22,validation,18,16,False,False,True,True
13870,22,validation,19,18,True,True,True,False
13872,22,validation,19,14,False,False,True,True
13874,22,validation,19,17,False,False,True,True
13875,22,validation,19,18,True,True,True,False
13876,22,validation,18,17,True,True,True,False
13879,22,validation,11,10,True,True,True,False
13880,22,validation,28,24,False,False,True,True
13881,22,validation,18,15,False,False,True,True
13882,22,validation,16,15,True,True,True,False
13883,22,validation,19,18,True,True,True,False
13884,22,validation,15,14,True,True,True,False
13885,22,validation,15,14,False,False,True,True
13886,22,validation,17,16,False,False,True,True
13887,22,validation,21,20,True,True,True,False
13888,22,validation,16,15,True,True,True,False
13889,22,validation,19,17,False,False,True,True
13890,22,validation,18,17,True,True,True,False
13891,22,validation,13,12,True,True,True,False
13894,22,validation,25,22,False,False,True,True
13895,22,validation,16,15,True,True,True,False
13901,22,validation,18,17,True,True,True,False
13902,22,validation,15,14,True,True,True,False
13903,22,validation,18,17,True,True,True,False
13905,22,validation,17,15,False,False,True,True
13906,22,validation,19,16,False,False,True,True
13907,22,validation,11,10,True,True,True,False
13909,22,validation,21,19,False,False,True,True
13910,22,validation,16,14,False,False,True,True
13912,22,validation,17,16,True,True,True,False
13913,22,validation,11,10,True,True,True,False
13917,22,validation,12,11,True,True,True,False
13918,22,validation,14,12,True,True,True,False
13919,22,validation,15,14,True,True,True,False
13921,22,validation,15,14,True,True,True,False
13922,22,validation,16,15,True,True,True,False
13923,22,validation,14,13,True,True,True,False
13926,22,validation,12,11,True,True,True,False
13932,22,validation,11,10,True,True,True,False
13933,22,validation,13,12,True,True,True,False
13941,22,validation,15,12,False,False,True,True
13943,22,validation,15,13,False,False,True,True
13944,22,validation,18,12,False,False,True,True
13947,22,validation,15,14,True,True,True,False
13948,22,validation,17,14,False,False,True,True
13949,22,validation,16,14,False,False,True,True
13950,22,validation,21,19,True,True,True,False
13951,22,validation,16,15,True,True,True,False
13954,22,validation,16,15,True,True,True,False
13955,22,validation,24,22,False,False,True,True
13956,22,validation,12,11,True,True,True,False
13958,22,validation,19,16,False,False,True,True
13959,22,validation,11,10,True,True,True,False
13961,22,validation,11,10,True,True,True,False
13964,22,validation,13,10,False,False,True,True
13965,22,validation,16,14,False,False,True,True
13966,22,validation,14,13,True,True,True,False
13967,22,validation,16,14,False,False,True,True
13969,22,validation,12,10,False,False,True,True
13970,22,validation,11,10,True,True,True,False
13971,22,validation,14,12,False,False,True,True
13974,22,validation,17,15,False,False,True,True
13977,22,validation,14,13,True,True,True,False
13980,22,validation,17,15,False,False,True,True
13981,22,validation,14,13,True,True,True,False
13982,23,validation,14,13,True,True,True,False
13983,23,validation,15,13,False,False,True,True
13984,23,validation,21,20,True,True,True,False
13985,23,validation,15,14,True,True,True,False
13986,23,validation,17,16,True,True,True,False
13987,23,validation,14,13,True,True,True,False
13988,23,validation,18,17,True,True,True,False
13990,23,validation,16,15,True,True,True,False
13991,23,validation,18,17,True,True,True,False
13992,23,validation,13,11,False,False,True,True
13993,23,validation,24,21,False,False,True,True
13994,23,validation,20,18,False,False,True,True
13995,23,validation,27,24,False,False,True,True
13996,23,validation,19,18,True,True,True,False
13997,23,validation,25,23,False,False,True,True
13998,23,validation,15,14,True,True,True,False
13999,23,validation,23,22,True,True,True,False
14000,23,validation,18,17,True,True,True,False
14001,23,validation,17,16,True,True,True,False
14002,23,validation,11,10,True,True,True,False
14003,23,validation,14,12,False,False,True,True
14004,23,validation,17,15,False,False,True,True
14005,23,validation,16,15,True,True,True,False
14006,23,validation,17,15,False,False,True,True
14009,23,validation,26,23,False,False,True,True
14010,23,validation,15,14,True,True,True,False
14011,23,validation,16,15,True,True,True,False
14012,23,validation,20,19,True,True,True,False
14014,23,validation,27,26,True,True,True,False
14015,23,validation,17,15,False,False,True,True
14016,23,validation,16,15,True,True,True,False
14017,23,validation,13,12,True,True,True,False
14018,23,validation,11,10,True,True,True,False
14019,23,validation,21,19,False,False,True,True
14021,23,validation,19,18,True,True,True,False
14022,23,validation,14,13,True,True,True,False
14023,23,validation,15,14,False,False,True,True
14024,23,validation,17,16,True,True,True,False
14026,23,validation,20,18,False,False,True,True
14027,23,validation,21,18,False,False,True,True
14028,23,validation,23,19,False,False,True,True
14030,23,validation,18,17,False,False,True,True
14031,23,validation,15,12,False,False,True,True
14032,23,validation,15,14,True,True,True,False
14034,23,validation,22,20,False,False,True,True
14036,23,validation,22,21,True,True,True,False
14039,23,validation,15,14,True,True,True,False
14042,23,validation,24,22,False,False,True,True
14043,23,validation,25,23,False,False,True,True
14045,23,validation,19,18,True,True,True,False
14047,23,validation,18,15,False,False,True,True
14048,23,validation,18,17,True,True,True,False
14051,23,validation,26,17,False,False,True,True
14052,23,validation,18,17,True,True,True,False
14053,23,validation,18,13,False,False,True,True
14055,23,validation,19,18,True,True,True,False
14056,23,validation,18,17,True,True,True,False
14057,23,validation,20,19,True,True,True,False
14058,23,validation,18,16,True,True,True,False
14059,23,validation,17,15,True,True,True,False
14060,23,validation,18,15,False,False,True,True
14061,23,validation,15,14,True,True,True,False
14063,23,validation,22,20,False,False,True,True
14064,23,validation,15,14,True,True,True,False
14069,23,validation,19,18,True,True,True,False
14070,23,validation,24,22,False,False,True,True
14072,23,validation,22,21,True,True,True,False
14073,23,validation,25,24,True,True,True,False
14074,23,validation,18,17,True,True,True,False
14080,23,validation,21,18,False,False,True,True
14081,23,validation,20,18,False,False,True,True
14082,23,validation,12,11,True,True,True,False
14083,23,validation,20,19,True,True,True,False
14089,23,validation,16,15,True,True,True,False
14092,23,validation,11,10,True,True,True,False
14093,23,validation,14,13,True,True,True,False
14098,23,validation,12,10,False,False,True,True
14099,23,validation,14,13,True,True,True,False
14100,23,validation,16,15,True,True,True,False
14101,23,validation,12,10,False,False,True,True
14102,23,validation,18,16,False,False,True,True
14108,23,validation,12,10,True,False,True,False
14111,23,validation,14,13,True,True,True,False
14116,23,validation,11,10,True,True,True,False
14120,23,validation,13,11,False,False,True,True
14121,23,validation,11,10,True,True,True,False
14125,23,validation,16,14,False,False,True,True
14126,23,validation,12,10,False,False,True,True
14129,23,validation,13,12,True,True,True,False
14130,23,validation,16,14,True,True,True,False
14131,23,validation,15,13,False,False,True,True
14132,23,validation,13,11,False,False,True,True
14133,23,validation,22,21,True,True,True,False
14135,23,validation,18,15,False,False,True,True
14136,23,validation,26,22,False,False,True,True
14137,23,validation,20,19,True,True,True,False
14138,23,validation,15,12,False,False,True,True
14139,23,validation,27,25,False,False,True,True
14140,23,validation,23,21,False,False,True,True
14141,23,validation,17,16,True,True,True,False
14142,23,validation,19,16,False,False,True,True
14143,23,validation,17,15,False,False,True,True
14144,23,validation,13,12,True,True,True,False
14145,23,validation,17,15,False,False,True,True
14146,23,validation,23,22,True,True,True,False
14147,23,validation,22,21,True,True,True,False
14148,23,validation,18,17,True,True,True,False
14149,23,validation,16,14,False,False,True,True
14150,23,validation,18,16,False,False,True,True
14151,23,validation,21,19,False,False,True,True
14152,23,validation,16,15,True,True,True,False
14154,23,validation,17,16,True,True,True,False
14155,23,validation,22,20,False,False,True,True
14156,23,validation,12,11,True,True,True,False
14157,23,validation,15,13,True,True,True,False
14159,23,validation,19,18,True,True,True,False
14160,23,validation,12,11,True,True,True,False
14161,23,validation,18,17,True,True,True,False
14162,23,validation,20,19,True,True,True,False
14164,23,validation,18,17,False,False,True,True
14165,23,validation,22,20,False,False,True,True
14166,23,validation,20,18,False,False,True,True
14168,23,validation,13,12,True,True,True,False
14169,23,validation,13,11,False,False,True,True
14170,23,validation,12,11,True,True,True,False
14171,23,validation,13,12,True,True,True,False
14172,23,validation,18,17,True,True,True,False
14173,23,validation,13,10,False,False,True,True
14174,23,validation,17,15,False,False,True,True
14175,23,validation,19,18,True,True,True,False
14176,23,validation,25,23,True,True,True,False
14177,23,validation,14,13,True,True,True,False
14178,23,validation,16,14,False,False,True,True
14179,23,validation,18,17,True,True,True,False
14180,23,validation,16,14,False,False,True,True
14181,23,validation,19,18,True,True,True,False
14182,23,validation,21,19,False,False,True,True
14183,23,validation,18,16,False,False,True,True
14184,23,validation,18,15,False,False,True,True
14185,23,validation,20,17,False,False,True,True
14187,23,validation,17,16,True,True,True,False
14189,23,validation,13,11,False,False,True,True
14190,23,validation,17,15,False,False,True,True
14191,23,validation,18,17,True,True,True,False
14194,23,validation,21,17,False,False,True,True
14195,23,validation,21,19,False,False,True,True
14196,23,validation,23,20,False,False,True,True
14197,23,validation,19,18,True,True,True,False
14198,23,validation,20,19,True,True,True,False
14201,23,validation,16,14,False,False,True,True
14202,23,validation,21,18,False,False,True,True
14203,23,validation,22,20,False,False,True,True
14207,23,validation,14,13,True,True,True,False
14208,23,validation,18,17,True,True,True,False
14210,23,validation,18,17,True,True,True,False
14212,23,validation,14,13,True,True,True,False
14216,23,validation,14,13,True,True,True,False
14220,23,validation,13,12,True,True,True,False
14228,23,validation,18,13,False,False,True,True
14232,23,validation,14,13,True,True,True,False
14233,23,validation,32,28,False,False,True,True
14236,23,validation,19,17,False,False,True,True
14237,23,validation,12,11,True,True,True,False
14238,23,validation,15,14,True,True,True,False
14239,23,validation,16,15,True,True,True,False
14242,23,validation,14,12,True,True,True,False
14243,23,validation,13,12,True,True,True,False
14266,23,validation,16,14,False,False,True,True
14267,23,validation,12,11,True,True,True,False
14269,23,validation,12,11,True,True,True,False
14275,23,validation,15,13,False,False,True,True
14276,23,validation,15,13,False,False,True,True
14277,23,validation,15,14,True,True,True,False
14278,23,validation,24,23,True,True,True,False
14279,23,validation,13,12,True,True,True,False
14280,23,validation,17,15,False,False,True,True
14281,23,validation,23,21,False,False,True,True
14282,23,validation,19,17,False,False,True,True
14283,23,validation,31,28,False,False,True,True
14284,23,validation,13,12,True,True,True,False
14285,23,validation,13,11,False,False,True,True
14286,23,validation,14,13,True,True,True,False
14287,23,validation,23,22,True,True,True,False
14288,23,validation,17,14,False,False,True,True
14289,23,validation,12,11,True,True,True,False
14290,23,validation,22,20,False,False,True,True
14291,23,validation,19,18,True,True,True,False
14292,23,validation,20,17,False,False,True,True
14293,23,validation,17,14,False,False,True,True
14294,23,validation,15,11,False,False,True,True
14295,23,validation,12,11,True,True,True,False
14296,23,validation,15,14,False,False,True,True
14297,23,validation,12,11,True,True,True,False
14298,23,validation,13,10,False,False,True,True
14299,23,validation,14,13,True,True,True,False
14300,23,validation,15,14,True,True,True,False
14301,23,validation,19,16,False,False,True,True
14302,23,validation,20,18,False,False,True,True
14306,23,validation,14,13,True,True,True,False
14307,23,validation,13,11,False,False,True,True
14308,23,validation,17,16,True,True,True,False
14310,23,validation,15,14,True,True,True,False
14311,23,validation,13,12,True,True,True,False
14313,23,validation,19,17,False,False,True,True
14314,23,validation,14,13,True,True,True,False
14315,23,validation,19,18,True,True,True,False
14316,23,validation,19,18,True,True,True,False
14317,23,validation,23,21,False,False,True,True
14319,23,validation,12,11,True,True,True,False
14321,23,validation,15,12,False,False,True,True
14322,23,validation,16,15,True,True,True,False
14323,23,validation,25,23,False,False,True,True
14324,23,validation,23,20,False,False,True,True
14325,23,validation,14,13,True,True,True,False
14326,23,validation,14,12,False,False,True,True
14327,23,validation,15,14,True,True,True,False
14330,23,validation,19,16,False,False,True,True
14331,23,validation,19,16,False,False,True,True
14332,23,validation,16,14,False,False,True,True
14336,23,validation,11,10,True,True,True,False
14337,23,validation,13,12,True,True,True,False
14338,23,validation,22,19,False,False,True,True
14339,23,validation,15,11,False,False,True,True
14342,23,validation,16,15,True,True,True,False
14345,23,validation,17,15,False,False,True,True
14346,23,validation,13,11,False,False,True,True
14347,23,validation,18,16,False,False,True,True
14348,23,validation,20,19,True,True,True,False
14349,23,validation,23,20,False,False,True,True
14354,23,validation,13,12,True,True,True,False
14356,23,validation,16,13,False,False,True,True
14357,23,validation,22,18,False,False,True,True
14358,23,validation,19,18,True,True,True,False
14359,23,validation,17,16,True,True,True,False
14364,23,validation,19,17,False,False,True,True
14365,23,validation,12,10,False,False,True,True
14366,23,validation,24,20,False,False,True,True
14369,23,validation,13,11,False,False,True,True
14373,23,validation,17,16,False,False,True,True
14375,23,validation,12,11,True,True,True,False
14377,23,validation,13,12,True,True,True,False
14378,23,validation,13,12,True,True,True,False
14379,23,validation,19,17,False,False,True,True
14382,23,validation,12,11,True,True,True,False
14383,23,validation,12,10,False,False,True,True
14384,23,validation,14,13,True,True,True,False
14385,23,validation,18,17,True,True,True,False
14390,23,validation,16,15,True,True,True,False
14391,23,validation,18,17,True,True,True,False
14413,23,validation,17,13,False,False,True,True
14422,23,validation,12,10,False,False,True,True
14424,23,validation,16,13,False,False,True,True
14425,23,validation,13,12,True,True,True,False
14427,23,validation,14,11,False,False,True,True
14428,23,validation,14,13,True,True,True,False
14429,23,validation,11,10,True,True,True,False
14432,23,validation,15,14,True,True,True,False
14433,23,validation,17,15,False,False,True,True
14434,23,validation,14,13,True,True,True,False
14435,23,validation,17,16,True,True,True,False
14436,23,validation,20,17,False,False,True,True
14437,23,validation,14,13,True,True,True,False
14438,23,validation,16,13,False,False,True,True
14439,23,validation,14,12,False,False,True,True
14440,23,validation,18,16,False,False,True,True
14441,23,validation,16,14,False,False,True,True
14442,23,validation,21,18,False,False,True,True
14443,23,validation,13,12,True,True,True,False
14444,23,validation,29,26,False,False,True,True
14446,23,validation,19,16,False,False,True,True
14447,23,validation,15,13,False,False,True,True
14448,23,validation,16,15,True,True,True,False
14449,23,validation,27,24,False,False,True,True
14450,23,validation,15,12,False,False,True,True
14452,23,validation,24,22,False,False,True,True
14453,23,validation,23,21,False,False,True,True
14454,23,validation,20,17,False,False,True,True
14455,23,validation,21,19,False,False,True,True
14457,23,validation,12,11,True,True,True,False
14458,23,validation,16,15,True,True,True,False
14459,23,validation,11,10,True,True,True,False
14460,23,validation,12,10,False,False,True,True
14461,23,validation,22,21,True,True,True,False
14462,23,validation,21,20,True,True,True,False
14464,23,validation,15,13,False,False,True,True
14465,23,validation,24,20,False,False,True,True
14466,23,validation,15,14,True,True,True,False
14467,23,validation,21,18,False,False,True,True
14468,23,validation,17,16,True,True,True,False
14469,23,validation,12,11,True,True,True,False
14470,23,validation,16,15,True,True,True,False
14471,23,validation,13,12,True,True,True,False
14472,23,validation,19,16,False,False,True,True
14473,23,validation,13,12,True,True,True,False
14474,23,validation,19,18,True,True,True,False
14475,23,validation,14,13,True,True,True,False
14477,23,validation,12,11,True,True,True,False
14478,23,validation,14,13,True,True,True,False
14479,23,validation,14,12,False,False,True,True
14481,23,validation,20,18,False,False,True,True
14482,23,validation,17,14,False,False,True,True
14483,23,validation,18,16,False,False,True,True
14485,23,validation,13,11,False,False,True,True
14486,23,validation,14,13,True,True,True,False
14489,23,validation,25,22,False,False,True,True
14492,23,validation,22,20,False,False,True,True
14493,23,validation,25,21,False,False,True,True
14494,23,validation,16,14,False,False,True,True
14497,23,validation,21,20,True,True,True,False
14498,23,validation,23,22,True,True,True,False
14501,23,validation,21,18,False,False,True,True
14502,23,validation,19,18,True,True,True,False
14503,23,validation,16,15,True,True,True,False
14504,23,validation,21,20,True,True,True,False
14505,23,validation,21,19,False,False,True,True
14507,23,validation,14,12,False,False,True,True
14508,23,validation,17,14,False,False,True,True
14509,23,validation,20,19,True,True,True,False
14510,23,validation,18,17,True,True,True,False
14511,23,validation,15,13,True,True,True,False
14513,23,validation,14,13,True,True,True,False
14515,23,validation,22,18,False,False,True,True
14516,23,validation,14,13,True,True,True,False
14519,23,validation,14,13,True,True,True,False
14520,23,validation,12,11,True,True,True,False
14523,23,validation,22,21,True,True,True,False
14526,23,validation,12,11,True,True,True,False
14528,23,validation,16,15,True,True,True,False
14529,23,validation,19,18,True,True,True,False
14530,23,validation,11,10,True,True,True,False
14531,23,validation,23,22,True,True,True,False
14532,23,validation,12,11,False,False,True,True
14533,23,validation,13,11,True,True,True,False
14543,23,validation,13,12,True,True,True,False
14544,23,validation,19,16,False,False,True,True
14546,23,validation,16,14,False,False,True,True
14548,23,validation,16,14,False,False,True,True
14549,23,validation,12,11,True,True,True,False
14550,23,validation,19,17,True,True,True,False
14551,23,validation,15,11,False,False,True,True
14563,23,validation,13,12,True,True,True,False
14576,23,validation,12,11,True,True,True,False
14577,23,validation,12,11,True,True,True,False
14582,23,validation,20,18,False,False,True,True
14583,23,validation,11,10,True,True,True,False
14584,23,validation,14,12,False,False,True,True
14586,23,validation,14,12,False,False,True,True
14587,23,validation,21,19,False,False,True,True
14588,23,validation,12,11,True,True,True,False
14589,23,validation,22,19,False,False,True,True
14591,23,validation,19,17,False,False,True,True
14592,23,validation,21,19,False,False,True,True
14593,23,validation,22,20,False,False,True,True
14594,23,validation,17,15,False,False,True,True
14595,23,validation,28,26,False,False,True,True
14596,23,validation,29,26,False,False,True,True
14597,23,validation,30,27,False,False,True,True
14598,23,validation,16,14,False,False,True,True
14599,23,validation,16,15,True,True,True,False
14600,23,validation,18,16,False,False,True,True
14601,23,validation,22,20,False,False,True,True
14602,23,validation,28,25,False,False,True,True
14603,23,validation,13,11,False,False,True,True
14604,23,validation,17,15,False,False,True,True
14605,23,validation,16,15,True,True,True,False
14607,23,validation,18,16,False,False,True,True
14608,23,validation,19,17,True,True,True,False
14609,23,validation,18,17,True,True,True,False
14610,23,validation,18,15,False,False,True,True
14611,23,validation,15,14,True,True,True,False
14612,23,validation,11,10,True,True,True,False
14613,23,validation,12,11,True,True,True,False
14614,23,validation,14,13,True,True,True,False
14615,23,validation,12,11,True,True,True,False
14617,23,validation,21,20,True,True,True,False
14619,23,validation,14,13,True,True,True,False
14620,23,validation,23,19,False,False,True,True
14621,23,validation,15,14,True,True,True,False
14622,23,validation,14,13,True,True,True,False
14623,23,validation,14,13,True,True,True,False
14624,23,validation,19,17,False,False,True,True
14625,23,validation,13,12,True,True,True,False
14626,23,validation,12,11,True,True,True,False
14627,23,validation,25,20,False,False,True,True
14628,23,validation,12,11,True,True,True,False
14629,23,validation,18,17,True,True,True,False
14630,23,validation,18,17,True,True,True,False
14632,23,validation,14,13,True,True,True,False
14633,23,validation,23,21,False,False,True,True
14634,23,validation,12,11,True,True,True,False
14635,23,validation,18,16,False,False,True,True
14636,23,validation,21,20,True,True,True,False
14638,23,validation,24,20,False,False,True,True
14639,23,validation,20,18,False,False,True,True
14640,23,validation,11,10,True,True,True,False
14641,23,validation,18,15,False,False,True,True
14642,23,validation,22,21,True,True,True,False
14643,23,validation,19,18,True,True,True,False
14644,23,validation,13,12,True,True,True,False
14646,23,validation,15,14,True,True,True,False
14647,23,validation,13,11,False,False,True,True
14648,23,validation,30,27,False,False,True,True
14650,23,validation,13,12,True,True,True,False
14652,23,validation,14,11,False,False,True,True
14653,23,validation,17,15,False,False,True,True
14654,23,validation,17,14,False,False,True,True
14655,23,validation,23,22,True,True,True,False
14656,23,validation,19,18,True,True,True,False
14658,23,validation,16,15,True,True,True,False
14660,23,validation,23,21,False,False,True,True
14662,23,validation,12,11,True,True,True,False
14663,23,validation,15,14,True,True,True,False
14664,23,validation,16,15,True,True,True,False
14667,23,validation,18,17,True,True,True,False
14669,23,validation,18,16,False,False,True,True
14670,23,validation,11,10,True,True,True,False
14671,23,validation,19,18,True,True,True,False
14675,23,validation,21,20,True,True,True,False
14677,23,validation,15,14,True,True,True,False
14679,23,validation,12,11,True,True,True,False
14681,23,validation,16,15,True,True,True,False
14685,23,validation,19,18,True,True,True,False
14687,23,validation,12,11,True,True,True,False
14688,23,validation,15,13,False,False,True,True
14689,23,validation,18,16,False,False,True,True
14690,23,validation,17,16,True,True,True,False
14691,23,validation,11,10,True,True,True,False
14692,23,validation,13,11,False,False,True,True
14694,23,validation,12,11,True,True,True,False
14696,23,validation,13,12,True,True,True,False
14698,23,validation,12,11,True,True,True,False
14710,23,validation,26,23,False,False,True,True
14711,23,validation,13,12,True,True,True,False
14712,23,validation,18,17,True,True,True,False
14715,23,validation,23,20,False,False,True,True
14718,23,validation,23,19,False,False,True,True
14725,23,validation,15,14,True,True,True,False
14727,23,validation,11,10,True,True,True,False
14730,23,validation,13,12,True,True,True,False
14731,23,validation,11,10,True,True,True,False
14733,23,validation,17,15,False,False,True,True
14734,23,validation,16,15,True,True,True,False
14736,23,validation,11,10,True,True,True,False
14738,23,validation,14,13,True,True,True,False
14739,23,validation,13,12,True,True,True,False
14740,24,validation,15,14,True,True,True,False
14741,24,validation,24,23,True,True,True,False
14743,24,validation,19,18,True,True,True,False
14744,24,validation,15,14,True,True,True,False
14745,24,validation,20,18,False,False,True,True
14747,24,validation,18,17,True,True,True,False
14748,24,validation,19,17,False,False,True,True
14749,24,validation,19,16,False,False,True,True
14750,24,validation,21,19,False,False,True,True
14751,24,validation,22,19,False,False,True,True
14752,24,validation,14,13,True,True,True,False
14753,24,validation,17,16,True,True,True,False
14754,24,validation,26,24,False,False,True,True
14755,24,validation,18,16,False,False,True,True
14757,24,validation,22,21,True,True,True,False
14759,24,validation,14,13,True,True,True,False
14760,24,validation,21,18,False,False,True,True
14762,24,validation,19,17,False,False,True,True
14763,24,validation,15,14,True,True,True,False
14764,24,validation,17,16,True,True,True,False
14766,24,validation,23,21,False,False,True,True
14767,24,validation,18,16,False,False,True,True
14768,24,validation,11,10,True,True,True,False
14769,24,validation,14,13,True,True,True,False
14770,24,validation,12,11,False,False,True,True
14771,24,validation,16,15,True,True,True,False
14772,24,validation,16,13,False,False,True,True
14773,24,validation,21,19,False,False,True,True
14774,24,validation,11,10,True,True,True,False
14776,24,validation,14,13,True,True,True,False
14777,24,validation,18,17,True,True,True,False
14778,24,validation,22,19,False,False,True,True
14779,24,validation,27,23,False,False,True,True
14780,24,validation,20,19,True,True,True,False
14781,24,validation,25,23,False,False,True,True
14782,24,validation,12,11,True,True,True,False
14783,24,validation,25,22,False,False,True,True
14785,24,validation,14,11,False,False,True,True
14786,24,validation,19,18,True,True,True,False
14787,24,validation,18,17,True,True,True,False
14788,24,validation,15,14,True,True,True,False
14789,24,validation,18,17,True,True,True,False
14790,24,validation,19,17,False,False,True,True
14791,24,validation,15,14,True,True,True,False
14792,24,validation,17,15,False,False,True,True
14793,24,validation,22,21,True,True,True,False
14794,24,validation,12,11,True,True,True,False
14795,24,validation,11,10,False,False,True,True
14798,24,validation,16,15,True,True,True,False
14799,24,validation,20,18,False,False,True,True
14800,24,validation,13,12,True,True,True,False
14801,24,validation,18,17,True,True,True,False
14802,24,validation,22,20,False,False,True,True
14805,24,validation,19,18,True,True,True,False
14806,24,validation,20,18,False,False,True,True
14807,24,validation,14,13,True,True,True,False
14808,24,validation,16,15,True,True,True,False
14809,24,validation,15,13,True,True,True,False
14811,24,validation,19,18,True,True,True,False
14813,24,validation,20,18,False,False,True,True
14814,24,validation,18,15,False,False,True,True
14815,24,validation,22,21,True,True,True,False
14818,24,validation,19,18,True,True,True,False
14819,24,validation,22,21,True,True,True,False
14824,24,validation,26,24,False,False,True,True
14829,24,validation,17,16,True,True,True,False
14830,24,validation,24,23,True,True,True,False
14831,24,validation,14,12,False,False,True,True
14834,24,validation,14,12,False,False,True,True
14835,24,validation,18,17,True,True,True,False
14836,24,validation,20,18,False,False,True,True
14841,24,validation,15,14,True,True,True,False
14853,24,validation,12,11,True,True,True,False
14871,24,validation,16,15,True,True,True,False
14872,24,validation,12,10,False,False,True,True
14873,24,validation,11,10,True,True,True,False
14876,24,validation,11,10,True,True,True,False
14878,24,validation,18,16,False,False,True,True
14879,24,validation,15,14,True,True,True,False
14881,24,validation,14,13,True,True,True,False
14882,24,validation,16,15,True,True,True,False
14883,24,validation,14,13,True,True,True,False
14884,24,validation,15,14,True,True,True,False
14885,24,validation,19,18,True,True,True,False
14886,24,validation,19,18,True,True,True,False
14887,24,validation,16,14,False,False,True,True
14888,24,validation,19,18,True,True,True,False
14889,24,validation,12,11,True,True,True,False
14890,24,validation,15,14,True,True,True,False
14891,24,validation,12,11,True,True,True,False
14892,24,validation,18,17,True,True,True,False
14893,24,validation,14,13,True,True,True,False
14894,24,validation,27,23,False,False,True,True
14895,24,validation,18,16,False,False,True,True
14896,24,validation,19,17,False,False,True,True
14897,24,validation,11,10,True,True,True,False
14898,24,validation,18,17,True,True,True,False
14899,24,validation,19,18,True,True,True,False
14900,24,validation,17,16,True,True,True,False
14903,24,validation,15,14,True,True,True,False
14904,24,validation,15,14,True,True,True,False
14906,24,validation,12,11,True,True,True,False
14907,24,validation,15,13,False,False,True,True
14908,24,validation,22,20,False,False,True,True
14909,24,validation,23,21,False,False,True,True
14910,24,validation,16,15,True,True,True,False
14911,24,validation,15,13,False,False,True,True
14913,24,validation,20,17,False,False,True,True
14914,24,validation,20,19,True,True,True,False
14915,24,validation,21,19,False,False,True,True
14916,24,validation,17,16,True,True,True,False
14917,24,validation,12,11,True,True,True,False
14918,24,validation,18,15,False,False,True,True
14919,24,validation,18,15,False,False,True,True
14920,24,validation,20,18,False,False,True,True
14922,24,validation,25,23,False,False,True,True
14923,24,validation,18,17,True,True,True,False
14924,24,validation,21,18,False,False,True,True
14925,24,validation,18,15,False,False,True,True
14926,24,validation,22,20,False,False,True,True
14928,24,validation,17,15,False,False,True,True
14929,24,validation,21,20,True,True,True,False
14930,24,validation,12,10,False,False,True,True
14931,24,validation,16,15,True,True,True,False
14933,24,validation,13,12,True,True,True,False
14934,24,validation,16,14,False,False,True,True
14936,24,validation,17,16,False,False,True,True
14937,24,validation,18,14,False,False,True,True
14938,24,validation,20,18,True,True,True,False
14940,24,validation,13,12,True,True,True,False
14942,24,validation,15,13,False,False,True,True
14944,24,validation,17,14,False,False,True,True
14945,24,validation,19,18,True,True,True,False
14946,24,validation,16,15,True,True,True,False
14947,24,validation,21,19,False,False,True,True
14949,24,validation,15,14,True,True,True,False
14952,24,validation,15,14,True,True,True,False
14954,24,validation,11,10,True,True,True,False
14955,24,validation,12,10,False,False,True,True
14957,24,validation,22,20,False,False,True,True
14960,24,validation,29,27,False,False,True,True
14962,24,validation,21,20,True,True,True,False
14963,24,validation,15,12,False,False,True,True
14967,24,validation,18,15,False,False,True,True
14969,24,validation,16,15,True,True,True,False
14972,24,validation,18,16,False,False,True,True
14975,24,validation,17,15,False,False,True,True
14978,24,validation,15,14,True,True,True,False
14981,24,validation,20,19,True,True,True,False
15002,24,validation,12,11,True,True,True,False
15004,24,validation,11,10,True,True,True,False
15006,24,validation,14,13,True,True,True,False
15007,24,validation,11,10,True,True,True,False
15008,24,validation,13,10,False,False,True,True
15009,24,validation,16,15,True,True,True,False
15015,24,validation,13,12,True,True,True,False
15016,24,validation,11,10,True,True,True,False
15017,24,validation,16,15,True,True,True,False
15018,24,validation,20,15,False,False,True,True
15019,24,validation,20,19,True,True,True,False
15020,24,validation,15,13,False,False,True,True
15021,24,validation,12,11,True,True,True,False
15022,24,validation,21,19,False,False,True,True
15023,24,validation,16,13,False,False,True,True
15024,24,validation,15,14,True,True,True,False
15025,24,validation,15,14,True,True,True,False
15026,24,validation,20,17,False,False,True,True
15027,24,validation,16,13,False,False,True,True
15028,24,validation,16,15,False,False,True,True
15029,24,validation,19,18,True,True,True,False
15030,24,validation,28,25,False,False,True,True
15031,24,validation,15,12,False,False,True,True
15032,24,validation,17,16,True,True,True,False
15033,24,validation,17,16,True,True,True,False
15034,24,validation,19,17,False,False,True,True
15035,24,validation,15,13,False,False,True,True
15036,24,validation,11,10,True,True,True,False
15037,24,validation,17,15,False,False,True,True
15040,24,validation,22,20,False,False,True,True
15041,24,validation,16,15,True,True,True,False
15042,24,validation,17,15,False,False,True,True
15044,24,validation,29,27,False,False,True,True
15045,24,validation,21,19,False,False,True,True
15046,24,validation,13,12,True,True,True,False
15049,24,validation,26,24,False,False,True,True
15050,24,validation,14,13,True,True,True,False
15053,24,validation,20,19,True,True,True,False
15054,24,validation,23,21,False,False,True,True
15055,24,validation,15,14,True,True,True,False
15056,24,validation,14,13,True,True,True,False
15057,24,validation,16,13,True,True,True,False
15058,24,validation,20,19,True,True,True,False
15059,24,validation,14,13,True,True,True,False
15060,24,validation,22,20,False,False,True,True
15062,24,validation,22,19,False,False,True,True
15063,24,validation,16,14,False,False,True,True
15064,24,validation,19,17,False,False,True,True
15065,24,validation,22,19,False,False,True,True
15067,24,validation,11,10,True,True,True,False
15068,24,validation,16,15,True,True,True,False
15069,24,validation,13,12,True,True,True,False
15070,24,validation,21,20,True,True,True,False
15071,24,validation,16,12,False,False,True,True
15072,24,validation,21,19,False,False,True,True
15073,24,validation,16,14,False,False,True,True
15074,24,validation,18,17,True,True,True,False
15075,24,validation,17,14,False,False,True,True
15076,24,validation,13,11,False,False,True,True
15077,24,validation,17,15,False,False,True,True
15078,24,validation,12,10,False,False,True,True
15081,24,validation,17,15,False,False,True,True
15082,24,validation,20,19,True,True,True,False
15086,24,validation,15,13,False,False,True,True
15088,24,validation,15,14,True,True,True,False
15090,24,validation,22,21,True,True,True,False
15096,24,validation,22,21,True,True,True,False
15097,24,validation,14,13,True,True,True,False
15099,24,validation,18,17,True,True,True,False
15100,24,validation,17,16,True,True,True,False
15102,24,validation,13,12,True,True,True,False
15104,24,validation,13,12,True,True,True,False
15106,24,validation,23,20,False,False,True,True
15107,24,validation,19,18,True,True,True,False
15113,24,validation,14,13,True,True,True,False
15114,24,validation,13,11,False,False,True,True
15115,24,validation,18,16,True,True,True,False
15119,24,validation,17,15,False,False,True,True
15121,24,validation,13,12,True,True,True,False
15123,24,validation,22,14,False,False,True,True
15139,24,validation,12,10,False,False,True,True
15143,24,validation,11,10,True,True,True,False
15144,24,validation,17,16,True,True,True,False
15146,24,validation,12,11,True,True,True,False
15151,24,validation,14,13,True,True,True,False
15152,24,validation,19,18,True,True,True,False
15153,24,validation,14,12,False,False,True,True
15154,24,validation,15,14,True,True,True,False
15155,24,validation,11,10,True,True,True,False
15156,24,validation,18,16,False,False,True,True
15157,24,validation,20,19,True,True,True,False
15158,24,validation,20,18,False,False,True,True
15159,24,validation,11,10,True,True,True,False
15160,24,validation,23,20,False,False,True,True
15162,24,validation,16,15,True,True,True,False
15163,24,validation,13,11,False,False,True,True
15164,24,validation,14,13,True,True,True,False
15165,24,validation,16,15,True,True,True,False
15166,24,validation,22,20,False,False,True,True
15167,24,validation,25,23,False,False,True,True
15168,24,validation,11,10,True,True,True,False
15169,24,validation,14,13,True,True,True,False
15170,24,validation,14,11,False,False,True,True
15171,24,validation,11,10,True,True,True,False
15172,24,validation,16,14,False,False,True,True
15173,24,validation,17,15,False,False,True,True
15174,24,validation,21,18,False,False,True,True
15175,24,validation,15,13,False,False,True,True
15176,24,validation,22,20,False,False,True,True
15177,24,validation,17,15,False,False,True,True
15178,24,validation,20,17,False,False,True,True
15179,24,validation,16,15,True,True,True,False
15180,24,validation,18,16,False,False,True,True
15183,24,validation,15,14,True,True,True,False
15185,24,validation,16,15,True,True,True,False
15186,24,validation,15,13,False,False,True,True
15187,24,validation,26,25,True,True,True,False
15188,24,validation,25,21,False,False,True,True
15189,24,validation,20,18,True,True,True,False
15190,24,validation,18,16,False,False,True,True
15191,24,validation,18,16,False,False,True,True
15192,24,validation,17,16,True,True,True,False
15194,24,validation,13,12,True,True,True,False
15197,24,validation,20,16,False,False,True,True
15198,24,validation,11,10,True,True,True,False
15199,24,validation,21,19,False,False,True,True
15200,24,validation,18,17,True,True,True,False
15201,24,validation,14,13,True,True,True,False
15202,24,validation,29,27,False,False,True,True
15203,24,validation,12,11,True,True,True,False
15206,24,validation,19,18,True,True,True,False
15207,24,validation,14,12,False,False,True,True
15208,24,validation,13,12,True,True,True,False
15209,24,validation,20,19,True,True,True,False
15210,24,validation,21,19,False,False,True,True
15212,24,validation,18,17,True,True,True,False
15213,24,validation,18,16,False,False,True,True
15215,24,validation,21,18,False,False,True,True
15217,24,validation,26,24,False,False,True,True
15219,24,validation,17,15,False,False,True,True
15220,24,validation,15,12,False,False,True,True
15221,24,validation,18,16,False,False,True,True
15222,24,validation,13,12,True,True,True,False
15223,24,validation,18,16,False,False,True,True
15226,24,validation,13,12,True,True,True,False
15227,24,validation,11,10,True,True,True,False
15228,24,validation,15,13,False,False,True,True
15229,24,validation,13,12,True,True,True,False
15231,24,validation,15,14,True,True,True,False
15233,24,validation,22,21,True,True,True,False
15234,24,validation,16,14,False,False,True,True
15236,24,validation,14,13,True,True,True,False
15241,24,validation,15,12,False,False,True,True
15242,24,validation,24,21,False,False,True,True
15243,24,validation,13,12,True,True,True,False
15244,24,validation,16,15,True,True,True,False
15246,24,validation,20,18,False,False,True,True
15247,24,validation,15,14,True,True,True,False
15252,24,validation,17,16,True,True,True,False
15256,24,validation,14,11,False,False,True,True
15259,24,validation,14,13,True,True,True,False
15261,24,validation,14,13,True,True,True,False
15262,24,validation,15,14,True,True,True,False
15263,24,validation,17,16,True,True,True,False
15270,24,validation,23,22,True,True,True,False
15273,24,validation,11,10,True,True,True,False
15274,24,validation,13,12,True,True,True,False
15281,24,validation,16,13,False,False,True,True
15284,24,validation,15,14,True,True,True,False
15285,24,validation,11,10,True,True,True,False
15289,24,validation,15,12,False,False,True,True
15290,24,validation,16,13,False,False,True,True
15293,24,validation,17,15,False,False,True,True
15296,24,validation,11,10,True,True,True,False
15298,24,validation,20,19,True,True,True,False
15299,24,validation,20,18,False,False,True,True
15301,24,validation,16,15,True,True,True,False
15302,24,validation,13,12,True,True,True,False
15303,24,validation,19,18,True,True,True,False
15304,24,validation,16,14,False,False,True,True
15305,24,validation,13,12,True,True,True,False
15306,24,validation,14,13,True,True,True,False
15307,24,validation,17,16,True,True,True,False
15308,24,validation,27,23,False,False,True,True
15309,24,validation,15,14,True,True,True,False
15310,24,validation,15,14,True,True,True,False
15311,24,validation,16,14,False,False,True,True
15312,24,validation,14,13,True,True,True,False
15313,24,validation,20,17,False,False,True,True
15314,24,validation,16,15,True,True,True,False
15316,24,validation,15,13,False,False,True,True
15317,24,validation,17,16,True,True,True,False
15318,24,validation,14,12,False,False,True,True
15319,24,validation,17,16,True,True,True,False
15321,24,validation,14,13,True,True,True,False
15322,24,validation,14,13,True,True,True,False
15323,24,validation,18,14,False,False,True,True
15325,24,validation,14,13,True,True,True,False
15327,24,validation,14,11,False,False,True,True
15329,24,validation,16,14,False,False,True,True
15330,24,validation,13,12,True,True,True,False
15331,24,validation,16,13,False,False,True,True
15332,24,validation,13,12,True,True,True,False
15333,24,validation,30,27,False,False,True,True
15334,24,validation,11,10,True,True,True,False
15335,24,validation,16,14,False,False,True,True
15336,24,validation,24,21,False,False,True,True
15337,24,validation,21,20,True,True,True,False
15338,24,validation,14,13,True,True,True,False
15339,24,validation,19,18,True,True,True,False
15340,24,validation,14,12,False,False,True,True
15341,24,validation,18,17,True,True,True,False
15342,24,validation,34,31,False,False,True,True
15345,24,validation,17,14,False,False,True,True
15346,24,validation,14,13,True,True,True,False
15348,24,validation,15,14,True,True,True,False
15350,24,validation,20,19,True,True,True,False
15351,24,validation,29,25,False,False,True,True
15352,24,validation,19,17,False,False,True,True
15355,24,validation,30,27,False,False,True,True
15356,24,validation,12,11,True,True,True,False
15358,24,validation,27,24,False,False,True,True
15359,24,validation,18,17,False,False,True,True
15361,24,validation,14,13,True,True,True,False
15362,24,validation,14,13,True,True,True,False
15363,24,validation,20,19,True,True,True,False
15364,24,validation,13,12,True,True,True,False
15365,24,validation,13,12,True,True,True,False
15366,24,validation,15,13,False,False,True,True
15367,24,validation,15,14,True,True,True,False
15368,24,validation,18,16,False,False,True,True
15369,24,validation,14,12,False,False,True,True
15370,24,validation,22,20,False,False,True,True
15372,24,validation,23,21,False,False,True,True
15373,24,validation,19,18,True,True,True,False
15374,24,validation,19,18,True,True,True,False
15376,24,validation,25,23,False,False,True,True
15377,24,validation,15,13,False,False,True,True
15378,24,validation,17,16,True,True,True,False
15379,24,validation,18,16,False,False,True,True
15383,24,validation,12,11,True,True,True,False
15387,24,validation,23,21,False,False,True,True
15390,24,validation,12,11,True,True,True,False
15392,24,validation,15,14,True,True,True,False
15393,24,validation,13,12,True,True,True,False
15397,24,validation,14,13,True,True,True,False
15398,24,validation,20,15,False,False,True,True
15399,24,validation,13,12,True,True,True,False
15401,24,validation,21,19,False,False,True,True
15402,24,validation,12,11,True,True,True,False
15411,24,validation,13,11,False,False,True,True
15415,24,validation,19,18,True,True,True,False
15420,24,validation,12,10,False,False,True,True
15421,24,validation,12,11,True,True,True,False
15422,24,validation,16,13,False,False,True,True
15423,24,validation,14,12,False,False,True,True
15424,24,validation,22,21,True,True,True,False
15427,24,validation,16,15,True,True,True,False
15428,24,validation,15,13,False,False,True,True
15429,24,validation,20,19,True,True,True,False
15430,24,validation,20,19,True,True,True,False
15432,24,validation,22,21,True,True,True,False
15433,24,validation,12,11,True,True,True,False
15434,24,validation,15,14,True,True,True,False
15442,24,validation,15,14,True,True,True,False
15444,24,validation,11,10,True,True,True,False
15445,24,validation,12,11,True,True,True,False
15447,24,validation,11,10,True,True,True,False
15448,24,validation,12,11,True,True,True,False
15450,24,validation,12,11,True,True,True,False
15452,24,validation,15,14,True,True,True,False
15453,24,validation,12,11,True,True,True,False
15456,24,validation,18,17,True,True,True,False
15457,24,validation,14,13,True,True,True,False
15458,25,confirmatory_evaluation,11,10,True,True,True,False
15459,25,confirmatory_evaluation,13,12,True,True,True,False
15460,25,confirmatory_evaluation,19,18,True,True,True,False
15461,25,confirmatory_evaluation,16,14,False,False,True,True
15462,25,confirmatory_evaluation,12,10,False,False,True,True
15463,25,confirmatory_evaluation,19,17,False,False,True,True
15464,25,confirmatory_evaluation,20,19,True,True,True,False
15465,25,confirmatory_evaluation,21,20,True,True,True,False
15466,25,confirmatory_evaluation,14,13,True,True,True,False
15468,25,confirmatory_evaluation,19,17,False,False,True,True
15469,25,confirmatory_evaluation,27,25,False,False,True,True
15470,25,confirmatory_evaluation,16,15,True,True,True,False
15473,25,confirmatory_evaluation,12,11,True,True,True,False
15474,25,confirmatory_evaluation,14,12,False,False,True,True
15475,25,confirmatory_evaluation,27,26,True,True,True,False
15476,25,confirmatory_evaluation,21,20,True,True,True,False
15477,25,confirmatory_evaluation,12,11,True,True,True,False
15478,25,confirmatory_evaluation,18,17,True,True,True,False
15479,25,confirmatory_evaluation,28,25,False,False,True,True
15480,25,confirmatory_evaluation,17,16,True,True,True,False
15481,25,confirmatory_evaluation,21,19,False,False,True,True
15482,25,confirmatory_evaluation,24,22,False,False,True,True
15483,25,confirmatory_evaluation,23,22,True,True,True,False
15486,25,confirmatory_evaluation,22,19,False,False,True,True
15487,25,confirmatory_evaluation,16,15,True,True,True,False
15488,25,confirmatory_evaluation,25,23,False,False,True,True
15489,25,confirmatory_evaluation,17,16,True,True,True,False
15490,25,confirmatory_evaluation,19,17,False,False,True,True
15491,25,confirmatory_evaluation,18,16,False,False,True,True
15492,25,confirmatory_evaluation,18,17,True,True,True,False
15493,25,confirmatory_evaluation,26,24,False,False,True,True
15494,25,confirmatory_evaluation,15,14,True,True,True,False
15495,25,confirmatory_evaluation,25,23,False,False,True,True
15496,25,confirmatory_evaluation,20,18,False,False,True,True
15497,25,confirmatory_evaluation,18,16,False,False,True,True
15498,25,confirmatory_evaluation,25,24,True,True,True,False
15499,25,confirmatory_evaluation,16,15,True,True,True,False
15500,25,confirmatory_evaluation,19,17,False,False,True,True
15501,25,confirmatory_evaluation,17,16,True,True,True,False
15502,25,confirmatory_evaluation,12,11,True,True,True,False
15504,25,confirmatory_evaluation,19,17,False,False,True,True
15505,25,confirmatory_evaluation,17,15,False,False,True,True
15506,25,confirmatory_evaluation,20,19,True,True,True,False
15507,25,confirmatory_evaluation,21,20,True,True,True,False
15509,25,confirmatory_evaluation,20,18,False,False,True,True
15513,25,confirmatory_evaluation,17,16,True,True,True,False
15515,25,confirmatory_evaluation,19,18,True,True,True,False
15518,25,confirmatory_evaluation,16,15,True,True,True,False
15519,25,confirmatory_evaluation,15,14,True,True,True,False
15520,25,confirmatory_evaluation,14,13,True,True,True,False
15521,25,confirmatory_evaluation,16,15,True,True,True,False
15525,25,confirmatory_evaluation,12,11,True,True,True,False
15528,25,confirmatory_evaluation,14,13,True,True,True,False
15529,25,confirmatory_evaluation,19,18,True,True,True,False
15530,25,confirmatory_evaluation,20,19,True,True,True,False
15531,25,confirmatory_evaluation,23,22,True,True,True,False
15533,25,confirmatory_evaluation,25,24,True,True,True,False
15537,25,confirmatory_evaluation,12,11,True,True,True,False
15538,25,confirmatory_evaluation,14,12,False,False,True,True
15541,25,confirmatory_evaluation,13,12,True,True,True,False
15542,25,confirmatory_evaluation,20,18,False,False,True,True
15547,25,confirmatory_evaluation,13,12,True,True,True,False
15549,25,confirmatory_evaluation,17,16,True,True,True,False
15555,25,confirmatory_evaluation,12,10,False,False,True,True
15562,25,confirmatory_evaluation,14,11,False,False,True,True
15563,25,confirmatory_evaluation,13,11,False,False,True,True
15568,25,confirmatory_evaluation,15,12,False,False,True,True
15570,25,confirmatory_evaluation,12,11,True,True,True,False
15572,25,confirmatory_evaluation,16,15,True,True,True,False
15573,25,confirmatory_evaluation,16,14,False,False,True,True
15575,25,confirmatory_evaluation,16,13,False,False,True,True
15577,25,confirmatory_evaluation,18,17,True,True,True,False
15578,25,confirmatory_evaluation,14,12,False,False,True,True
15579,25,confirmatory_evaluation,17,16,True,True,True,False
15582,25,confirmatory_evaluation,17,14,False,False,True,True
15584,25,confirmatory_evaluation,19,17,False,False,True,True
15585,25,confirmatory_evaluation,14,13,True,True,True,False
15586,25,confirmatory_evaluation,16,15,True,True,True,False
15588,25,confirmatory_evaluation,21,17,False,False,True,True
15589,25,confirmatory_evaluation,19,18,True,True,True,False
15590,25,confirmatory_evaluation,15,13,False,False,True,True
15591,25,confirmatory_evaluation,27,22,False,False,True,True
15593,25,confirmatory_evaluation,18,17,True,True,True,False
15594,25,confirmatory_evaluation,17,16,True,True,True,False
15595,25,confirmatory_evaluation,16,14,False,False,True,True
15596,25,confirmatory_evaluation,19,16,False,False,True,True
15598,25,confirmatory_evaluation,11,10,True,True,True,False
15599,25,confirmatory_evaluation,14,11,False,False,True,True
15600,25,confirmatory_evaluation,12,10,False,False,True,True
15601,25,confirmatory_evaluation,17,16,True,True,True,False
15602,25,confirmatory_evaluation,18,17,True,True,True,False
15603,25,confirmatory_evaluation,20,16,False,False,True,True
15604,25,confirmatory_evaluation,14,12,False,False,True,True
15605,25,confirmatory_evaluation,25,22,False,False,True,True
15609,25,confirmatory_evaluation,25,22,False,False,True,True
15610,25,confirmatory_evaluation,19,17,False,False,True,True
15611,25,confirmatory_evaluation,14,12,False,False,True,True
15612,25,confirmatory_evaluation,13,12,True,True,True,False
15613,25,confirmatory_evaluation,13,11,True,True,True,False
15614,25,confirmatory_evaluation,24,23,True,True,True,False
15615,25,confirmatory_evaluation,17,16,True,True,True,False
15617,25,confirmatory_evaluation,14,13,True,True,True,False
15618,25,confirmatory_evaluation,25,22,False,False,True,True
15619,25,confirmatory_evaluation,21,19,False,False,True,True
15620,25,confirmatory_evaluation,13,11,False,False,True,True
15621,25,confirmatory_evaluation,13,12,True,True,True,False
15622,25,confirmatory_evaluation,18,17,True,True,True,False
15623,25,confirmatory_evaluation,22,20,False,False,True,True
15624,25,confirmatory_evaluation,12,11,True,True,True,False
15625,25,confirmatory_evaluation,18,17,True,True,True,False
15626,25,confirmatory_evaluation,26,22,False,False,True,True
15627,25,confirmatory_evaluation,18,16,False,False,True,True
15628,25,confirmatory_evaluation,21,19,False,False,True,True
15629,25,confirmatory_evaluation,11,10,True,True,True,False
15630,25,confirmatory_evaluation,27,24,False,False,True,True
15632,25,confirmatory_evaluation,14,12,False,False,True,True
15633,25,confirmatory_evaluation,12,11,True,True,True,False
15634,25,confirmatory_evaluation,13,12,True,True,True,False
15635,25,confirmatory_evaluation,14,13,True,True,True,False
15636,25,confirmatory_evaluation,21,19,False,False,True,True
15637,25,confirmatory_evaluation,21,19,False,False,True,True
15638,25,confirmatory_evaluation,23,18,False,False,True,True
15639,25,confirmatory_evaluation,18,15,False,False,True,True
15640,25,confirmatory_evaluation,19,18,True,True,True,False
15643,25,confirmatory_evaluation,20,19,True,True,True,False
15644,25,confirmatory_evaluation,19,16,False,False,True,True
15645,25,confirmatory_evaluation,22,19,False,False,True,True
15647,25,confirmatory_evaluation,11,10,True,True,True,False
15648,25,confirmatory_evaluation,20,18,False,False,True,True
15651,25,confirmatory_evaluation,14,13,True,True,True,False
15652,25,confirmatory_evaluation,15,14,True,True,True,False
15654,25,confirmatory_evaluation,19,17,False,False,True,True
15656,25,confirmatory_evaluation,14,13,True,True,True,False
15657,25,confirmatory_evaluation,17,15,False,False,True,True
15659,25,confirmatory_evaluation,24,23,True,True,True,False
15661,25,confirmatory_evaluation,22,20,False,False,True,True
15663,25,confirmatory_evaluation,17,16,True,True,True,False
15665,25,confirmatory_evaluation,14,13,True,True,True,False
15666,25,confirmatory_evaluation,17,16,True,True,True,False
15668,25,confirmatory_evaluation,18,17,True,True,True,False
15669,25,confirmatory_evaluation,20,19,True,True,True,False
15670,25,confirmatory_evaluation,26,23,False,False,True,True
15672,25,confirmatory_evaluation,14,11,False,False,True,True
15673,25,confirmatory_evaluation,25,21,False,False,True,True
15683,25,confirmatory_evaluation,11,10,True,True,True,False
15684,25,confirmatory_evaluation,14,11,False,False,True,True
15685,25,confirmatory_evaluation,20,17,False,False,True,True
15693,25,confirmatory_evaluation,13,11,False,False,True,True
15697,25,confirmatory_evaluation,22,20,False,False,True,True
15700,25,confirmatory_evaluation,11,10,True,True,True,False
15707,25,confirmatory_evaluation,13,11,False,False,True,True
15712,25,confirmatory_evaluation,12,11,True,True,True,False
15713,25,confirmatory_evaluation,11,10,True,True,True,False
15715,25,confirmatory_evaluation,15,14,True,True,True,False
15717,25,confirmatory_evaluation,12,10,False,False,True,True
15727,25,confirmatory_evaluation,14,11,False,False,True,True
15728,25,confirmatory_evaluation,21,18,False,False,True,True
15729,25,confirmatory_evaluation,13,12,True,True,True,False
15730,25,confirmatory_evaluation,12,11,True,True,True,False
15731,25,confirmatory_evaluation,21,19,False,False,True,True
15732,25,confirmatory_evaluation,15,14,True,True,True,False
15733,25,confirmatory_evaluation,11,10,True,True,True,False
15734,25,confirmatory_evaluation,18,16,False,False,True,True
15735,25,confirmatory_evaluation,17,16,True,True,True,False
15736,25,confirmatory_evaluation,14,13,True,True,True,False
15737,25,confirmatory_evaluation,24,22,False,False,True,True
15738,25,confirmatory_evaluation,14,12,False,False,True,True
15739,25,confirmatory_evaluation,19,18,True,True,True,False
15740,25,confirmatory_evaluation,13,11,False,False,True,True
15741,25,confirmatory_evaluation,23,21,False,False,True,True
15742,25,confirmatory_evaluation,16,14,False,False,True,True
15743,25,confirmatory_evaluation,16,13,False,False,True,True
15744,25,confirmatory_evaluation,17,15,False,False,True,True
15746,25,confirmatory_evaluation,17,16,True,True,True,False
15747,25,confirmatory_evaluation,17,15,False,False,True,True
15748,25,confirmatory_evaluation,16,15,True,True,True,False
15749,25,confirmatory_evaluation,14,13,True,True,True,False
15752,25,confirmatory_evaluation,18,16,False,False,True,True
15754,25,confirmatory_evaluation,15,14,True,True,True,False
15755,25,confirmatory_evaluation,11,10,True,True,True,False
15757,25,confirmatory_evaluation,15,13,False,False,True,True
15758,25,confirmatory_evaluation,20,17,False,False,True,True
15761,25,confirmatory_evaluation,12,11,True,True,True,False
15762,25,confirmatory_evaluation,16,15,True,True,True,False
15763,25,confirmatory_evaluation,15,14,True,True,True,False
15764,25,confirmatory_evaluation,20,18,False,False,True,True
15765,25,confirmatory_evaluation,20,17,False,False,True,True
15766,25,confirmatory_evaluation,18,17,True,True,True,False
15767,25,confirmatory_evaluation,17,16,True,True,True,False
15768,25,confirmatory_evaluation,12,11,True,True,True,False
15769,25,confirmatory_evaluation,23,19,False,False,True,True
15772,25,confirmatory_evaluation,18,17,True,True,True,False
15774,25,confirmatory_evaluation,14,13,True,True,True,False
15775,25,confirmatory_evaluation,18,15,False,False,True,True
15777,25,confirmatory_evaluation,19,16,False,False,True,True
15778,25,confirmatory_evaluation,13,12,True,True,True,False
15780,25,confirmatory_evaluation,19,17,False,False,True,True
15781,25,confirmatory_evaluation,13,12,True,True,True,False
15782,25,confirmatory_evaluation,22,20,False,False,True,True
15783,25,confirmatory_evaluation,12,11,True,True,True,False
15784,25,confirmatory_evaluation,13,12,True,True,True,False
15786,25,confirmatory_evaluation,11,10,True,True,True,False
15787,25,confirmatory_evaluation,21,20,True,True,True,False
15789,25,confirmatory_evaluation,12,11,True,True,True,False
15790,25,confirmatory_evaluation,17,15,False,False,True,True
15793,25,confirmatory_evaluation,23,22,True,True,True,False
15795,25,confirmatory_evaluation,13,12,True,True,True,False
15796,25,confirmatory_evaluation,16,15,True,True,True,False
15797,25,confirmatory_evaluation,16,15,True,True,True,False
15799,25,confirmatory_evaluation,15,11,False,False,True,True
15801,25,confirmatory_evaluation,19,18,True,True,True,False
15803,25,confirmatory_evaluation,17,16,True,True,True,False
15805,25,confirmatory_evaluation,15,14,True,True,True,False
15807,25,confirmatory_evaluation,24,23,False,False,True,True
15809,25,confirmatory_evaluation,19,18,True,True,True,False
15810,25,confirmatory_evaluation,14,13,True,True,True,False
15811,25,confirmatory_evaluation,12,10,False,False,True,True
15813,25,confirmatory_evaluation,14,12,False,False,True,True
15814,25,confirmatory_evaluation,11,10,True,True,True,False
15817,25,confirmatory_evaluation,12,11,True,True,True,False
15820,25,confirmatory_evaluation,25,21,False,False,True,True
15823,25,confirmatory_evaluation,18,17,True,True,True,False
15830,25,confirmatory_evaluation,14,13,True,True,True,False
15841,25,confirmatory_evaluation,14,13,True,True,True,False
15845,25,confirmatory_evaluation,14,13,True,True,True,False
15846,25,confirmatory_evaluation,13,12,True,True,True,False
15852,25,confirmatory_evaluation,16,13,False,False,True,True
15854,25,confirmatory_evaluation,13,12,True,True,True,False
15856,25,confirmatory_evaluation,11,10,True,True,True,False
15858,25,confirmatory_evaluation,15,14,True,True,True,False
15859,25,confirmatory_evaluation,12,11,True,True,True,False
15861,25,confirmatory_evaluation,16,15,True,True,True,False
15862,25,confirmatory_evaluation,16,15,True,True,True,False
15863,25,confirmatory_evaluation,16,15,True,True,True,False
15864,25,confirmatory_evaluation,25,24,True,True,True,False
15865,25,confirmatory_evaluation,13,12,True,True,True,False
15866,25,confirmatory_evaluation,20,18,False,False,True,True
15869,25,confirmatory_evaluation,16,14,False,False,True,True
15870,25,confirmatory_evaluation,15,13,False,False,True,True
15871,25,confirmatory_evaluation,11,10,True,True,True,False
15872,25,confirmatory_evaluation,12,11,True,True,True,False
15873,25,confirmatory_evaluation,18,15,False,False,True,True
15874,25,confirmatory_evaluation,19,17,False,False,True,True
15875,25,confirmatory_evaluation,20,19,True,True,True,False
15876,25,confirmatory_evaluation,14,13,True,True,True,False
15877,25,confirmatory_evaluation,12,11,True,True,True,False
15879,25,confirmatory_evaluation,13,12,True,True,True,False
15880,25,confirmatory_evaluation,18,16,False,False,True,True
15881,25,confirmatory_evaluation,13,10,False,False,True,True
15882,25,confirmatory_evaluation,23,22,True,True,True,False
15883,25,confirmatory_evaluation,15,14,True,True,True,False
15884,25,confirmatory_evaluation,14,13,True,True,True,False
15887,25,confirmatory_evaluation,13,11,False,False,True,True
15889,25,confirmatory_evaluation,12,11,True,True,True,False
15890,25,confirmatory_evaluation,15,14,True,True,True,False
15893,25,confirmatory_evaluation,21,19,False,False,True,True
15894,25,confirmatory_evaluation,19,17,False,False,True,True
15895,25,confirmatory_evaluation,12,11,True,True,True,False
15896,25,confirmatory_evaluation,19,17,False,False,True,True
15897,25,confirmatory_evaluation,12,11,False,False,True,True
15898,25,confirmatory_evaluation,17,15,False,False,True,True
15899,25,confirmatory_evaluation,19,17,False,False,True,True
15902,25,confirmatory_evaluation,17,15,False,False,True,True
15903,25,confirmatory_evaluation,21,19,False,False,True,True
15904,25,confirmatory_evaluation,17,16,True,True,True,False
15906,25,confirmatory_evaluation,11,10,True,True,True,False
15907,25,confirmatory_evaluation,15,14,True,True,True,False
15908,25,confirmatory_evaluation,23,20,False,False,True,True
15909,25,confirmatory_evaluation,15,14,True,True,True,False
15910,25,confirmatory_evaluation,17,16,True,True,True,False
15911,25,confirmatory_evaluation,20,17,False,False,True,True
15912,25,confirmatory_evaluation,12,11,False,False,True,True
15913,25,confirmatory_evaluation,24,21,False,False,True,True
15914,25,confirmatory_evaluation,15,14,True,True,True,False
15915,25,confirmatory_evaluation,17,16,True,True,True,False
15916,25,confirmatory_evaluation,24,22,False,False,True,True
15917,25,confirmatory_evaluation,21,17,False,False,True,True
15920,25,confirmatory_evaluation,19,18,True,True,True,False
15921,25,confirmatory_evaluation,16,15,True,True,True,False
15923,25,confirmatory_evaluation,18,15,False,False,True,True
15924,25,confirmatory_evaluation,14,12,False,False,True,True
15926,25,confirmatory_evaluation,15,14,True,True,True,False
15927,25,confirmatory_evaluation,23,22,True,True,True,False
15928,25,confirmatory_evaluation,15,14,True,True,True,False
15929,25,confirmatory_evaluation,19,18,True,True,True,False
15930,25,confirmatory_evaluation,16,14,False,False,True,True
15931,25,confirmatory_evaluation,18,17,True,True,True,False
15933,25,confirmatory_evaluation,13,12,True,True,True,False
15936,25,confirmatory_evaluation,21,19,False,False,True,True
15937,25,confirmatory_evaluation,21,18,False,False,True,True
15941,25,confirmatory_evaluation,23,22,True,True,True,False
15942,25,confirmatory_evaluation,11,10,True,True,True,False
15943,25,confirmatory_evaluation,19,17,False,False,True,True
15944,25,confirmatory_evaluation,22,20,False,False,True,True
15945,25,confirmatory_evaluation,12,11,True,True,True,False
15953,25,confirmatory_evaluation,12,10,True,True,True,False
15955,25,confirmatory_evaluation,14,13,True,True,True,False
15958,25,confirmatory_evaluation,17,14,False,False,True,True
15959,25,confirmatory_evaluation,16,15,False,False,True,True
15962,25,confirmatory_evaluation,16,11,False,False,True,True
15978,25,confirmatory_evaluation,12,11,True,True,True,False
15981,25,confirmatory_evaluation,14,13,True,True,True,False
15982,25,confirmatory_evaluation,19,17,True,False,True,False
15989,25,confirmatory_evaluation,14,12,False,False,True,True
15995,25,confirmatory_evaluation,14,13,True,True,True,False
15996,25,confirmatory_evaluation,15,14,True,True,True,False
16000,25,confirmatory_evaluation,12,11,True,True,True,False
16002,25,confirmatory_evaluation,16,15,True,True,True,False
16003,25,confirmatory_evaluation,18,17,True,True,True,False
16005,25,confirmatory_evaluation,14,11,False,False,True,True
16006,25,confirmatory_evaluation,18,16,False,False,True,True
16007,25,confirmatory_evaluation,21,19,False,False,True,True
16008,25,confirmatory_evaluation,16,15,True,True,True,False
16009,25,confirmatory_evaluation,26,23,False,False,True,True
16010,25,confirmatory_evaluation,18,17,True,True,True,False
16011,25,confirmatory_evaluation,16,15,True,True,True,False
16012,25,confirmatory_evaluation,17,15,False,False,True,True
16013,25,confirmatory_evaluation,13,12,True,True,True,False
16014,25,confirmatory_evaluation,14,13,True,True,True,False
16015,25,confirmatory_evaluation,14,11,False,False,True,True
16016,25,confirmatory_evaluation,21,17,False,False,True,True
16017,25,confirmatory_evaluation,13,12,True,True,True,False
16018,25,confirmatory_evaluation,14,12,False,False,True,True
16019,25,confirmatory_evaluation,17,13,False,False,True,True
16020,25,confirmatory_evaluation,23,20,False,False,True,True
16021,25,confirmatory_evaluation,14,13,True,True,True,False
16022,25,confirmatory_evaluation,16,14,False,False,True,True
16023,25,confirmatory_evaluation,11,10,True,True,True,False
16024,25,confirmatory_evaluation,19,18,True,True,True,False
16025,25,confirmatory_evaluation,12,11,True,True,True,False
16026,25,confirmatory_evaluation,30,26,False,False,True,True
16027,25,confirmatory_evaluation,11,10,True,True,True,False
16030,25,confirmatory_evaluation,14,13,True,True,True,False
16031,25,confirmatory_evaluation,14,11,False,False,True,True
16032,25,confirmatory_evaluation,16,14,False,False,True,True
16033,25,confirmatory_evaluation,24,21,False,False,True,True
16034,25,confirmatory_evaluation,11,10,True,True,True,False
16036,25,confirmatory_evaluation,13,12,True,True,True,False
16037,25,confirmatory_evaluation,16,15,True,True,True,False
16038,25,confirmatory_evaluation,18,17,True,True,True,False
16039,25,confirmatory_evaluation,25,24,True,True,True,False
16040,25,confirmatory_evaluation,15,14,True,True,True,False
16041,25,confirmatory_evaluation,24,21,False,False,True,True
16042,25,confirmatory_evaluation,26,25,True,True,True,False
16044,25,confirmatory_evaluation,30,27,False,False,True,True
16045,25,confirmatory_evaluation,13,12,True,True,True,False
16046,25,confirmatory_evaluation,17,15,False,False,True,True
16048,25,confirmatory_evaluation,22,19,False,False,True,True
16049,25,confirmatory_evaluation,18,17,True,True,True,False
16050,25,confirmatory_evaluation,13,10,True,True,True,False
16051,25,confirmatory_evaluation,30,29,True,True,True,False
16052,25,confirmatory_evaluation,13,12,True,True,True,False
16057,25,confirmatory_evaluation,22,18,False,False,True,True
16058,25,confirmatory_evaluation,23,20,False,False,True,True
16063,25,confirmatory_evaluation,16,15,True,True,True,False
16066,25,confirmatory_evaluation,12,11,True,True,True,False
16068,25,confirmatory_evaluation,17,16,True,True,True,False
16069,25,confirmatory_evaluation,14,10,False,False,True,True
16070,25,confirmatory_evaluation,11,10,True,True,True,False
16071,25,confirmatory_evaluation,13,12,True,True,True,False
16072,25,confirmatory_evaluation,17,16,True,True,True,False
16075,25,confirmatory_evaluation,13,10,False,False,True,True
16076,25,confirmatory_evaluation,23,21,False,False,True,True
16078,25,confirmatory_evaluation,17,16,True,True,True,False
16079,25,confirmatory_evaluation,25,19,False,False,True,True
16081,25,confirmatory_evaluation,25,23,False,False,True,True
16082,25,confirmatory_evaluation,12,10,True,True,True,False
16087,25,confirmatory_evaluation,12,11,True,True,True,False
16090,25,confirmatory_evaluation,16,14,True,True,True,False
16092,25,confirmatory_evaluation,25,20,False,False,True,True
16094,25,confirmatory_evaluation,15,14,True,True,True,False
16095,25,confirmatory_evaluation,11,10,True,True,True,False
16096,25,confirmatory_evaluation,11,10,True,True,True,False
16097,25,confirmatory_evaluation,13,10,False,False,True,True
16098,25,confirmatory_evaluation,14,13,True,True,True,False
16100,25,confirmatory_evaluation,11,10,True,True,True,False
16101,25,confirmatory_evaluation,12,11,True,True,True,False
16103,25,confirmatory_evaluation,13,10,False,False,True,True
16114,25,confirmatory_evaluation,19,14,False,False,True,True
16115,25,confirmatory_evaluation,20,17,False,False,True,True
16118,25,confirmatory_evaluation,13,11,False,False,True,True
16119,25,confirmatory_evaluation,13,11,False,False,True,True
16120,25,confirmatory_evaluation,15,13,False,False,True,True
16122,25,confirmatory_evaluation,18,16,False,False,True,True
16124,25,confirmatory_evaluation,14,12,True,True,True,False
16126,25,confirmatory_evaluation,20,16,False,False,True,True
16130,25,confirmatory_evaluation,14,10,False,False,True,True
16131,25,confirmatory_evaluation,18,17,True,True,True,False
16133,25,confirmatory_evaluation,12,11,True,True,True,False
16135,25,confirmatory_evaluation,21,20,True,True,True,False
16139,25,confirmatory_evaluation,15,14,True,True,True,False
16141,25,confirmatory_evaluation,11,10,True,True,True,False
16142,25,confirmatory_evaluation,13,10,False,False,True,True
16144,25,confirmatory_evaluation,13,12,True,True,True,False
16150,25,confirmatory_evaluation,11,10,True,True,True,False
16151,25,confirmatory_evaluation,13,10,False,False,True,True
16152,25,confirmatory_evaluation,14,13,True,True,True,False
16156,25,confirmatory_evaluation,12,11,True,True,True,False
16157,26,confirmatory_evaluation,17,16,True,True,True,False
16158,26,confirmatory_evaluation,26,24,False,False,True,True
16159,26,confirmatory_evaluation,13,12,True,True,True,False
16160,26,confirmatory_evaluation,18,17,True,True,True,False
16161,26,confirmatory_evaluation,11,10,True,True,True,False
16162,26,confirmatory_evaluation,15,14,True,True,True,False
16163,26,confirmatory_evaluation,19,18,True,True,True,False
16164,26,confirmatory_evaluation,17,16,True,True,True,False
16165,26,confirmatory_evaluation,19,18,True,True,True,False
16166,26,confirmatory_evaluation,20,19,True,True,True,False
16168,26,confirmatory_evaluation,16,13,False,False,True,True
16169,26,confirmatory_evaluation,16,14,False,False,True,True
16170,26,confirmatory_evaluation,16,15,True,True,True,False
16171,26,confirmatory_evaluation,17,16,True,True,True,False
16172,26,confirmatory_evaluation,18,16,False,False,True,True
16173,26,confirmatory_evaluation,17,16,True,True,True,False
16174,26,confirmatory_evaluation,29,26,False,False,True,True
16175,26,confirmatory_evaluation,13,12,True,True,True,False
16176,26,confirmatory_evaluation,22,20,False,False,True,True
16177,26,confirmatory_evaluation,23,21,False,False,True,True
16179,26,confirmatory_evaluation,11,10,True,True,True,False
16180,26,confirmatory_evaluation,25,23,False,False,True,True
16182,26,confirmatory_evaluation,13,12,True,True,True,False
16183,26,confirmatory_evaluation,27,25,False,False,True,True
16185,26,confirmatory_evaluation,22,20,False,False,True,True
16186,26,confirmatory_evaluation,18,16,False,False,True,True
16188,26,confirmatory_evaluation,17,16,True,True,True,False
16189,26,confirmatory_evaluation,16,13,False,False,True,True
16190,26,confirmatory_evaluation,21,19,False,False,True,True
16191,26,confirmatory_evaluation,22,20,False,False,True,True
16193,26,confirmatory_evaluation,14,10,False,False,True,True
16194,26,confirmatory_evaluation,14,13,True,True,True,False
16196,26,confirmatory_evaluation,23,22,True,True,True,False
16197,26,confirmatory_evaluation,15,14,True,True,True,False
16198,26,confirmatory_evaluation,23,20,False,False,True,True
16199,26,confirmatory_evaluation,14,11,False,False,True,True
16200,26,confirmatory_evaluation,16,15,True,True,True,False
16201,26,confirmatory_evaluation,13,12,True,True,True,False
16202,26,confirmatory_evaluation,18,17,True,True,True,False
16203,26,confirmatory_evaluation,13,12,True,True,True,False
16204,26,confirmatory_evaluation,16,15,True,True,True,False
16206,26,confirmatory_evaluation,15,14,True,True,True,False
16207,26,confirmatory_evaluation,14,12,False,False,True,True
16208,26,confirmatory_evaluation,17,15,False,False,True,True
16209,26,confirmatory_evaluation,17,15,False,False,True,True
16210,26,confirmatory_evaluation,22,21,True,True,True,False
16212,26,confirmatory_evaluation,13,12,True,True,True,False
16213,26,confirmatory_evaluation,18,17,True,True,True,False
16214,26,confirmatory_evaluation,12,10,False,False,True,True
16215,26,confirmatory_evaluation,17,16,True,True,True,False
16216,26,confirmatory_evaluation,23,21,False,False,True,True
16218,26,confirmatory_evaluation,14,11,True,True,True,False
16223,26,confirmatory_evaluation,15,14,True,True,True,False
16224,26,confirmatory_evaluation,13,11,False,False,True,True
16225,26,confirmatory_evaluation,18,17,True,True,True,False
16226,26,confirmatory_evaluation,15,14,True,True,True,False
16229,26,confirmatory_evaluation,13,12,True,True,True,False
16230,26,confirmatory_evaluation,20,18,False,False,True,True
16231,26,confirmatory_evaluation,21,18,False,False,True,True
16232,26,confirmatory_evaluation,18,17,True,True,True,False
16235,26,confirmatory_evaluation,13,12,True,True,True,False
16245,26,confirmatory_evaluation,12,11,True,True,True,False
16247,26,confirmatory_evaluation,18,17,True,True,True,False
16249,26,confirmatory_evaluation,14,13,True,True,True,False
16250,26,confirmatory_evaluation,11,10,True,True,True,False
16251,26,confirmatory_evaluation,12,11,True,True,True,False
16252,26,confirmatory_evaluation,15,14,True,True,True,False
16265,26,confirmatory_evaluation,12,10,False,False,True,True
16270,26,confirmatory_evaluation,11,10,True,True,True,False
16276,26,confirmatory_evaluation,13,12,True,True,True,False
16277,26,confirmatory_evaluation,14,12,False,False,True,True
16280,26,confirmatory_evaluation,15,13,False,False,True,True
16281,26,confirmatory_evaluation,12,11,True,True,True,False
16282,26,confirmatory_evaluation,12,11,True,True,True,False
16284,26,confirmatory_evaluation,15,13,False,False,True,True
16286,26,confirmatory_evaluation,19,18,True,True,True,False
16287,26,confirmatory_evaluation,13,12,True,True,True,False
16289,26,confirmatory_evaluation,13,11,False,False,True,True
16290,26,confirmatory_evaluation,20,17,False,False,True,True
16293,26,confirmatory_evaluation,16,15,True,True,True,False
16294,26,confirmatory_evaluation,16,13,False,False,True,True
16295,26,confirmatory_evaluation,11,10,True,True,True,False
16297,26,confirmatory_evaluation,18,16,False,False,True,True
16298,26,confirmatory_evaluation,19,15,False,False,True,True
16299,26,confirmatory_evaluation,19,17,False,False,True,True
16302,26,confirmatory_evaluation,14,12,False,False,True,True
16303,26,confirmatory_evaluation,22,19,False,False,True,True
16304,26,confirmatory_evaluation,12,11,True,True,True,False
16305,26,confirmatory_evaluation,19,17,False,False,True,True
16307,26,confirmatory_evaluation,18,15,False,False,True,True
16308,26,confirmatory_evaluation,22,21,True,True,True,False
16310,26,confirmatory_evaluation,16,15,True,True,True,False
16311,26,confirmatory_evaluation,12,11,True,True,True,False
16312,26,confirmatory_evaluation,18,16,False,False,True,True
16313,26,confirmatory_evaluation,11,10,True,True,True,False
16314,26,confirmatory_evaluation,13,12,True,True,True,False
16315,26,confirmatory_evaluation,19,17,False,False,True,True
16318,26,confirmatory_evaluation,19,16,False,False,True,True
16319,26,confirmatory_evaluation,19,17,True,True,True,False
16320,26,confirmatory_evaluation,25,22,False,False,True,True
16321,26,confirmatory_evaluation,13,11,False,False,True,True
16322,26,confirmatory_evaluation,19,15,False,False,True,True
16324,26,confirmatory_evaluation,16,15,True,True,True,False
16327,26,confirmatory_evaluation,11,10,True,True,True,False
16328,26,confirmatory_evaluation,22,18,False,False,True,True
16329,26,confirmatory_evaluation,18,17,True,True,True,False
16330,26,confirmatory_evaluation,17,15,False,False,True,True
16333,26,confirmatory_evaluation,15,14,True,True,True,False
16334,26,confirmatory_evaluation,16,14,False,False,True,True
16335,26,confirmatory_evaluation,18,17,False,False,True,True
16336,26,confirmatory_evaluation,19,17,False,False,True,True
16337,26,confirmatory_evaluation,25,21,False,False,True,True
16338,26,confirmatory_evaluation,19,16,False,False,True,True
16339,26,confirmatory_evaluation,20,19,True,True,True,False
16340,26,confirmatory_evaluation,11,10,True,True,True,False
16343,26,confirmatory_evaluation,21,19,False,False,True,True
16344,26,confirmatory_evaluation,17,16,True,True,True,False
16345,26,confirmatory_evaluation,14,13,True,True,True,False
16346,26,confirmatory_evaluation,18,17,True,True,True,False
16347,26,confirmatory_evaluation,12,11,True,True,True,False
16348,26,confirmatory_evaluation,15,12,False,False,True,True
16349,26,confirmatory_evaluation,15,13,False,False,True,True
16350,26,confirmatory_evaluation,17,11,False,False,True,True
16351,26,confirmatory_evaluation,16,15,True,True,True,False
16353,26,confirmatory_evaluation,18,17,True,True,True,False
16354,26,confirmatory_evaluation,17,15,True,True,True,False
16356,26,confirmatory_evaluation,12,11,False,False,True,True
16357,26,confirmatory_evaluation,20,17,False,False,True,True
16359,26,confirmatory_evaluation,13,11,False,False,True,True
16360,26,confirmatory_evaluation,23,20,False,False,True,True
16361,26,confirmatory_evaluation,13,12,True,True,True,False
16362,26,confirmatory_evaluation,20,18,False,False,True,True
16363,26,confirmatory_evaluation,14,11,False,False,True,True
16365,26,confirmatory_evaluation,25,23,False,False,True,True
16367,26,confirmatory_evaluation,21,18,False,False,True,True
16369,26,confirmatory_evaluation,16,14,False,False,True,True
16370,26,confirmatory_evaluation,20,18,False,False,True,True
16376,26,confirmatory_evaluation,25,23,False,False,True,True
16381,26,confirmatory_evaluation,13,10,False,False,True,True
16382,26,confirmatory_evaluation,12,10,False,False,True,True
16384,26,confirmatory_evaluation,12,11,True,True,True,False
16388,26,confirmatory_evaluation,14,13,True,True,True,False
16400,26,confirmatory_evaluation,11,10,True,True,True,False
16405,26,confirmatory_evaluation,14,11,False,False,True,True
16414,26,confirmatory_evaluation,16,14,False,False,True,True
16415,26,confirmatory_evaluation,22,18,False,False,True,True
16416,26,confirmatory_evaluation,13,12,True,True,True,False
16418,26,confirmatory_evaluation,23,21,False,False,True,True
16419,26,confirmatory_evaluation,16,15,True,True,True,False
16420,26,confirmatory_evaluation,17,14,False,False,True,True
16422,26,confirmatory_evaluation,25,23,False,False,True,True
16424,26,confirmatory_evaluation,15,14,True,True,True,False
16427,26,confirmatory_evaluation,16,12,False,False,True,True
16428,26,confirmatory_evaluation,15,14,True,True,True,False
16429,26,confirmatory_evaluation,18,17,True,True,True,False
16430,26,confirmatory_evaluation,17,16,True,True,True,False
16432,26,confirmatory_evaluation,15,13,False,False,True,True
16433,26,confirmatory_evaluation,31,26,False,False,True,True
16434,26,confirmatory_evaluation,15,13,False,False,True,True
16437,26,confirmatory_evaluation,16,14,False,False,True,True
16438,26,confirmatory_evaluation,15,14,True,True,True,False
16440,26,confirmatory_evaluation,18,16,False,False,True,True
16442,26,confirmatory_evaluation,15,13,False,False,True,True
16443,26,confirmatory_evaluation,16,12,False,False,True,True
16445,26,confirmatory_evaluation,17,16,True,True,True,False
16446,26,confirmatory_evaluation,21,17,False,False,True,True
16447,26,confirmatory_evaluation,15,14,True,True,True,False
16448,26,confirmatory_evaluation,13,12,True,True,True,False
16449,26,confirmatory_evaluation,13,12,True,True,True,False
16450,26,confirmatory_evaluation,15,13,False,False,True,True
16451,26,confirmatory_evaluation,17,14,False,False,True,True
16452,26,confirmatory_evaluation,17,16,True,True,True,False
16453,26,confirmatory_evaluation,12,11,True,True,True,False
16454,26,confirmatory_evaluation,13,10,False,False,True,True
16455,26,confirmatory_evaluation,22,21,True,True,True,False
16456,26,confirmatory_evaluation,11,10,True,True,True,False
16457,26,confirmatory_evaluation,16,15,True,True,True,False
16458,26,confirmatory_evaluation,19,17,False,False,True,True
16460,26,confirmatory_evaluation,13,12,True,True,True,False
16461,26,confirmatory_evaluation,23,21,False,False,True,True
16463,26,confirmatory_evaluation,12,11,True,True,True,False
16464,26,confirmatory_evaluation,13,11,False,False,True,True
16466,26,confirmatory_evaluation,16,14,False,False,True,True
16468,26,confirmatory_evaluation,11,10,True,True,True,False
16469,26,confirmatory_evaluation,21,20,True,True,True,False
16470,26,confirmatory_evaluation,19,18,True,True,True,False
16471,26,confirmatory_evaluation,25,23,False,False,True,True
16474,26,confirmatory_evaluation,21,19,False,False,True,True
16477,26,confirmatory_evaluation,12,11,True,True,True,False
16479,26,confirmatory_evaluation,12,11,True,True,True,False
16481,26,confirmatory_evaluation,15,14,True,True,True,False
16483,26,confirmatory_evaluation,22,20,False,False,True,True
16485,26,confirmatory_evaluation,22,19,False,False,True,True
16486,26,confirmatory_evaluation,17,16,True,True,True,False
16490,26,confirmatory_evaluation,13,11,False,False,True,True
16493,26,confirmatory_evaluation,12,11,True,True,True,False
16495,26,confirmatory_evaluation,13,10,False,False,True,True
16497,26,confirmatory_evaluation,15,14,True,True,True,False
16499,26,confirmatory_evaluation,15,13,True,True,True,False
16500,26,confirmatory_evaluation,16,14,True,True,True,False
16502,26,confirmatory_evaluation,18,16,True,True,True,False
16505,26,confirmatory_evaluation,14,11,False,False,True,True
16512,26,confirmatory_evaluation,13,12,True,True,True,False
16517,26,confirmatory_evaluation,13,10,False,False,True,True
16525,26,confirmatory_evaluation,12,11,True,True,True,False
16526,26,confirmatory_evaluation,15,14,True,True,True,False
16528,26,confirmatory_evaluation,14,10,False,False,True,True
16529,26,confirmatory_evaluation,11,10,True,True,True,False
16530,26,confirmatory_evaluation,11,10,True,True,True,False
16531,26,confirmatory_evaluation,14,13,True,True,True,False
16532,26,confirmatory_evaluation,18,17,True,True,True,False
16533,26,confirmatory_evaluation,13,12,True,True,True,False
16534,26,confirmatory_evaluation,11,10,True,True,True,False
16536,26,confirmatory_evaluation,16,15,True,True,True,False
16537,26,confirmatory_evaluation,16,13,False,False,True,True
16539,26,confirmatory_evaluation,12,10,False,False,True,True
16540,26,confirmatory_evaluation,18,17,True,True,True,False
16541,26,confirmatory_evaluation,22,20,False,False,True,True
16543,26,confirmatory_evaluation,20,18,False,False,True,True
16544,26,confirmatory_evaluation,14,12,False,False,True,True
16545,26,confirmatory_evaluation,19,18,True,True,True,False
16546,26,confirmatory_evaluation,14,13,True,True,True,False
16547,26,confirmatory_evaluation,24,22,True,True,True,False
16548,26,confirmatory_evaluation,12,10,False,False,True,True
16549,26,confirmatory_evaluation,14,13,True,True,True,False
16550,26,confirmatory_evaluation,16,14,False,False,True,True
16551,26,confirmatory_evaluation,11,10,True,True,True,False
16552,26,confirmatory_evaluation,16,14,False,False,True,True
16554,26,confirmatory_evaluation,23,21,False,False,True,True
16555,26,confirmatory_evaluation,16,14,False,False,True,True
16557,26,confirmatory_evaluation,16,13,False,False,True,True
16559,26,confirmatory_evaluation,19,15,False,False,True,True
16560,26,confirmatory_evaluation,14,12,False,False,True,True
16562,26,confirmatory_evaluation,17,16,True,True,True,False
16564,26,confirmatory_evaluation,13,12,True,True,True,False
16565,26,confirmatory_evaluation,20,19,True,True,True,False
16566,26,confirmatory_evaluation,15,14,True,True,True,False
16567,26,confirmatory_evaluation,20,18,False,False,True,True
16568,26,confirmatory_evaluation,13,11,False,False,True,True
16569,26,confirmatory_evaluation,19,17,False,False,True,True
16570,26,confirmatory_evaluation,15,14,True,True,True,False
16571,26,confirmatory_evaluation,19,16,False,False,True,True
16573,26,confirmatory_evaluation,16,13,False,False,True,True
16574,26,confirmatory_evaluation,17,14,False,False,True,True
16576,26,confirmatory_evaluation,13,11,False,False,True,True
16577,26,confirmatory_evaluation,27,25,False,False,True,True
16579,26,confirmatory_evaluation,15,13,False,False,True,True
16580,26,confirmatory_evaluation,14,13,True,True,True,False
16582,26,confirmatory_evaluation,18,16,False,False,True,True
16584,26,confirmatory_evaluation,18,17,True,True,True,False
16586,26,confirmatory_evaluation,17,15,False,False,True,True
16587,26,confirmatory_evaluation,11,10,True,True,True,False
16588,26,confirmatory_evaluation,19,17,True,True,True,False
16589,26,confirmatory_evaluation,13,11,False,False,True,True
16590,26,confirmatory_evaluation,14,13,True,True,True,False
16591,26,confirmatory_evaluation,20,18,False,False,True,True
16593,26,confirmatory_evaluation,18,17,True,True,True,False
16594,26,confirmatory_evaluation,11,10,True,True,True,False
16595,26,confirmatory_evaluation,13,10,False,False,True,True
16599,26,confirmatory_evaluation,20,18,False,False,True,True
16606,26,confirmatory_evaluation,14,13,True,True,True,False
16612,26,confirmatory_evaluation,12,11,True,True,True,False
16617,26,confirmatory_evaluation,19,18,True,True,True,False
16620,26,confirmatory_evaluation,16,14,False,False,True,True
16621,26,confirmatory_evaluation,17,16,True,True,True,False
16622,26,confirmatory_evaluation,13,11,False,False,True,True
16624,26,confirmatory_evaluation,15,14,True,True,True,False
16625,26,confirmatory_evaluation,12,10,False,False,True,True
16639,26,confirmatory_evaluation,17,11,False,False,True,True
16642,26,confirmatory_evaluation,14,13,True,True,True,False
16644,26,confirmatory_evaluation,11,10,True,True,True,False
16645,26,confirmatory_evaluation,12,11,True,True,True,False
16646,26,confirmatory_evaluation,13,11,False,False,True,True
16650,26,confirmatory_evaluation,11,10,True,True,True,False
16651,26,confirmatory_evaluation,20,18,False,False,True,True
16652,26,confirmatory_evaluation,14,12,False,False,True,True
16653,26,confirmatory_evaluation,13,12,True,True,True,False
16655,26,confirmatory_evaluation,13,12,True,True,True,False
16656,26,confirmatory_evaluation,17,16,True,True,True,False
16657,26,confirmatory_evaluation,15,13,False,False,True,True
16658,26,confirmatory_evaluation,16,15,True,True,True,False
16659,26,confirmatory_evaluation,14,13,True,True,True,False
16660,26,confirmatory_evaluation,19,18,True,True,True,False
16661,26,confirmatory_evaluation,24,22,False,False,True,True
16662,26,confirmatory_evaluation,15,13,False,False,True,True
16663,26,confirmatory_evaluation,20,19,True,True,True,False
16664,26,confirmatory_evaluation,22,21,True,True,True,False
16665,26,confirmatory_evaluation,11,10,True,True,True,False
16666,26,confirmatory_evaluation,20,18,False,False,True,True
16667,26,confirmatory_evaluation,17,16,True,True,True,False
16668,26,confirmatory_evaluation,16,15,True,True,True,False
16669,26,confirmatory_evaluation,18,16,False,False,True,True
16670,26,confirmatory_evaluation,17,16,True,True,True,False
16671,26,confirmatory_evaluation,19,15,False,False,True,True
16672,26,confirmatory_evaluation,12,11,True,True,True,False
16673,26,confirmatory_evaluation,13,12,True,True,True,False
16674,26,confirmatory_evaluation,16,15,True,True,True,False
16675,26,confirmatory_evaluation,15,14,True,True,True,False
16676,26,confirmatory_evaluation,13,12,True,True,True,False
16677,26,confirmatory_evaluation,23,22,True,True,True,False
16678,26,confirmatory_evaluation,31,27,False,False,True,True
16680,26,confirmatory_evaluation,17,16,True,True,True,False
16682,26,confirmatory_evaluation,19,17,False,False,True,True
16683,26,confirmatory_evaluation,12,10,False,False,True,True
16684,26,confirmatory_evaluation,20,15,False,False,True,True
16685,26,confirmatory_evaluation,23,19,False,False,True,True
16686,26,confirmatory_evaluation,13,12,True,True,True,False
16687,26,confirmatory_evaluation,15,14,True,True,True,False
16688,26,confirmatory_evaluation,15,14,True,True,True,False
16690,26,confirmatory_evaluation,13,12,True,True,True,False
16691,26,confirmatory_evaluation,17,15,False,False,True,True
16692,26,confirmatory_evaluation,13,11,False,False,True,True
16693,26,confirmatory_evaluation,14,13,True,True,True,False
16694,26,confirmatory_evaluation,19,17,False,False,True,True
16695,26,confirmatory_evaluation,16,14,False,False,True,True
16696,26,confirmatory_evaluation,18,17,True,True,True,False
16697,26,confirmatory_evaluation,15,13,False,False,True,True
16698,26,confirmatory_evaluation,21,18,False,False,True,True
16700,26,confirmatory_evaluation,19,16,False,False,True,True
16701,26,confirmatory_evaluation,21,20,True,True,True,False
16705,26,confirmatory_evaluation,15,12,False,False,True,True
16706,26,confirmatory_evaluation,20,19,True,True,True,False
16707,26,confirmatory_evaluation,21,20,False,False,True,True
16709,26,confirmatory_evaluation,22,19,False,False,True,True
16710,26,confirmatory_evaluation,23,21,False,False,True,True
16712,26,confirmatory_evaluation,15,13,False,False,True,True
16714,26,confirmatory_evaluation,22,21,False,False,True,True
16719,26,confirmatory_evaluation,12,11,True,True,True,False
16721,26,confirmatory_evaluation,22,19,False,False,True,True
16723,26,confirmatory_evaluation,17,14,False,False,True,True
16724,26,confirmatory_evaluation,13,12,True,True,True,False
16725,26,confirmatory_evaluation,17,15,False,False,True,True
16726,26,confirmatory_evaluation,16,14,False,False,True,True
16729,26,confirmatory_evaluation,21,19,False,False,True,True
16730,26,confirmatory_evaluation,16,14,True,True,True,False
16732,26,confirmatory_evaluation,14,13,True,True,True,False
16733,26,confirmatory_evaluation,13,12,True,True,True,False
16734,26,confirmatory_evaluation,13,12,True,True,True,False
16743,26,confirmatory_evaluation,11,10,True,True,True,False
16745,26,confirmatory_evaluation,14,13,True,True,True,False
16746,26,confirmatory_evaluation,20,16,False,False,True,True
16748,26,confirmatory_evaluation,20,17,False,False,True,True
16749,26,confirmatory_evaluation,13,11,False,False,True,True
16750,26,confirmatory_evaluation,20,18,False,False,True,True
16752,26,confirmatory_evaluation,13,11,False,False,True,True
16754,26,confirmatory_evaluation,12,10,False,False,True,True
16757,26,confirmatory_evaluation,13,12,True,True,True,False
16759,26,confirmatory_evaluation,25,22,False,False,True,True
16760,26,confirmatory_evaluation,17,15,False,False,True,True
16764,26,confirmatory_evaluation,15,13,False,False,True,True
16766,26,confirmatory_evaluation,15,12,False,False,True,True
16768,26,confirmatory_evaluation,15,13,False,False,True,True
16775,26,confirmatory_evaluation,11,10,True,True,True,False
16776,26,confirmatory_evaluation,14,12,False,False,True,True
16778,26,confirmatory_evaluation,14,13,True,True,True,False
16782,26,confirmatory_evaluation,11,10,True,True,True,False
16783,26,confirmatory_evaluation,18,17,True,True,True,False
16784,27,confirmatory_evaluation,15,14,True,True,True,False
16785,27,confirmatory_evaluation,13,11,False,False,True,True
16786,27,confirmatory_evaluation,11,10,True,True,True,False
16788,27,confirmatory_evaluation,13,12,True,True,True,False
16789,27,confirmatory_evaluation,14,13,True,True,True,False
16790,27,confirmatory_evaluation,13,12,True,True,True,False
16791,27,confirmatory_evaluation,18,17,True,True,True,False
16792,27,confirmatory_evaluation,13,12,True,True,True,False
16793,27,confirmatory_evaluation,25,21,False,False,True,True
16794,27,confirmatory_evaluation,12,10,False,False,True,True
16795,27,confirmatory_evaluation,15,14,True,True,True,False
16796,27,confirmatory_evaluation,16,15,True,True,True,False
16797,27,confirmatory_evaluation,18,17,True,True,True,False
16798,27,confirmatory_evaluation,18,17,True,True,True,False
16799,27,confirmatory_evaluation,14,11,False,False,True,True
16800,27,confirmatory_evaluation,19,15,False,False,True,True
16802,27,confirmatory_evaluation,12,11,True,True,True,False
16805,27,confirmatory_evaluation,15,14,True,True,True,False
16806,27,confirmatory_evaluation,16,14,False,False,True,True
16807,27,confirmatory_evaluation,13,12,True,True,True,False
16810,27,confirmatory_evaluation,12,11,True,True,True,False
16811,27,confirmatory_evaluation,12,11,True,True,True,False
16812,27,confirmatory_evaluation,12,11,True,True,True,False
16813,27,confirmatory_evaluation,19,17,False,False,True,True
16815,27,confirmatory_evaluation,12,11,True,True,True,False
16816,27,confirmatory_evaluation,16,14,False,False,True,True
16817,27,confirmatory_evaluation,15,14,True,True,True,False
16818,27,confirmatory_evaluation,17,16,True,True,True,False
16819,27,confirmatory_evaluation,22,20,False,False,True,True
16820,27,confirmatory_evaluation,16,14,False,False,True,True
16821,27,confirmatory_evaluation,15,14,True,True,True,False
16822,27,confirmatory_evaluation,11,10,True,True,True,False
16823,27,confirmatory_evaluation,14,13,True,True,True,False
16824,27,confirmatory_evaluation,19,17,False,False,True,True
16826,27,confirmatory_evaluation,15,14,True,True,True,False
16827,27,confirmatory_evaluation,13,12,True,True,True,False
16828,27,confirmatory_evaluation,24,20,False,False,True,True
16829,27,confirmatory_evaluation,14,13,True,True,True,False
16830,27,confirmatory_evaluation,18,17,True,True,True,False
16831,27,confirmatory_evaluation,12,11,True,True,True,False
16832,27,confirmatory_evaluation,15,14,True,True,True,False
16833,27,confirmatory_evaluation,14,12,False,False,True,True
16835,27,confirmatory_evaluation,12,11,True,True,True,False
16838,27,confirmatory_evaluation,20,19,True,True,True,False
16840,27,confirmatory_evaluation,11,10,True,True,True,False
16841,27,confirmatory_evaluation,13,11,False,False,True,True
16845,27,confirmatory_evaluation,11,10,True,True,True,False
16849,27,confirmatory_evaluation,14,13,True,True,True,False
16851,27,confirmatory_evaluation,17,15,False,False,True,True
16860,27,confirmatory_evaluation,16,15,True,True,True,False
16861,27,confirmatory_evaluation,19,18,True,True,True,False
16868,27,confirmatory_evaluation,17,16,True,True,True,False
16874,27,confirmatory_evaluation,14,13,True,True,True,False
16887,27,confirmatory_evaluation,13,12,True,True,True,False
16890,27,confirmatory_evaluation,14,13,True,True,True,False
16892,27,confirmatory_evaluation,11,10,True,True,True,False
16897,27,confirmatory_evaluation,12,11,True,True,True,False
16899,27,confirmatory_evaluation,21,18,False,False,True,True
16900,27,confirmatory_evaluation,18,17,True,True,True,False
16901,27,confirmatory_evaluation,20,17,False,False,True,True
16902,27,confirmatory_evaluation,15,13,False,False,True,True
16903,27,confirmatory_evaluation,17,16,True,True,True,False
16905,27,confirmatory_evaluation,18,15,False,False,True,True
16906,27,confirmatory_evaluation,19,16,False,False,True,True
16909,27,confirmatory_evaluation,19,17,False,False,True,True
16910,27,confirmatory_evaluation,14,12,False,False,True,True
16911,27,confirmatory_evaluation,11,10,True,True,True,False
16912,27,confirmatory_evaluation,12,11,True,True,True,False
16913,27,confirmatory_evaluation,13,12,True,True,True,False
16914,27,confirmatory_evaluation,18,17,True,True,True,False
16915,27,confirmatory_evaluation,16,15,True,True,True,False
16916,27,confirmatory_evaluation,11,10,True,True,True,False
16918,27,confirmatory_evaluation,11,10,True,True,True,False
16919,27,confirmatory_evaluation,12,11,True,True,True,False
16920,27,confirmatory_evaluation,14,13,True,True,True,False
16921,27,confirmatory_evaluation,13,12,True,True,True,False
16922,27,confirmatory_evaluation,23,20,False,False,True,True
16923,27,confirmatory_evaluation,19,18,True,True,True,False
16925,27,confirmatory_evaluation,15,13,False,False,True,True
16926,27,confirmatory_evaluation,11,10,True,True,True,False
16927,27,confirmatory_evaluation,12,10,False,False,True,True
16930,27,confirmatory_evaluation,16,14,False,False,True,True
16931,27,confirmatory_evaluation,17,15,False,False,True,True
16932,27,confirmatory_evaluation,22,20,False,False,True,True
16933,27,confirmatory_evaluation,11,10,True,True,True,False
16935,27,confirmatory_evaluation,28,25,False,False,True,True
16936,27,confirmatory_evaluation,17,16,True,True,True,False
16937,27,confirmatory_evaluation,14,12,False,False,True,True
16938,27,confirmatory_evaluation,17,16,True,True,True,False
16939,27,confirmatory_evaluation,13,12,True,True,True,False
16940,27,confirmatory_evaluation,11,10,True,True,True,False
16941,27,confirmatory_evaluation,23,19,False,False,True,True
16942,27,confirmatory_evaluation,15,14,True,True,True,False
16943,27,confirmatory_evaluation,12,10,False,False,True,True
16944,27,confirmatory_evaluation,23,14,False,False,True,True
16946,27,confirmatory_evaluation,21,18,False,False,True,True
16948,27,confirmatory_evaluation,13,12,True,True,True,False
16949,27,confirmatory_evaluation,16,15,True,True,True,False
16950,27,confirmatory_evaluation,13,12,True,True,True,False
16951,27,confirmatory_evaluation,12,11,True,True,True,False
16953,27,confirmatory_evaluation,19,17,False,False,True,True
16956,27,confirmatory_evaluation,11,10,True,True,True,False
16957,27,confirmatory_evaluation,18,17,True,True,True,False
16961,27,confirmatory_evaluation,16,14,False,False,True,True
16962,27,confirmatory_evaluation,13,12,True,True,True,False
16963,27,confirmatory_evaluation,23,20,False,False,True,True
16964,27,confirmatory_evaluation,12,11,True,True,True,False
16966,27,confirmatory_evaluation,18,16,False,False,True,True
16969,27,confirmatory_evaluation,14,13,True,True,True,False
16973,27,confirmatory_evaluation,14,13,True,True,True,False
16975,27,confirmatory_evaluation,21,19,False,False,True,True
16976,27,confirmatory_evaluation,25,22,False,False,True,True
16977,27,confirmatory_evaluation,17,14,False,False,True,True
16979,27,confirmatory_evaluation,15,13,False,False,True,True
16982,27,confirmatory_evaluation,14,13,True,True,True,False
16987,27,confirmatory_evaluation,12,11,True,True,True,False
16991,27,confirmatory_evaluation,14,13,True,True,True,False
16994,27,confirmatory_evaluation,12,11,True,True,True,False
17011,27,confirmatory_evaluation,11,10,True,True,True,False
17019,27,confirmatory_evaluation,12,11,True,True,True,False
17020,27,confirmatory_evaluation,13,11,False,False,True,True
17022,27,confirmatory_evaluation,11,10,True,True,True,False
17023,27,confirmatory_evaluation,14,13,True,True,True,False
17024,27,confirmatory_evaluation,20,19,True,True,True,False
17025,27,confirmatory_evaluation,14,13,True,True,True,False
17026,27,confirmatory_evaluation,11,10,True,True,True,False
17027,27,confirmatory_evaluation,15,13,False,False,True,True
17029,27,confirmatory_evaluation,15,14,True,True,True,False
17031,27,confirmatory_evaluation,13,12,True,True,True,False
17032,27,confirmatory_evaluation,12,11,True,True,True,False
17033,27,confirmatory_evaluation,11,10,True,True,True,False
17034,27,confirmatory_evaluation,17,15,False,False,True,True
17037,27,confirmatory_evaluation,16,15,True,True,True,False
17038,27,confirmatory_evaluation,11,10,True,True,True,False
17040,27,confirmatory_evaluation,11,10,True,True,True,False
17041,27,confirmatory_evaluation,21,19,False,False,True,True
17043,27,confirmatory_evaluation,11,10,True,True,True,False
17044,27,confirmatory_evaluation,14,11,False,False,True,True
17046,27,confirmatory_evaluation,11,10,True,True,True,False
17048,27,confirmatory_evaluation,26,23,False,False,True,True
17049,27,confirmatory_evaluation,13,11,True,False,True,False
17050,27,confirmatory_evaluation,29,26,False,False,True,True
17051,27,confirmatory_evaluation,11,10,True,True,True,False
17055,27,confirmatory_evaluation,14,13,True,True,True,False
17056,27,confirmatory_evaluation,18,14,False,False,True,True
17057,27,confirmatory_evaluation,14,13,True,True,True,False
17058,27,confirmatory_evaluation,13,12,True,True,True,False
17060,27,confirmatory_evaluation,16,13,True,True,True,False
17062,27,confirmatory_evaluation,11,10,True,True,True,False
17064,27,confirmatory_evaluation,11,10,True,True,True,False
17067,27,confirmatory_evaluation,13,12,True,True,True,False
17069,27,confirmatory_evaluation,16,14,False,False,True,True
17070,27,confirmatory_evaluation,23,20,False,False,True,True
17071,27,confirmatory_evaluation,13,11,False,False,True,True
17072,27,confirmatory_evaluation,20,19,True,True,True,False
17073,27,confirmatory_evaluation,16,15,True,True,True,False
17074,27,confirmatory_evaluation,15,14,True,True,True,False
17075,27,confirmatory_evaluation,11,10,True,True,True,False
17076,27,confirmatory_evaluation,13,10,False,False,True,True
17078,27,confirmatory_evaluation,20,17,False,False,True,True
17080,27,confirmatory_evaluation,13,12,True,True,True,False
17083,27,confirmatory_evaluation,21,20,True,True,True,False
17084,27,confirmatory_evaluation,17,16,True,True,True,False
17085,27,confirmatory_evaluation,12,11,True,True,True,False
17086,27,confirmatory_evaluation,11,10,True,True,True,False
17088,27,confirmatory_evaluation,25,24,True,True,True,False
17093,27,confirmatory_evaluation,15,12,False,False,True,True
17095,27,confirmatory_evaluation,15,14,True,True,True,False
17096,27,confirmatory_evaluation,15,13,False,False,True,True
17099,27,confirmatory_evaluation,13,11,False,False,True,True
17103,27,confirmatory_evaluation,19,15,False,False,True,True
17104,27,confirmatory_evaluation,14,13,True,True,True,False
17110,27,confirmatory_evaluation,13,12,True,True,True,False
17111,27,confirmatory_evaluation,14,13,True,True,True,False
17114,27,confirmatory_evaluation,14,13,True,True,True,False
17117,27,confirmatory_evaluation,17,16,True,True,True,False
17118,27,confirmatory_evaluation,13,11,False,False,True,True
17124,27,confirmatory_evaluation,15,14,True,True,True,False
17132,27,confirmatory_evaluation,12,11,True,True,True,False
17139,27,confirmatory_evaluation,14,13,True,True,True,False
17143,27,confirmatory_evaluation,16,15,True,True,True,False
17144,27,confirmatory_evaluation,13,11,True,True,True,False
17145,27,confirmatory_evaluation,17,16,True,True,True,False
17146,27,confirmatory_evaluation,16,15,True,True,True,False
17147,27,confirmatory_evaluation,23,21,False,False,True,True
17149,27,confirmatory_evaluation,16,15,True,True,True,False
17150,27,confirmatory_evaluation,12,11,True,True,True,False
17151,27,confirmatory_evaluation,12,10,False,False,True,True
17152,27,confirmatory_evaluation,16,14,False,False,True,True
17153,27,confirmatory_evaluation,21,20,True,True,True,False
17155,27,confirmatory_evaluation,16,14,False,False,True,True
17158,27,confirmatory_evaluation,18,15,False,False,True,True
17159,27,confirmatory_evaluation,17,15,False,False,True,True
17160,27,confirmatory_evaluation,15,14,True,True,True,False
17162,27,confirmatory_evaluation,18,16,False,False,True,True
17163,27,confirmatory_evaluation,14,13,True,True,True,False
17165,27,confirmatory_evaluation,18,16,True,True,True,False
17167,27,confirmatory_evaluation,15,13,False,False,True,True
17169,27,confirmatory_evaluation,15,14,True,True,True,False
17170,27,confirmatory_evaluation,13,12,True,True,True,False
17172,27,confirmatory_evaluation,11,10,True,True,True,False
17173,27,confirmatory_evaluation,18,17,True,True,True,False
17174,27,confirmatory_evaluation,11,10,True,True,True,False
17176,27,confirmatory_evaluation,22,18,False,False,True,True
17177,27,confirmatory_evaluation,19,14,False,False,True,True
17178,27,confirmatory_evaluation,19,17,False,False,True,True
17180,27,confirmatory_evaluation,13,12,True,True,True,False
17182,27,confirmatory_evaluation,19,16,False,False,True,True
17183,27,confirmatory_evaluation,14,13,True,True,True,False
17184,27,confirmatory_evaluation,19,16,False,False,True,True
17185,27,confirmatory_evaluation,15,14,True,True,True,False
17186,27,confirmatory_evaluation,16,15,True,True,True,False
17187,27,confirmatory_evaluation,13,12,True,True,True,False
17188,27,confirmatory_evaluation,16,13,False,False,True,True
17190,27,confirmatory_evaluation,14,12,False,False,True,True
17192,27,confirmatory_evaluation,17,15,False,False,True,True
17193,27,confirmatory_evaluation,14,13,True,True,True,False
17195,27,confirmatory_evaluation,11,10,True,True,True,False
17196,27,confirmatory_evaluation,14,12,False,False,True,True
17198,27,confirmatory_evaluation,21,20,True,True,True,False
17199,27,confirmatory_evaluation,16,14,False,False,True,True
17202,27,confirmatory_evaluation,16,15,True,True,True,False
17203,27,confirmatory_evaluation,15,13,False,False,True,True
17204,27,confirmatory_evaluation,18,16,False,False,True,True
17205,27,confirmatory_evaluation,17,14,False,False,True,True
17207,27,confirmatory_evaluation,13,11,False,False,True,True
17208,27,confirmatory_evaluation,12,10,False,False,True,True
17209,27,confirmatory_evaluation,13,12,True,True,True,False
17210,27,confirmatory_evaluation,17,15,False,False,True,True
17211,27,confirmatory_evaluation,16,15,True,True,True,False
17215,27,confirmatory_evaluation,12,11,True,True,True,False
17216,27,confirmatory_evaluation,11,10,True,True,True,False
17217,27,confirmatory_evaluation,14,13,True,True,True,False
17219,27,confirmatory_evaluation,18,17,True,True,True,False
17221,27,confirmatory_evaluation,12,11,True,True,True,False
17223,27,confirmatory_evaluation,23,20,False,False,True,True
17227,27,confirmatory_evaluation,18,16,False,False,True,True
17231,27,confirmatory_evaluation,15,14,True,True,True,False
17232,27,confirmatory_evaluation,12,11,True,True,True,False
17236,27,confirmatory_evaluation,17,16,True,True,True,False
17238,27,confirmatory_evaluation,24,23,True,True,True,False
17239,27,confirmatory_evaluation,15,14,True,True,True,False
17245,27,confirmatory_evaluation,14,12,True,True,True,False
17248,27,confirmatory_evaluation,15,12,False,False,True,True
17252,27,confirmatory_evaluation,11,10,True,True,True,False
17264,27,confirmatory_evaluation,13,10,False,False,True,True
17266,27,confirmatory_evaluation,16,13,True,True,True,False
17267,27,confirmatory_evaluation,17,14,False,False,True,True
17268,27,confirmatory_evaluation,26,23,False,False,True,True
17269,27,confirmatory_evaluation,15,13,False,False,True,True
17270,27,confirmatory_evaluation,20,18,False,False,True,True
17271,27,confirmatory_evaluation,19,18,False,False,True,True
17272,27,confirmatory_evaluation,17,15,False,False,True,True
17273,27,confirmatory_evaluation,15,13,False,False,True,True
17274,27,confirmatory_evaluation,16,14,False,False,True,True
17275,27,confirmatory_evaluation,25,22,False,False,True,True
17276,27,confirmatory_evaluation,16,15,True,True,True,False
17277,27,confirmatory_evaluation,15,11,False,False,True,True
17278,27,confirmatory_evaluation,16,14,False,False,True,True
17279,27,confirmatory_evaluation,12,10,False,False,True,True
17280,27,confirmatory_evaluation,20,16,False,False,True,True
17281,27,confirmatory_evaluation,23,22,True,True,True,False
17282,27,confirmatory_evaluation,14,12,False,False,True,True
17283,27,confirmatory_evaluation,18,16,False,False,True,True
17284,27,confirmatory_evaluation,13,12,True,True,True,False
17285,27,confirmatory_evaluation,17,15,False,False,True,True
17287,27,confirmatory_evaluation,12,11,True,True,True,False
17289,27,confirmatory_evaluation,23,21,False,False,True,True
17290,27,confirmatory_evaluation,12,11,True,True,True,False
17292,27,confirmatory_evaluation,15,12,False,False,True,True
17293,27,confirmatory_evaluation,18,15,False,False,True,True
17295,27,confirmatory_evaluation,17,16,True,True,True,False
17296,27,confirmatory_evaluation,14,10,False,False,True,True
17297,27,confirmatory_evaluation,13,12,True,True,True,False
17298,27,confirmatory_evaluation,25,21,False,False,True,True
17299,27,confirmatory_evaluation,19,17,False,False,True,True
17301,27,confirmatory_evaluation,19,18,True,True,True,False
17302,27,confirmatory_evaluation,14,11,False,False,True,True
17303,27,confirmatory_evaluation,14,12,False,False,True,True
17305,27,confirmatory_evaluation,15,12,False,False,True,True
17307,27,confirmatory_evaluation,14,13,True,True,True,False
17308,27,confirmatory_evaluation,18,16,False,False,True,True
17309,27,confirmatory_evaluation,17,13,False,False,True,True
17310,27,confirmatory_evaluation,11,10,True,True,True,False
17312,27,confirmatory_evaluation,16,15,True,True,True,False
17313,27,confirmatory_evaluation,19,16,False,False,True,True
17314,27,confirmatory_evaluation,15,12,False,False,True,True
17315,27,confirmatory_evaluation,12,11,True,True,True,False
17316,27,confirmatory_evaluation,16,14,False,False,True,True
17317,27,confirmatory_evaluation,13,10,False,False,True,True
17319,27,confirmatory_evaluation,16,14,False,False,True,True
17320,27,confirmatory_evaluation,13,11,False,False,True,True
17321,27,confirmatory_evaluation,15,14,True,True,True,False
17322,27,confirmatory_evaluation,17,16,True,True,True,False
17323,27,confirmatory_evaluation,13,12,True,True,True,False
17324,27,confirmatory_evaluation,14,12,False,False,True,True
17326,27,confirmatory_evaluation,18,16,False,False,True,True
17327,27,confirmatory_evaluation,12,11,False,False,True,True
17328,27,confirmatory_evaluation,17,16,True,True,True,False
17329,27,confirmatory_evaluation,12,11,True,True,True,False
17333,27,confirmatory_evaluation,15,12,False,False,True,True
17334,27,confirmatory_evaluation,13,11,False,False,True,True
17338,27,confirmatory_evaluation,18,17,True,True,True,False
17345,27,confirmatory_evaluation,11,10,True,True,True,False
17346,27,confirmatory_evaluation,11,10,True,True,True,False
17347,27,confirmatory_evaluation,11,10,True,True,True,False
17350,27,confirmatory_evaluation,14,12,False,False,True,True
17351,27,confirmatory_evaluation,14,13,True,True,True,False
17352,27,confirmatory_evaluation,19,16,False,False,True,True
17353,27,confirmatory_evaluation,18,17,True,True,True,False
17354,27,confirmatory_evaluation,13,12,True,True,True,False
17360,27,confirmatory_evaluation,11,10,True,True,True,False
17363,27,confirmatory_evaluation,12,10,False,False,True,True
17365,27,confirmatory_evaluation,13,11,False,False,True,True
17366,27,confirmatory_evaluation,13,11,False,False,True,True
17368,27,confirmatory_evaluation,11,10,True,True,True,False
17369,27,confirmatory_evaluation,20,17,False,False,True,True
17371,27,confirmatory_evaluation,13,12,True,True,True,False
17372,27,confirmatory_evaluation,13,12,True,True,True,False
17373,27,confirmatory_evaluation,15,13,False,False,True,True
17374,27,confirmatory_evaluation,21,17,False,False,True,True
17375,27,confirmatory_evaluation,21,20,True,True,True,False
17377,27,confirmatory_evaluation,17,15,False,False,True,True
17379,27,confirmatory_evaluation,21,19,False,False,True,True
17380,27,confirmatory_evaluation,13,12,True,True,True,False
17381,27,confirmatory_evaluation,14,12,False,False,True,True
17382,27,confirmatory_evaluation,12,11,True,True,True,False
17385,27,confirmatory_evaluation,14,13,True,True,True,False
17391,27,confirmatory_evaluation,14,13,True,True,True,False
17392,27,confirmatory_evaluation,12,11,True,True,True,False
17396,27,confirmatory_evaluation,11,10,True,True,True,False
17397,27,confirmatory_evaluation,11,10,True,True,True,False
17398,28,confirmatory_evaluation,11,10,True,True,True,False
17399,28,confirmatory_evaluation,12,11,True,True,True,False
17400,28,confirmatory_evaluation,14,13,True,True,True,False
17402,28,confirmatory_evaluation,12,11,True,True,True,False
17403,28,confirmatory_evaluation,11,10,True,True,True,False
17404,28,confirmatory_evaluation,15,14,True,True,True,False
17407,28,confirmatory_evaluation,15,14,True,True,True,False
17409,28,confirmatory_evaluation,16,15,True,True,True,False
17410,28,confirmatory_evaluation,17,15,False,False,True,True
17411,28,confirmatory_evaluation,18,17,True,True,True,False
17412,28,confirmatory_evaluation,14,13,True,True,True,False
17413,28,confirmatory_evaluation,20,18,False,False,True,True
17416,28,confirmatory_evaluation,12,11,True,True,True,False
17417,28,confirmatory_evaluation,15,12,False,False,True,True
17420,28,confirmatory_evaluation,20,18,False,False,True,True
17421,28,confirmatory_evaluation,15,14,True,True,True,False
17423,28,confirmatory_evaluation,21,19,False,False,True,True
17425,28,confirmatory_evaluation,12,11,True,True,True,False
17426,28,confirmatory_evaluation,12,11,True,True,True,False
17427,28,confirmatory_evaluation,13,12,True,True,True,False
17428,28,confirmatory_evaluation,16,14,True,True,True,False
17430,28,confirmatory_evaluation,15,12,False,False,True,True
17431,28,confirmatory_evaluation,13,10,False,False,True,True
17432,28,confirmatory_evaluation,20,19,True,True,True,False
17433,28,confirmatory_evaluation,19,16,False,False,True,True
17434,28,confirmatory_evaluation,15,13,False,False,True,True
17436,28,confirmatory_evaluation,28,26,False,False,True,True
17437,28,confirmatory_evaluation,11,10,True,True,True,False
17441,28,confirmatory_evaluation,21,20,True,True,True,False
17442,28,confirmatory_evaluation,12,11,True,True,True,False
17443,28,confirmatory_evaluation,12,11,True,True,True,False
17444,28,confirmatory_evaluation,12,11,True,True,True,False
17445,28,confirmatory_evaluation,16,15,True,True,True,False
17446,28,confirmatory_evaluation,18,15,False,False,True,True
17447,28,confirmatory_evaluation,16,14,False,False,True,True
17450,28,confirmatory_evaluation,13,12,True,True,True,False
17451,28,confirmatory_evaluation,21,20,True,True,True,False
17453,28,confirmatory_evaluation,13,12,True,True,True,False
17454,28,confirmatory_evaluation,13,11,False,False,True,True
17455,28,confirmatory_evaluation,12,11,True,True,True,False
17457,28,confirmatory_evaluation,16,14,False,False,True,True
17458,28,confirmatory_evaluation,26,23,False,False,True,True
17459,28,confirmatory_evaluation,19,16,False,False,True,True
17460,28,confirmatory_evaluation,12,11,True,True,True,False
17461,28,confirmatory_evaluation,15,11,False,False,True,True
17462,28,confirmatory_evaluation,14,13,True,True,True,False
17463,28,confirmatory_evaluation,18,17,True,True,True,False
17464,28,confirmatory_evaluation,13,12,True,True,True,False
17465,28,confirmatory_evaluation,22,19,False,False,True,True
17467,28,confirmatory_evaluation,15,12,True,True,True,False
17468,28,confirmatory_evaluation,16,15,True,True,True,False
17470,28,confirmatory_evaluation,13,11,False,False,True,True
17471,28,confirmatory_evaluation,11,10,True,True,True,False
17477,28,confirmatory_evaluation,22,21,True,True,True,False
17478,28,confirmatory_evaluation,11,10,True,True,True,False
17483,28,confirmatory_evaluation,14,13,True,True,True,False
17486,28,confirmatory_evaluation,15,11,False,False,True,True
17487,28,confirmatory_evaluation,14,13,True,True,True,False
17490,28,confirmatory_evaluation,13,12,True,True,True,False
17492,28,confirmatory_evaluation,15,14,True,True,True,False
17506,28,confirmatory_evaluation,14,13,True,True,True,False
17510,28,confirmatory_evaluation,13,12,True,True,True,False
17517,28,confirmatory_evaluation,12,11,True,True,True,False
17518,28,confirmatory_evaluation,14,13,True,True,True,False
17519,28,confirmatory_evaluation,14,12,True,False,True,False
17520,28,confirmatory_evaluation,14,13,True,True,True,False
17521,28,confirmatory_evaluation,17,15,False,False,True,True
17522,28,confirmatory_evaluation,13,12,True,True,True,False
17523,28,confirmatory_evaluation,13,12,True,True,True,False
17524,28,confirmatory_evaluation,15,14,True,True,True,False
17525,28,confirmatory_evaluation,14,13,True,True,True,False
17526,28,confirmatory_evaluation,11,10,True,True,True,False
17527,28,confirmatory_evaluation,14,13,True,True,True,False
17528,28,confirmatory_evaluation,19,17,False,False,True,True
17532,28,confirmatory_evaluation,27,25,False,False,True,True
17533,28,confirmatory_evaluation,17,15,False,False,True,True
17535,28,confirmatory_evaluation,11,10,True,True,True,False
17536,28,confirmatory_evaluation,14,13,True,True,True,False
17539,28,confirmatory_evaluation,11,10,True,True,True,False
17541,28,confirmatory_evaluation,24,21,False,False,True,True
17542,28,confirmatory_evaluation,22,19,False,False,True,True
17543,28,confirmatory_evaluation,13,12,True,True,True,False
17544,28,confirmatory_evaluation,15,14,True,True,True,False
17545,28,confirmatory_evaluation,12,10,False,False,True,True
17549,28,confirmatory_evaluation,15,14,True,True,True,False
17553,28,confirmatory_evaluation,18,17,True,True,True,False
17554,28,confirmatory_evaluation,14,13,True,True,True,False
17556,28,confirmatory_evaluation,11,10,True,True,True,False
17557,28,confirmatory_evaluation,18,17,True,True,True,False
17558,28,confirmatory_evaluation,13,12,True,True,True,False
17559,28,confirmatory_evaluation,16,15,True,True,True,False
17560,28,confirmatory_evaluation,19,17,False,False,True,True
17562,28,confirmatory_evaluation,22,21,True,True,True,False
17563,28,confirmatory_evaluation,18,15,False,False,True,True
17565,28,confirmatory_evaluation,13,12,True,True,True,False
17566,28,confirmatory_evaluation,14,12,False,False,True,True
17567,28,confirmatory_evaluation,13,11,False,False,True,True
17568,28,confirmatory_evaluation,13,12,False,False,True,True
17569,28,confirmatory_evaluation,14,11,False,False,True,True
17570,28,confirmatory_evaluation,13,12,False,False,True,True
17571,28,confirmatory_evaluation,17,16,True,True,True,False
17576,28,confirmatory_evaluation,12,11,True,True,True,False
17577,28,confirmatory_evaluation,12,11,True,True,True,False
17578,28,confirmatory_evaluation,13,11,False,False,True,True
17582,28,confirmatory_evaluation,21,18,False,False,True,True
17584,28,confirmatory_evaluation,13,11,False,False,True,True
17587,28,confirmatory_evaluation,19,18,True,True,True,False
17590,28,confirmatory_evaluation,13,11,False,False,True,True
17595,28,confirmatory_evaluation,17,15,False,False,True,True
17596,28,confirmatory_evaluation,17,16,True,True,True,False
17597,28,confirmatory_evaluation,16,14,False,False,True,True
17600,28,confirmatory_evaluation,23,22,True,True,True,False
17603,28,confirmatory_evaluation,13,12,True,True,True,False
17604,28,confirmatory_evaluation,17,14,False,False,True,True
17605,28,confirmatory_evaluation,14,13,True,True,True,False
17607,28,confirmatory_evaluation,13,12,True,True,True,False
17609,28,confirmatory_evaluation,12,10,False,False,True,True
17611,28,confirmatory_evaluation,17,16,True,True,True,False
17613,28,confirmatory_evaluation,14,13,True,True,True,False
17619,28,confirmatory_evaluation,11,10,True,True,True,False
17630,28,confirmatory_evaluation,12,11,True,True,True,False
17631,28,confirmatory_evaluation,13,12,True,True,True,False
17632,28,confirmatory_evaluation,14,13,True,True,True,False
17634,28,confirmatory_evaluation,14,13,True,True,True,False
17635,28,confirmatory_evaluation,22,20,False,False,True,True
17639,28,confirmatory_evaluation,13,10,False,False,True,True
17640,28,confirmatory_evaluation,20,19,True,True,True,False
17641,28,confirmatory_evaluation,18,16,False,False,True,True
17642,28,confirmatory_evaluation,13,11,False,False,True,True
17643,28,confirmatory_evaluation,17,13,False,False,True,True
17645,28,confirmatory_evaluation,12,11,True,True,True,False
17646,28,confirmatory_evaluation,16,15,True,True,True,False
17649,28,confirmatory_evaluation,14,11,False,False,True,True
17650,28,confirmatory_evaluation,13,12,True,True,True,False
17656,28,confirmatory_evaluation,13,11,False,False,True,True
17657,28,confirmatory_evaluation,17,16,True,True,True,False
17659,28,confirmatory_evaluation,12,11,True,True,True,False
17661,28,confirmatory_evaluation,18,17,True,True,True,False
17662,28,confirmatory_evaluation,22,21,True,True,True,False
17664,28,confirmatory_evaluation,15,12,False,False,True,True
17665,28,confirmatory_evaluation,14,12,False,False,True,True
17666,28,confirmatory_evaluation,18,13,False,False,True,True
17667,28,confirmatory_evaluation,23,22,True,True,True,False
17669,28,confirmatory_evaluation,16,15,True,True,True,False
17670,28,confirmatory_evaluation,12,10,False,False,True,True
17671,28,confirmatory_evaluation,13,12,True,True,True,False
17673,28,confirmatory_evaluation,13,12,True,True,True,False
17675,28,confirmatory_evaluation,14,13,True,True,True,False
17676,28,confirmatory_evaluation,17,16,True,True,True,False
17678,28,confirmatory_evaluation,12,11,True,True,True,False
17679,28,confirmatory_evaluation,18,16,False,False,True,True
17681,28,confirmatory_evaluation,11,10,True,True,True,False
17682,28,confirmatory_evaluation,16,15,True,True,True,False
17684,28,confirmatory_evaluation,15,14,True,True,True,False
17686,28,confirmatory_evaluation,21,16,False,False,True,True
17687,28,confirmatory_evaluation,14,13,True,True,True,False
17692,28,confirmatory_evaluation,18,17,True,True,True,False
17693,28,confirmatory_evaluation,11,10,True,True,True,False
17694,28,confirmatory_evaluation,13,12,True,True,True,False
17696,28,confirmatory_evaluation,12,11,True,True,True,False
17700,28,confirmatory_evaluation,12,11,True,True,True,False
17704,28,confirmatory_evaluation,15,14,True,True,True,False
17712,28,confirmatory_evaluation,17,15,False,False,True,True
17713,28,confirmatory_evaluation,13,12,True,True,True,False
17719,28,confirmatory_evaluation,15,14,True,True,True,False
17721,28,confirmatory_evaluation,12,11,True,True,True,False
17722,28,confirmatory_evaluation,12,11,True,True,True,False
17723,28,confirmatory_evaluation,13,12,True,True,True,False
17725,28,confirmatory_evaluation,16,15,True,True,True,False
17727,28,confirmatory_evaluation,13,11,False,False,True,True
17728,28,confirmatory_evaluation,14,12,False,False,True,True
17730,28,confirmatory_evaluation,15,14,False,False,True,True
17731,28,confirmatory_evaluation,14,12,False,False,True,True
17733,28,confirmatory_evaluation,21,20,True,True,True,False
17734,28,confirmatory_evaluation,26,25,True,True,True,False
17735,28,confirmatory_evaluation,11,10,True,True,True,False
17736,28,confirmatory_evaluation,12,10,False,False,True,True
17737,28,confirmatory_evaluation,16,14,False,False,True,True
17738,28,confirmatory_evaluation,17,14,False,False,True,True
17739,28,confirmatory_evaluation,11,10,True,True,True,False
17740,28,confirmatory_evaluation,16,14,False,False,True,True
17742,28,confirmatory_evaluation,12,11,True,True,True,False
17743,28,confirmatory_evaluation,23,21,False,False,True,True
17744,28,confirmatory_evaluation,16,14,False,False,True,True
17745,28,confirmatory_evaluation,14,12,False,False,True,True
17746,28,confirmatory_evaluation,13,11,False,False,True,True
17747,28,confirmatory_evaluation,26,23,False,False,True,True
17749,28,confirmatory_evaluation,20,19,True,True,True,False
17750,28,confirmatory_evaluation,21,17,False,False,True,True
17751,28,confirmatory_evaluation,17,16,True,True,True,False
17752,28,confirmatory_evaluation,11,10,True,True,True,False
17758,28,confirmatory_evaluation,13,12,True,True,True,False
17759,28,confirmatory_evaluation,14,13,True,True,True,False
17761,28,confirmatory_evaluation,16,13,False,False,True,True
17764,28,confirmatory_evaluation,12,10,False,False,True,True
17765,28,confirmatory_evaluation,25,24,True,True,True,False
17767,28,confirmatory_evaluation,17,14,False,False,True,True
17769,28,confirmatory_evaluation,15,14,True,True,True,False
17770,28,confirmatory_evaluation,11,10,True,True,True,False
17771,28,confirmatory_evaluation,15,14,True,True,True,False
17773,28,confirmatory_evaluation,14,13,True,True,True,False
17774,28,confirmatory_evaluation,14,13,True,True,True,False
17775,28,confirmatory_evaluation,15,13,False,False,True,True
17776,28,confirmatory_evaluation,15,12,False,False,True,True
17778,28,confirmatory_evaluation,13,11,False,False,True,True
17779,28,confirmatory_evaluation,17,16,True,True,True,False
17783,28,confirmatory_evaluation,17,16,True,True,True,False
17785,28,confirmatory_evaluation,17,16,True,True,True,False
17789,28,confirmatory_evaluation,19,17,True,True,True,False
17790,28,confirmatory_evaluation,16,14,False,False,True,True
17793,28,confirmatory_evaluation,16,15,True,True,True,False
17794,28,confirmatory_evaluation,13,11,False,False,True,True
17796,28,confirmatory_evaluation,13,12,True,True,True,False
17797,28,confirmatory_evaluation,16,15,True,True,True,False
17800,28,confirmatory_evaluation,13,12,True,True,True,False
17803,28,confirmatory_evaluation,17,14,False,False,True,True
17804,28,confirmatory_evaluation,11,10,True,True,True,False
17805,28,confirmatory_evaluation,12,10,False,False,True,True
17806,28,confirmatory_evaluation,13,12,True,True,True,False
17807,28,confirmatory_evaluation,15,14,True,True,True,False
17808,28,confirmatory_evaluation,15,13,False,False,True,True
17809,28,confirmatory_evaluation,13,12,True,True,True,False
17812,28,confirmatory_evaluation,12,11,True,True,True,False
17813,28,confirmatory_evaluation,13,12,True,True,True,False
17817,28,confirmatory_evaluation,12,11,True,True,True,False
17831,28,confirmatory_evaluation,11,10,True,True,True,False
17834,28,confirmatory_evaluation,20,18,False,False,True,True
17835,28,confirmatory_evaluation,18,16,False,False,True,True
17837,28,confirmatory_evaluation,13,12,True,True,True,False
17838,28,confirmatory_evaluation,15,14,True,True,True,False
17840,28,confirmatory_evaluation,15,12,False,False,True,True
17841,28,confirmatory_evaluation,14,12,False,False,True,True
17843,28,confirmatory_evaluation,19,18,True,True,True,False
17844,28,confirmatory_evaluation,13,12,True,True,True,False
17845,28,confirmatory_evaluation,11,10,True,True,True,False
17846,28,confirmatory_evaluation,14,13,True,True,True,False
17847,28,confirmatory_evaluation,16,14,False,False,True,True
17849,28,confirmatory_evaluation,13,10,False,False,True,True
17852,28,confirmatory_evaluation,16,14,False,False,True,True
17853,28,confirmatory_evaluation,11,10,True,True,True,False
17854,28,confirmatory_evaluation,19,17,False,False,True,True
17855,28,confirmatory_evaluation,15,13,False,False,True,True
17857,28,confirmatory_evaluation,15,14,True,True,True,False
17859,28,confirmatory_evaluation,17,16,True,True,True,False
17860,28,confirmatory_evaluation,12,10,False,False,True,True
17863,28,confirmatory_evaluation,16,12,False,False,True,True
17864,28,confirmatory_evaluation,22,20,False,False,True,True
17865,28,confirmatory_evaluation,12,10,False,False,True,True
17866,28,confirmatory_evaluation,17,15,False,False,True,True
17868,28,confirmatory_evaluation,18,15,False,False,True,True
17870,28,confirmatory_evaluation,20,17,False,False,True,True
17871,28,confirmatory_evaluation,17,14,False,False,True,True
17873,28,confirmatory_evaluation,17,14,False,False,True,True
17874,28,confirmatory_evaluation,13,12,True,True,True,False
17876,28,confirmatory_evaluation,19,15,False,False,True,True
17878,28,confirmatory_evaluation,18,17,True,True,True,False
17879,28,confirmatory_evaluation,27,22,False,False,True,True
17880,28,confirmatory_evaluation,16,15,True,True,True,False
17881,28,confirmatory_evaluation,12,11,True,True,True,False
17884,28,confirmatory_evaluation,12,11,True,True,True,False
17886,28,confirmatory_evaluation,13,12,True,True,True,False
17887,28,confirmatory_evaluation,25,21,False,False,True,True
17888,28,confirmatory_evaluation,11,10,True,True,True,False
17890,28,confirmatory_evaluation,11,10,True,True,True,False
17891,28,confirmatory_evaluation,12,10,False,False,True,True
17893,28,confirmatory_evaluation,13,12,True,True,True,False
17894,28,confirmatory_evaluation,14,13,True,True,True,False
17896,28,confirmatory_evaluation,24,20,False,False,True,True
17900,28,confirmatory_evaluation,14,13,True,True,True,False
17901,28,confirmatory_evaluation,18,13,False,False,True,True
17903,28,confirmatory_evaluation,11,10,True,True,True,False
17904,28,confirmatory_evaluation,28,25,False,False,True,True
17913,28,confirmatory_evaluation,12,11,True,True,True,False
17916,28,confirmatory_evaluation,16,15,True,True,True,False
17918,28,confirmatory_evaluation,14,13,True,True,True,False
17921,28,confirmatory_evaluation,21,19,False,False,True,True
17922,28,confirmatory_evaluation,12,11,True,True,True,False
17923,28,confirmatory_evaluation,21,18,False,False,True,True
17924,28,confirmatory_evaluation,15,14,True,True,True,False
17925,28,confirmatory_evaluation,13,12,True,True,True,False
17930,28,confirmatory_evaluation,19,16,False,False,True,True
17933,28,confirmatory_evaluation,16,14,False,False,True,True
17934,28,confirmatory_evaluation,15,13,False,False,True,True
17935,28,confirmatory_evaluation,12,11,True,True,True,False
17936,28,confirmatory_evaluation,11,10,True,True,True,False
17937,28,confirmatory_evaluation,19,18,True,True,True,False
17938,28,confirmatory_evaluation,12,11,True,True,True,False
17939,28,confirmatory_evaluation,13,12,True,True,True,False
17940,28,confirmatory_evaluation,20,18,False,False,True,True
17942,28,confirmatory_evaluation,16,13,False,False,True,True
17944,28,confirmatory_evaluation,21,19,False,False,True,True
17945,28,confirmatory_evaluation,14,13,True,True,True,False
17946,28,confirmatory_evaluation,19,13,False,False,True,True
17947,28,confirmatory_evaluation,16,14,False,False,True,True
17949,28,confirmatory_evaluation,11,10,True,True,True,False
17956,28,confirmatory_evaluation,14,13,True,True,True,False
17957,28,confirmatory_evaluation,11,10,True,True,True,False
17959,28,confirmatory_evaluation,14,13,True,True,True,False
17961,28,confirmatory_evaluation,11,10,True,True,True,False
17962,28,confirmatory_evaluation,12,11,True,True,True,False
17963,29,confirmatory_evaluation,14,12,False,False,True,True
17964,29,confirmatory_evaluation,18,17,True,True,True,False
17965,29,confirmatory_evaluation,18,17,True,True,True,False
17966,29,confirmatory_evaluation,12,10,False,False,True,True
17969,29,confirmatory_evaluation,11,10,True,True,True,False
17970,29,confirmatory_evaluation,11,10,True,True,True,False
17972,29,confirmatory_evaluation,23,20,False,False,True,True
17973,29,confirmatory_evaluation,14,13,True,True,True,False
17974,29,confirmatory_evaluation,15,14,True,True,True,False
17975,29,confirmatory_evaluation,12,11,True,True,True,False
17976,29,confirmatory_evaluation,16,14,False,False,True,True
17977,29,confirmatory_evaluation,16,15,True,True,True,False
17979,29,confirmatory_evaluation,19,18,True,True,True,False
17980,29,confirmatory_evaluation,17,14,False,False,True,True
17981,29,confirmatory_evaluation,18,16,False,False,True,True
17982,29,confirmatory_evaluation,20,19,True,True,True,False
17985,29,confirmatory_evaluation,18,16,False,False,True,True
17986,29,confirmatory_evaluation,13,11,False,False,True,True
17987,29,confirmatory_evaluation,13,12,True,True,True,False
17989,29,confirmatory_evaluation,14,13,True,True,True,False
17991,29,confirmatory_evaluation,11,10,True,True,True,False
17994,29,confirmatory_evaluation,17,15,False,False,True,True
17995,29,confirmatory_evaluation,11,10,True,True,True,False
17996,29,confirmatory_evaluation,20,18,False,False,True,True
17997,29,confirmatory_evaluation,11,10,True,True,True,False
17998,29,confirmatory_evaluation,12,11,True,True,True,False
17999,29,confirmatory_evaluation,11,10,True,True,True,False
18000,29,confirmatory_evaluation,11,10,True,True,True,False
18004,29,confirmatory_evaluation,13,12,True,True,True,False
18006,29,confirmatory_evaluation,11,10,True,True,True,False
18007,29,confirmatory_evaluation,15,14,True,True,True,False
18009,29,confirmatory_evaluation,11,10,True,True,True,False
18011,29,confirmatory_evaluation,13,12,True,True,True,False
18012,29,confirmatory_evaluation,20,18,False,False,True,True
18016,29,confirmatory_evaluation,14,13,True,True,True,False
18018,29,confirmatory_evaluation,13,11,False,False,True,True
18020,29,confirmatory_evaluation,18,17,True,True,True,False
18022,29,confirmatory_evaluation,12,11,True,True,True,False
18023,29,confirmatory_evaluation,25,24,True,True,True,False
18025,29,confirmatory_evaluation,11,10,True,True,True,False
18028,29,confirmatory_evaluation,17,16,True,True,True,False
18032,29,confirmatory_evaluation,16,13,False,False,True,True
18033,29,confirmatory_evaluation,17,16,True,True,True,False
18037,29,confirmatory_evaluation,17,15,False,False,True,True
18040,29,confirmatory_evaluation,12,11,True,True,True,False
18044,29,confirmatory_evaluation,12,11,True,True,True,False
18048,29,confirmatory_evaluation,16,15,True,True,True,False
18050,29,confirmatory_evaluation,11,10,True,True,True,False
18051,29,confirmatory_evaluation,11,10,True,True,True,False
18056,29,confirmatory_evaluation,14,13,True,True,True,False
18061,29,confirmatory_evaluation,12,11,True,True,True,False
18066,29,confirmatory_evaluation,12,10,False,False,True,True
18068,29,confirmatory_evaluation,14,13,True,True,True,False
18072,29,confirmatory_evaluation,13,11,False,False,True,True
18073,29,confirmatory_evaluation,11,10,True,True,True,False
18074,29,confirmatory_evaluation,11,10,True,True,True,False
18075,29,confirmatory_evaluation,12,11,True,True,True,False
18077,29,confirmatory_evaluation,14,12,False,False,True,True
18078,29,confirmatory_evaluation,14,12,False,False,True,True
18080,29,confirmatory_evaluation,14,13,True,True,True,False
18081,29,confirmatory_evaluation,19,17,False,False,True,True
18086,29,confirmatory_evaluation,17,15,False,False,True,True
18087,29,confirmatory_evaluation,14,13,True,True,True,False
18089,29,confirmatory_evaluation,11,10,True,True,True,False
18090,29,confirmatory_evaluation,12,11,True,True,True,False
18091,29,confirmatory_evaluation,18,16,False,False,True,True
18093,29,confirmatory_evaluation,24,21,False,False,True,True
18094,29,confirmatory_evaluation,18,14,False,False,True,True
18096,29,confirmatory_evaluation,12,11,True,True,True,False
18097,29,confirmatory_evaluation,12,11,True,True,True,False
18099,29,confirmatory_evaluation,26,21,False,False,True,True
18100,29,confirmatory_evaluation,14,13,True,True,True,False
18107,29,confirmatory_evaluation,13,12,True,True,True,False
18109,29,confirmatory_evaluation,16,14,False,False,True,True
18110,29,confirmatory_evaluation,22,18,False,False,True,True
18111,29,confirmatory_evaluation,13,12,True,True,True,False
18112,29,confirmatory_evaluation,14,13,True,True,True,False
18113,29,confirmatory_evaluation,21,20,True,True,True,False
18114,29,confirmatory_evaluation,16,14,False,False,True,True
18117,29,confirmatory_evaluation,13,11,False,False,True,True
18120,29,confirmatory_evaluation,26,23,False,False,True,True
18121,29,confirmatory_evaluation,18,16,False,False,True,True
18122,29,confirmatory_evaluation,12,10,False,False,True,True
18125,29,confirmatory_evaluation,14,13,True,True,True,False
18126,29,confirmatory_evaluation,17,16,True,True,True,False
18130,29,confirmatory_evaluation,17,16,True,True,True,False
18133,29,confirmatory_evaluation,11,10,True,True,True,False
18134,29,confirmatory_evaluation,14,13,True,True,True,False
18135,29,confirmatory_evaluation,19,17,False,False,True,True
18137,29,confirmatory_evaluation,13,12,True,True,True,False
18139,29,confirmatory_evaluation,13,12,True,True,True,False
18144,29,confirmatory_evaluation,13,12,True,True,True,False
18146,29,confirmatory_evaluation,11,10,True,True,True,False
18148,29,confirmatory_evaluation,24,21,False,False,True,True
18153,29,confirmatory_evaluation,17,16,True,True,True,False
18154,29,confirmatory_evaluation,14,12,False,False,True,True
18155,29,confirmatory_evaluation,19,17,False,False,True,True
18157,29,confirmatory_evaluation,19,18,True,True,True,False
18161,29,confirmatory_evaluation,12,11,True,True,True,False
18164,29,confirmatory_evaluation,13,11,False,False,True,True
18168,29,confirmatory_evaluation,13,11,True,True,True,False
18174,29,confirmatory_evaluation,13,12,True,True,True,False
18176,29,confirmatory_evaluation,13,10,False,False,True,True
18179,29,confirmatory_evaluation,12,10,False,False,True,True
18183,29,confirmatory_evaluation,11,10,True,True,True,False
18192,29,confirmatory_evaluation,14,13,True,True,True,False
18193,29,confirmatory_evaluation,20,17,False,False,True,True
18195,29,confirmatory_evaluation,13,12,True,True,True,False
18196,29,confirmatory_evaluation,12,11,True,True,True,False
18197,29,confirmatory_evaluation,13,12,True,True,True,False
18198,29,confirmatory_evaluation,15,12,False,False,True,True
18200,29,confirmatory_evaluation,16,15,True,True,True,False
18201,29,confirmatory_evaluation,14,12,False,False,True,True
18203,29,confirmatory_evaluation,12,11,True,True,True,False
18204,29,confirmatory_evaluation,17,14,False,False,True,True
18205,29,confirmatory_evaluation,11,10,True,True,True,False
18210,29,confirmatory_evaluation,17,16,True,True,True,False
18211,29,confirmatory_evaluation,14,13,True,True,True,False
18212,29,confirmatory_evaluation,17,16,True,True,True,False
18213,29,confirmatory_evaluation,11,10,True,True,True,False
18214,29,confirmatory_evaluation,13,12,True,True,True,False
18216,29,confirmatory_evaluation,15,13,False,False,True,True
18217,29,confirmatory_evaluation,18,14,False,False,True,True
18218,29,confirmatory_evaluation,18,15,False,False,True,True
18220,29,confirmatory_evaluation,16,15,True,True,True,False
18221,29,confirmatory_evaluation,22,19,False,False,True,True
18222,29,confirmatory_evaluation,21,19,False,False,True,True
18225,29,confirmatory_evaluation,17,16,True,True,True,False
18229,29,confirmatory_evaluation,28,25,False,False,True,True
18231,29,confirmatory_evaluation,14,13,True,True,True,False
18232,29,confirmatory_evaluation,19,16,False,False,True,True
18233,29,confirmatory_evaluation,12,11,True,True,True,False
18238,29,confirmatory_evaluation,14,13,True,True,True,False
18241,29,confirmatory_evaluation,19,16,False,False,True,True
18243,29,confirmatory_evaluation,11,10,True,True,True,False
18252,29,confirmatory_evaluation,15,14,True,True,True,False
18256,29,confirmatory_evaluation,11,10,True,True,True,False
18258,29,confirmatory_evaluation,12,11,True,True,True,False
18260,29,confirmatory_evaluation,15,14,True,True,True,False
18261,29,confirmatory_evaluation,16,14,False,False,True,True
18262,29,confirmatory_evaluation,19,15,False,False,True,True
18264,29,confirmatory_evaluation,15,13,False,False,True,True
18267,29,confirmatory_evaluation,11,10,True,True,True,False
18269,29,confirmatory_evaluation,14,12,True,True,True,False
18270,29,confirmatory_evaluation,15,14,True,True,True,False
18271,29,confirmatory_evaluation,19,17,True,True,True,False
18276,29,confirmatory_evaluation,14,13,True,True,True,False
18277,29,confirmatory_evaluation,13,10,False,False,True,True
18291,29,confirmatory_evaluation,17,14,False,False,True,True
18293,29,confirmatory_evaluation,20,19,True,True,True,False
18294,29,confirmatory_evaluation,11,10,True,True,True,False
18295,29,confirmatory_evaluation,14,12,False,False,True,True
18296,29,confirmatory_evaluation,18,17,True,True,True,False
18297,29,confirmatory_evaluation,14,11,False,False,True,True
18298,29,confirmatory_evaluation,16,13,False,False,True,True
18299,29,confirmatory_evaluation,11,10,True,True,True,False
18301,29,confirmatory_evaluation,11,10,True,True,True,False
18302,29,confirmatory_evaluation,21,19,True,True,True,False
18303,29,confirmatory_evaluation,16,14,False,False,True,True
18305,29,confirmatory_evaluation,19,18,True,True,True,False
18306,29,confirmatory_evaluation,24,20,False,False,True,True
18308,29,confirmatory_evaluation,15,13,False,False,True,True
18309,29,confirmatory_evaluation,16,13,False,False,True,True
18310,29,confirmatory_evaluation,16,15,True,True,True,False
18311,29,confirmatory_evaluation,12,11,True,True,True,False
18315,29,confirmatory_evaluation,13,12,True,True,True,False
18316,29,confirmatory_evaluation,13,12,True,True,True,False
18318,29,confirmatory_evaluation,22,20,False,False,True,True
18320,29,confirmatory_evaluation,15,14,True,True,True,False
18321,29,confirmatory_evaluation,18,17,True,True,True,False
18322,29,confirmatory_evaluation,11,10,True,True,True,False
18323,29,confirmatory_evaluation,18,17,True,True,True,False
18324,29,confirmatory_evaluation,11,10,True,True,True,False
18328,29,confirmatory_evaluation,32,29,False,False,True,True
18330,29,confirmatory_evaluation,19,16,False,False,True,True
18331,29,confirmatory_evaluation,18,16,False,False,True,True
18333,29,confirmatory_evaluation,15,14,True,True,True,False
18334,29,confirmatory_evaluation,16,13,False,False,True,True
18337,29,confirmatory_evaluation,17,15,False,False,True,True
18338,29,confirmatory_evaluation,13,12,True,True,True,False
18339,29,confirmatory_evaluation,13,12,True,True,True,False
18341,29,confirmatory_evaluation,14,12,False,False,True,True
18343,29,confirmatory_evaluation,17,16,True,True,True,False
18344,29,confirmatory_evaluation,16,14,False,False,True,True
18346,29,confirmatory_evaluation,13,12,True,True,True,False
18347,29,confirmatory_evaluation,20,18,True,True,True,False
18348,29,confirmatory_evaluation,18,17,True,True,True,False
18350,29,confirmatory_evaluation,12,11,True,True,True,False
18352,29,confirmatory_evaluation,12,10,False,False,True,True
18356,29,confirmatory_evaluation,13,12,True,True,True,False
18360,29,confirmatory_evaluation,13,12,True,True,True,False
18362,29,confirmatory_evaluation,18,17,True,True,True,False
18363,29,confirmatory_evaluation,11,10,True,True,True,False
18367,29,confirmatory_evaluation,21,20,True,True,True,False
18372,29,confirmatory_evaluation,12,11,True,True,True,False
18374,29,confirmatory_evaluation,13,12,True,True,True,False
18375,29,confirmatory_evaluation,14,12,False,False,True,True
18379,29,confirmatory_evaluation,15,13,False,False,True,True
18381,29,confirmatory_evaluation,11,10,True,True,True,False
18382,29,confirmatory_evaluation,12,11,True,True,True,False
18384,29,confirmatory_evaluation,13,12,True,True,True,False
18393,29,confirmatory_evaluation,11,10,True,True,True,False
18395,29,confirmatory_evaluation,14,13,True,True,True,False
18398,29,confirmatory_evaluation,12,11,True,True,True,False
18401,29,confirmatory_evaluation,17,15,True,True,True,False
18402,29,confirmatory_evaluation,15,13,False,False,True,True
18403,29,confirmatory_evaluation,12,11,True,True,True,False
18404,29,confirmatory_evaluation,11,10,True,True,True,False
18405,29,confirmatory_evaluation,12,11,True,True,True,False
18406,29,confirmatory_evaluation,12,10,False,False,True,True
18408,29,confirmatory_evaluation,13,12,True,True,True,False
18409,29,confirmatory_evaluation,20,19,True,True,True,False
18411,29,confirmatory_evaluation,23,21,False,False,True,True
18412,29,confirmatory_evaluation,12,11,True,True,True,False
18413,29,confirmatory_evaluation,18,16,False,False,True,True
18414,29,confirmatory_evaluation,16,15,True,True,True,False
18415,29,confirmatory_evaluation,13,12,True,True,True,False
18416,29,confirmatory_evaluation,18,17,True,True,True,False
18417,29,confirmatory_evaluation,16,15,True,True,True,False
18418,29,confirmatory_evaluation,16,14,False,False,True,True
18421,29,confirmatory_evaluation,15,14,True,True,True,False
18422,29,confirmatory_evaluation,14,11,False,False,True,True
18423,29,confirmatory_evaluation,11,10,True,True,True,False
18424,29,confirmatory_evaluation,25,23,False,False,True,True
18425,29,confirmatory_evaluation,20,17,False,False,True,True
18427,29,confirmatory_evaluation,13,12,True,True,True,False
18428,29,confirmatory_evaluation,24,22,False,False,True,True
18430,29,confirmatory_evaluation,18,16,False,False,True,True
18431,29,confirmatory_evaluation,13,11,False,False,True,True
18432,29,confirmatory_evaluation,24,22,False,False,True,True
18433,29,confirmatory_evaluation,14,13,True,True,True,False
18435,29,confirmatory_evaluation,27,23,False,False,True,True
18437,29,confirmatory_evaluation,13,12,True,True,True,False
18438,29,confirmatory_evaluation,19,18,True,True,True,False
18439,29,confirmatory_evaluation,18,17,True,True,True,False
18441,29,confirmatory_evaluation,12,11,True,True,True,False
18442,29,confirmatory_evaluation,26,23,False,False,True,True
18443,29,confirmatory_evaluation,12,10,False,False,True,True
18444,29,confirmatory_evaluation,12,11,True,True,True,False
18449,29,confirmatory_evaluation,22,19,False,False,True,True
18451,29,confirmatory_evaluation,14,13,True,True,True,False
18452,29,confirmatory_evaluation,13,11,False,False,True,True
18453,29,confirmatory_evaluation,21,17,False,False,True,True
18454,29,confirmatory_evaluation,15,14,True,True,True,False
18455,29,confirmatory_evaluation,14,13,True,True,True,False
18456,29,confirmatory_evaluation,16,15,True,True,True,False
18457,29,confirmatory_evaluation,11,10,True,True,True,False
18458,29,confirmatory_evaluation,12,11,True,True,True,False
18460,29,confirmatory_evaluation,14,12,True,True,True,False
18464,29,confirmatory_evaluation,12,11,True,True,True,False
18465,29,confirmatory_evaluation,12,11,True,True,True,False
18469,29,confirmatory_evaluation,21,20,True,True,True,False
18470,29,confirmatory_evaluation,15,14,True,True,True,False
18471,29,confirmatory_evaluation,11,10,True,True,True,False
18473,29,confirmatory_evaluation,11,10,True,True,True,False
18474,29,confirmatory_evaluation,12,11,True,True,True,False
18476,29,confirmatory_evaluation,15,13,False,False,True,True
18478,29,confirmatory_evaluation,15,14,True,True,True,False
18480,29,confirmatory_evaluation,25,23,False,False,True,True
18482,29,confirmatory_evaluation,19,17,False,False,True,True
18483,29,confirmatory_evaluation,15,12,False,False,True,True
18484,29,confirmatory_evaluation,13,12,True,True,True,False
18485,29,confirmatory_evaluation,16,15,True,True,True,False
18488,29,confirmatory_evaluation,13,11,False,False,True,True
18489,29,confirmatory_evaluation,14,12,False,False,True,True
18491,29,confirmatory_evaluation,11,10,True,True,True,False
18492,29,confirmatory_evaluation,14,13,True,True,True,False
18493,29,confirmatory_evaluation,15,14,True,True,True,False
18500,29,confirmatory_evaluation,12,10,True,True,True,False
18503,29,confirmatory_evaluation,12,11,True,True,True,False
18505,29,confirmatory_evaluation,14,13,True,True,True,False
18507,29,confirmatory_evaluation,19,18,True,True,True,False
18510,29,confirmatory_evaluation,16,15,True,True,True,False
18513,29,confirmatory_evaluation,15,13,False,False,True,True
18514,29,confirmatory_evaluation,11,10,True,True,True,False
18515,29,confirmatory_evaluation,21,20,True,True,True,False
18516,29,confirmatory_evaluation,11,10,True,True,True,False
18518,29,confirmatory_evaluation,19,17,False,False,True,True
18520,29,confirmatory_evaluation,16,15,True,True,True,False
18524,29,confirmatory_evaluation,13,12,True,True,True,False
18526,29,confirmatory_evaluation,14,13,True,True,True,False
18527,29,confirmatory_evaluation,11,10,True,True,True,False
18529,29,confirmatory_evaluation,17,15,False,False,True,True
18539,29,confirmatory_evaluation,12,11,True,True,True,False
18542,29,confirmatory_evaluation,17,15,False,False,True,True
18548,30,confirmatory_evaluation,14,13,True,True,True,False
18549,30,confirmatory_evaluation,20,18,False,False,True,True
18550,30,confirmatory_evaluation,12,10,False,False,True,True
18551,30,confirmatory_evaluation,14,13,True,True,True,False
18552,30,confirmatory_evaluation,14,13,True,True,True,False
18553,30,confirmatory_evaluation,16,15,True,True,True,False
18554,30,confirmatory_evaluation,13,12,True,True,True,False
18555,30,confirmatory_evaluation,15,14,True,True,True,False
18556,30,confirmatory_evaluation,17,16,True,True,True,False
18558,30,confirmatory_evaluation,13,11,False,False,True,True
18559,30,confirmatory_evaluation,22,21,True,True,True,False
18561,30,confirmatory_evaluation,14,13,True,True,True,False
18563,30,confirmatory_evaluation,18,17,True,True,True,False
18564,30,confirmatory_evaluation,12,11,True,True,True,False
18565,30,confirmatory_evaluation,16,15,True,True,True,False
18566,30,confirmatory_evaluation,12,11,True,True,True,False
18567,30,confirmatory_evaluation,24,22,False,False,True,True
18568,30,confirmatory_evaluation,14,13,True,True,True,False
18569,30,confirmatory_evaluation,14,13,True,True,True,False
18570,30,confirmatory_evaluation,20,18,False,False,True,True
18571,30,confirmatory_evaluation,21,20,True,True,True,False
18572,30,confirmatory_evaluation,16,15,True,True,True,False
18574,30,confirmatory_evaluation,14,12,False,False,True,True
18575,30,confirmatory_evaluation,23,22,True,True,True,False
18576,30,confirmatory_evaluation,16,14,False,False,True,True
18578,30,confirmatory_evaluation,20,18,False,False,True,True
18579,30,confirmatory_evaluation,14,13,True,True,True,False
18580,30,confirmatory_evaluation,18,15,False,False,True,True
18581,30,confirmatory_evaluation,12,11,True,True,True,False
18582,30,confirmatory_evaluation,20,19,True,True,True,False
18584,30,confirmatory_evaluation,12,11,True,True,True,False
18586,30,confirmatory_evaluation,13,12,True,True,True,False
18587,30,confirmatory_evaluation,20,19,True,True,True,False
18588,30,confirmatory_evaluation,20,16,False,False,True,True
18589,30,confirmatory_evaluation,17,16,True,True,True,False
18590,30,confirmatory_evaluation,16,15,True,True,True,False
18592,30,confirmatory_evaluation,21,20,True,True,True,False
18594,30,confirmatory_evaluation,27,25,False,False,True,True
18595,30,confirmatory_evaluation,19,18,True,True,True,False
18596,30,confirmatory_evaluation,11,10,True,True,True,False
18597,30,confirmatory_evaluation,18,17,True,True,True,False
18598,30,confirmatory_evaluation,12,11,True,True,True,False
18599,30,confirmatory_evaluation,15,13,False,False,True,True
18601,30,confirmatory_evaluation,11,10,True,True,True,False
18602,30,confirmatory_evaluation,17,14,False,False,True,True
18603,30,confirmatory_evaluation,16,13,False,False,True,True
18606,30,confirmatory_evaluation,12,11,True,True,True,False
18608,30,confirmatory_evaluation,23,21,False,False,True,True
18609,30,confirmatory_evaluation,12,11,True,True,True,False
18611,30,confirmatory_evaluation,25,22,False,False,True,True
18612,30,confirmatory_evaluation,14,13,True,True,True,False
18621,30,confirmatory_evaluation,18,17,True,True,True,False
18626,30,confirmatory_evaluation,11,10,True,True,True,False
18629,30,confirmatory_evaluation,15,14,True,True,True,False
18634,30,confirmatory_evaluation,17,16,True,True,True,False
18638,30,confirmatory_evaluation,20,18,False,False,True,True
18652,30,confirmatory_evaluation,13,12,True,True,True,False
18659,30,confirmatory_evaluation,14,10,False,False,True,True
18661,30,confirmatory_evaluation,14,12,False,False,True,True
18662,30,confirmatory_evaluation,14,12,False,False,True,True
18663,30,confirmatory_evaluation,13,12,True,True,True,False
18665,30,confirmatory_evaluation,16,15,True,True,True,False
18666,30,confirmatory_evaluation,11,10,True,True,True,False
18667,30,confirmatory_evaluation,18,16,False,False,True,True
18668,30,confirmatory_evaluation,18,15,False,False,True,True
18671,30,confirmatory_evaluation,18,15,False,False,True,True
18672,30,confirmatory_evaluation,19,17,False,False,True,True
18673,30,confirmatory_evaluation,19,17,False,False,True,True
18674,30,confirmatory_evaluation,19,18,True,True,True,False
18675,30,confirmatory_evaluation,15,14,True,True,True,False
18676,30,confirmatory_evaluation,21,18,False,False,True,True
18678,30,confirmatory_evaluation,18,15,False,False,True,True
18679,30,confirmatory_evaluation,19,18,True,True,True,False
18680,30,confirmatory_evaluation,13,11,False,False,True,True
18681,30,confirmatory_evaluation,26,22,False,False,True,True
18682,30,confirmatory_evaluation,15,14,True,True,True,False
18683,30,confirmatory_evaluation,16,15,True,True,True,False
18684,30,confirmatory_evaluation,12,11,True,True,True,False
18685,30,confirmatory_evaluation,19,17,False,False,True,True
18686,30,confirmatory_evaluation,17,16,True,True,True,False
18687,30,confirmatory_evaluation,16,14,True,True,True,False
18688,30,confirmatory_evaluation,19,18,True,True,True,False
18690,30,confirmatory_evaluation,13,12,True,True,True,False
18691,30,confirmatory_evaluation,11,10,True,True,True,False
18692,30,confirmatory_evaluation,12,11,True,True,True,False
18694,30,confirmatory_evaluation,19,17,False,False,True,True
18697,30,confirmatory_evaluation,14,12,False,False,True,True
18699,30,confirmatory_evaluation,18,15,False,False,True,True
18700,30,confirmatory_evaluation,15,14,True,True,True,False
18701,30,confirmatory_evaluation,20,17,False,False,True,True
18702,30,confirmatory_evaluation,17,16,True,True,True,False
18703,30,confirmatory_evaluation,16,15,True,True,True,False
18704,30,confirmatory_evaluation,11,10,True,True,True,False
18705,30,confirmatory_evaluation,18,14,False,False,True,True
18708,30,confirmatory_evaluation,18,15,False,False,True,True
18709,30,confirmatory_evaluation,15,14,True,True,True,False
18710,30,confirmatory_evaluation,21,19,False,False,True,True
18711,30,confirmatory_evaluation,22,20,False,False,True,True
18712,30,confirmatory_evaluation,17,16,True,True,True,False
18713,30,confirmatory_evaluation,33,29,False,False,True,True
18714,30,confirmatory_evaluation,15,14,True,True,True,False
18715,30,confirmatory_evaluation,13,12,True,True,True,False
18717,30,confirmatory_evaluation,21,20,True,True,True,False
18718,30,confirmatory_evaluation,17,16,True,True,True,False
18721,30,confirmatory_evaluation,13,12,True,True,True,False
18722,30,confirmatory_evaluation,21,20,True,True,True,False
18723,30,confirmatory_evaluation,19,15,False,False,True,True
18724,30,confirmatory_evaluation,15,14,True,True,True,False
18728,30,confirmatory_evaluation,18,16,False,False,True,True
18729,30,confirmatory_evaluation,12,11,True,True,True,False
18732,30,confirmatory_evaluation,14,13,True,True,True,False
18734,30,confirmatory_evaluation,17,14,False,False,True,True
18736,30,confirmatory_evaluation,14,12,True,True,True,False
18743,30,confirmatory_evaluation,18,16,False,False,True,True
18744,30,confirmatory_evaluation,12,10,False,False,True,True
18745,30,confirmatory_evaluation,13,12,True,True,True,False
18748,30,confirmatory_evaluation,26,24,False,False,True,True
18749,30,confirmatory_evaluation,13,12,True,True,True,False
18751,30,confirmatory_evaluation,12,11,True,True,True,False
18752,30,confirmatory_evaluation,12,11,True,True,True,False
18753,30,confirmatory_evaluation,15,14,True,True,True,False
18754,30,confirmatory_evaluation,15,14,True,True,True,False
18761,30,confirmatory_evaluation,14,12,False,False,True,True
18765,30,confirmatory_evaluation,16,15,True,True,True,False
18797,30,confirmatory_evaluation,22,21,True,True,True,False
18807,30,confirmatory_evaluation,12,11,True,True,True,False
18809,30,confirmatory_evaluation,16,15,True,True,True,False
18811,30,confirmatory_evaluation,12,10,False,False,True,True
18823,30,confirmatory_evaluation,17,15,False,False,True,True
18824,30,confirmatory_evaluation,13,12,True,True,True,False
18825,30,confirmatory_evaluation,13,12,True,True,True,False
18827,30,confirmatory_evaluation,20,18,False,False,True,True
18828,30,confirmatory_evaluation,16,15,True,True,True,False
18830,30,confirmatory_evaluation,19,17,False,False,True,True
18831,30,confirmatory_evaluation,20,18,False,False,True,True
18833,30,confirmatory_evaluation,13,11,False,False,True,True
18834,30,confirmatory_evaluation,15,14,True,True,True,False
18835,30,confirmatory_evaluation,22,20,False,False,True,True
18836,30,confirmatory_evaluation,12,10,False,False,True,True
18838,30,confirmatory_evaluation,19,17,False,False,True,True
18839,30,confirmatory_evaluation,13,12,True,True,True,False
18842,30,confirmatory_evaluation,13,12,True,True,True,False
18843,30,confirmatory_evaluation,15,14,False,False,True,True
18846,30,confirmatory_evaluation,12,11,True,True,True,False
18847,30,confirmatory_evaluation,15,13,False,False,True,True
18848,30,confirmatory_evaluation,17,12,False,False,True,True
18849,30,confirmatory_evaluation,12,11,True,True,True,False
18850,30,confirmatory_evaluation,16,15,True,True,True,False
18851,30,confirmatory_evaluation,14,12,False,False,True,True
18853,30,confirmatory_evaluation,16,15,True,True,True,False
18857,30,confirmatory_evaluation,21,16,False,False,True,True
18858,30,confirmatory_evaluation,15,12,False,False,True,True
18863,30,confirmatory_evaluation,19,16,False,False,True,True
18865,30,confirmatory_evaluation,16,15,True,True,True,False
18866,30,confirmatory_evaluation,21,19,False,False,True,True
18867,30,confirmatory_evaluation,13,12,True,True,True,False
18868,30,confirmatory_evaluation,15,14,True,True,True,False
18869,30,confirmatory_evaluation,18,16,False,False,True,True
18870,30,confirmatory_evaluation,18,16,False,False,True,True
18871,30,confirmatory_evaluation,13,10,False,False,True,True
18872,30,confirmatory_evaluation,11,10,True,True,True,False
18874,30,confirmatory_evaluation,14,13,True,True,True,False
18875,30,confirmatory_evaluation,13,10,False,False,True,True
18876,30,confirmatory_evaluation,15,14,True,True,True,False
18877,30,confirmatory_evaluation,11,10,True,True,True,False
18878,30,confirmatory_evaluation,13,12,True,True,True,False
18880,30,confirmatory_evaluation,13,12,True,True,True,False
18881,30,confirmatory_evaluation,13,12,True,True,True,False
18882,30,confirmatory_evaluation,12,11,True,True,True,False
18883,30,confirmatory_evaluation,12,11,True,True,True,False
18884,30,confirmatory_evaluation,11,10,True,True,True,False
18889,30,confirmatory_evaluation,20,18,False,False,True,True
18891,30,confirmatory_evaluation,26,23,False,False,True,True
18892,30,confirmatory_evaluation,17,16,True,True,True,False
18894,30,confirmatory_evaluation,12,11,True,True,True,False
18897,30,confirmatory_evaluation,18,17,True,True,True,False
18899,30,confirmatory_evaluation,19,16,False,False,True,True
18900,30,confirmatory_evaluation,16,14,False,False,True,True
18901,30,confirmatory_evaluation,13,12,True,True,True,False
18902,30,confirmatory_evaluation,12,11,True,True,True,False
18908,30,confirmatory_evaluation,19,15,False,False,True,True
18909,30,confirmatory_evaluation,13,12,True,True,True,False
18910,30,confirmatory_evaluation,13,12,True,True,True,False
18911,30,confirmatory_evaluation,14,12,False,False,True,True
18912,30,confirmatory_evaluation,12,11,True,True,True,False
18913,30,confirmatory_evaluation,18,16,True,True,True,False
18916,30,confirmatory_evaluation,15,13,False,False,True,True
18917,30,confirmatory_evaluation,26,25,True,True,True,False
18918,30,confirmatory_evaluation,11,10,True,True,True,False
18921,30,confirmatory_evaluation,12,10,False,False,True,True
18938,30,confirmatory_evaluation,11,10,True,True,True,False
18945,30,confirmatory_evaluation,12,11,True,True,True,False
18950,30,confirmatory_evaluation,14,13,True,True,True,False
18954,30,confirmatory_evaluation,18,17,True,True,True,False
18955,30,confirmatory_evaluation,15,14,True,True,True,False
18956,30,confirmatory_evaluation,18,17,True,True,True,False
18957,30,confirmatory_evaluation,19,18,True,True,True,False
18958,30,confirmatory_evaluation,18,16,False,False,True,True
18959,30,confirmatory_evaluation,11,10,True,True,True,False
18960,30,confirmatory_evaluation,11,10,True,True,True,False
18962,30,confirmatory_evaluation,15,14,True,True,True,False
18963,30,confirmatory_evaluation,23,21,True,True,True,False
18965,30,confirmatory_evaluation,14,12,False,False,True,True
18966,30,confirmatory_evaluation,13,12,True,True,True,False
18967,30,confirmatory_evaluation,12,11,True,True,True,False
18968,30,confirmatory_evaluation,17,16,True,True,True,False
18969,30,confirmatory_evaluation,22,20,False,False,True,True
18970,30,confirmatory_evaluation,16,14,False,False,True,True
18971,30,confirmatory_evaluation,22,20,False,False,True,True
18972,30,confirmatory_evaluation,18,17,True,True,True,False
18973,30,confirmatory_evaluation,17,15,False,False,True,True
18974,30,confirmatory_evaluation,14,11,False,False,True,True
18976,30,confirmatory_evaluation,19,18,True,True,True,False
18977,30,confirmatory_evaluation,14,12,False,False,True,True
18978,30,confirmatory_evaluation,17,14,False,False,True,True
18980,30,confirmatory_evaluation,17,15,False,False,True,True
18981,30,confirmatory_evaluation,15,13,False,False,True,True
18983,30,confirmatory_evaluation,17,15,False,False,True,True
18984,30,confirmatory_evaluation,21,20,True,True,True,False
18985,30,confirmatory_evaluation,21,18,False,False,True,True
18986,30,confirmatory_evaluation,16,14,False,False,True,True
18987,30,confirmatory_evaluation,20,17,False,False,True,True
18988,30,confirmatory_evaluation,14,13,True,True,True,False
18990,30,confirmatory_evaluation,16,15,True,True,True,False
18992,30,confirmatory_evaluation,21,18,False,False,True,True
18993,30,confirmatory_evaluation,18,16,False,False,True,True
18995,30,confirmatory_evaluation,19,17,False,False,True,True
18996,30,confirmatory_evaluation,21,20,True,True,True,False
18997,30,confirmatory_evaluation,17,15,False,False,True,True
18998,30,confirmatory_evaluation,13,12,True,True,True,False
19001,30,confirmatory_evaluation,16,15,True,True,True,False
19002,30,confirmatory_evaluation,13,12,True,True,True,False
19003,30,confirmatory_evaluation,12,11,True,True,True,False
19004,30,confirmatory_evaluation,11,10,True,True,True,False
19005,30,confirmatory_evaluation,21,20,True,True,True,False
19006,30,confirmatory_evaluation,11,10,True,True,True,False
19007,30,confirmatory_evaluation,15,14,True,True,True,False
19009,30,confirmatory_evaluation,29,27,False,False,True,True
19012,30,confirmatory_evaluation,21,20,True,True,True,False
19013,30,confirmatory_evaluation,23,20,False,False,True,True
19014,30,confirmatory_evaluation,15,13,False,False,True,True
19015,30,confirmatory_evaluation,16,15,True,True,True,False
19017,30,confirmatory_evaluation,13,12,True,True,True,False
19018,30,confirmatory_evaluation,18,17,True,True,True,False
19019,30,confirmatory_evaluation,19,17,False,False,True,True
19020,30,confirmatory_evaluation,12,10,False,False,True,True
19021,30,confirmatory_evaluation,17,15,False,False,True,True
19023,30,confirmatory_evaluation,17,15,False,False,True,True
19024,30,confirmatory_evaluation,12,10,True,True,True,False
19029,30,confirmatory_evaluation,13,12,True,True,True,False
19030,30,confirmatory_evaluation,20,18,False,False,True,True
19034,30,confirmatory_evaluation,13,12,True,True,True,False
19035,30,confirmatory_evaluation,11,10,True,True,True,False
19036,30,confirmatory_evaluation,11,10,True,True,True,False
19037,30,confirmatory_evaluation,16,15,True,True,True,False
19038,30,confirmatory_evaluation,13,11,False,False,True,True
19039,30,confirmatory_evaluation,17,16,True,True,True,False
19040,30,confirmatory_evaluation,15,12,False,False,True,True
19041,30,confirmatory_evaluation,12,11,True,True,True,False
19044,30,confirmatory_evaluation,14,13,True,True,True,False
19045,30,confirmatory_evaluation,11,10,True,True,True,False
19046,30,confirmatory_evaluation,13,12,True,True,True,False
19048,30,confirmatory_evaluation,13,11,False,False,True,True
19049,30,confirmatory_evaluation,11,10,True,True,True,False
19053,30,confirmatory_evaluation,14,13,True,True,True,False
19063,30,confirmatory_evaluation,17,16,True,True,True,False
19067,30,confirmatory_evaluation,14,11,False,False,True,True
19068,30,confirmatory_evaluation,17,16,True,True,True,False
19070,30,confirmatory_evaluation,13,11,False,False,True,True
19074,30,confirmatory_evaluation,13,11,False,False,True,True
19076,30,confirmatory_evaluation,13,11,False,False,True,True
19084,30,confirmatory_evaluation,14,13,True,True,True,False
19085,30,confirmatory_evaluation,13,12,True,True,True,False
19086,30,confirmatory_evaluation,13,12,True,True,True,False
19087,30,confirmatory_evaluation,17,16,True,True,True,False
19089,30,confirmatory_evaluation,12,11,True,True,True,False
19090,30,confirmatory_evaluation,15,13,False,False,True,True
19092,30,confirmatory_evaluation,25,22,False,False,True,True
19093,30,confirmatory_evaluation,13,12,True,True,True,False
19094,30,confirmatory_evaluation,13,12,True,True,True,False
19095,30,confirmatory_evaluation,15,14,True,True,True,False
19096,30,confirmatory_evaluation,15,14,True,True,True,False
19097,30,confirmatory_evaluation,19,16,False,False,True,True
19098,30,confirmatory_evaluation,28,27,True,True,True,False
19099,30,confirmatory_evaluation,13,12,True,True,True,False
19100,30,confirmatory_evaluation,13,12,True,True,True,False
19101,30,confirmatory_evaluation,18,16,False,False,True,True
19103,30,confirmatory_evaluation,24,20,False,False,True,True
19104,30,confirmatory_evaluation,15,14,True,True,True,False
19105,30,confirmatory_evaluation,17,16,True,True,True,False
19106,30,confirmatory_evaluation,20,18,False,False,True,True
19107,30,confirmatory_evaluation,13,12,True,True,True,False
19108,30,confirmatory_evaluation,30,28,False,False,True,True
19111,30,confirmatory_evaluation,16,15,True,True,True,False
19112,30,confirmatory_evaluation,28,26,False,False,True,True
19114,30,confirmatory_evaluation,13,12,True,True,True,False
19115,30,confirmatory_evaluation,15,13,False,False,True,True
19116,30,confirmatory_evaluation,24,23,True,True,True,False
19117,30,confirmatory_evaluation,18,16,False,False,True,True
19118,30,confirmatory_evaluation,22,17,False,False,True,True
19120,30,confirmatory_evaluation,16,12,False,False,True,True
19121,30,confirmatory_evaluation,21,19,False,False,True,True
19122,30,confirmatory_evaluation,14,13,True,True,True,False
19123,30,confirmatory_evaluation,15,13,False,False,True,True
19124,30,confirmatory_evaluation,17,15,False,False,True,True
19125,30,confirmatory_evaluation,14,13,True,True,True,False
19126,30,confirmatory_evaluation,14,13,True,True,True,False
19127,30,confirmatory_evaluation,15,13,False,False,True,True
19128,30,confirmatory_evaluation,12,11,True,True,True,False
19129,30,confirmatory_evaluation,12,11,True,True,True,False
19132,30,confirmatory_evaluation,12,11,True,True,True,False
19134,30,confirmatory_evaluation,16,15,True,True,True,False
19137,30,confirmatory_evaluation,16,15,True,True,True,False
19138,30,confirmatory_evaluation,15,14,True,True,True,False
19139,30,confirmatory_evaluation,19,18,True,True,True,False
19140,30,confirmatory_evaluation,14,12,False,False,True,True
19141,30,confirmatory_evaluation,24,23,True,True,True,False
19142,30,confirmatory_evaluation,15,14,True,True,True,False
19143,30,confirmatory_evaluation,11,10,True,True,True,False
19145,30,confirmatory_evaluation,24,23,True,True,True,False
19146,30,confirmatory_evaluation,12,11,True,True,True,False
19148,30,confirmatory_evaluation,16,14,True,True,True,False
19149,30,confirmatory_evaluation,22,18,False,False,True,True
19151,30,confirmatory_evaluation,11,10,True,True,True,False
19152,30,confirmatory_evaluation,27,24,False,False,True,True
19153,30,confirmatory_evaluation,22,20,False,False,True,True
19156,30,confirmatory_evaluation,17,16,True,True,True,False
19157,30,confirmatory_evaluation,22,20,False,False,True,True
19158,30,confirmatory_evaluation,11,10,True,True,True,False
19161,30,confirmatory_evaluation,18,17,True,True,True,False
19162,30,confirmatory_evaluation,14,12,False,False,True,True
19163,30,confirmatory_evaluation,12,11,True,True,True,False
19164,30,confirmatory_evaluation,18,16,False,False,True,True
19166,30,confirmatory_evaluation,11,10,True,True,True,False
19168,30,confirmatory_evaluation,12,11,True,True,True,False
19170,30,confirmatory_evaluation,13,12,True,True,True,False
19172,30,confirmatory_evaluation,13,11,False,False,True,True
19173,30,confirmatory_evaluation,16,15,True,True,True,False
19174,30,confirmatory_evaluation,15,14,False,False,True,True
19175,30,confirmatory_evaluation,14,13,True,True,True,False
19176,30,confirmatory_evaluation,14,13,True,True,True,False
19177,30,confirmatory_evaluation,14,13,True,True,True,False
19181,30,confirmatory_evaluation,14,13,True,True,True,False
19186,30,confirmatory_evaluation,14,13,True,True,True,False
19190,30,confirmatory_evaluation,12,11,True,True,True,False
19191,30,confirmatory_evaluation,14,11,False,False,True,True
19192,30,confirmatory_evaluation,12,10,False,False,True,True
19193,30,confirmatory_evaluation,11,10,True,True,True,False
19194,30,confirmatory_evaluation,11,10,True,True,True,False
19196,30,confirmatory_evaluation,22,19,False,False,True,True
19197,30,confirmatory_evaluation,12,11,True,True,True,False
19198,30,confirmatory_evaluation,20,19,True,True,True,False
19201,30,confirmatory_evaluation,15,14,True,True,True,False
19202,30,confirmatory_evaluation,20,18,False,False,True,True
19203,30,confirmatory_evaluation,20,19,True,True,True,False
19204,30,confirmatory_evaluation,16,15,True,True,True,False
19205,30,confirmatory_evaluation,12,11,True,True,True,False
19209,30,confirmatory_evaluation,12,11,True,True,True,False
19210,30,confirmatory_evaluation,20,19,True,True,True,False
19215,30,confirmatory_evaluation,12,11,True,True,True,False
19217,30,confirmatory_evaluation,12,11,False,False,True,True
19219,30,confirmatory_evaluation,14,13,True,True,True,False
19220,30,confirmatory_evaluation,15,14,True,True,True,False
19221,30,confirmatory_evaluation,13,12,True,True,True,False
19224,30,confirmatory_evaluation,11,10,True,True,True,False
19227,30,confirmatory_evaluation,11,10,True,True,True,False
19228,30,confirmatory_evaluation,13,12,True,True,True,False
19229,30,confirmatory_evaluation,14,12,False,False,True,True
19230,31,confirmatory_evaluation,16,15,True,True,True,False
19231,31,confirmatory_evaluation,17,15,False,False,True,True
19232,31,confirmatory_evaluation,21,19,False,False,True,True
19233,31,confirmatory_evaluation,16,15,True,True,True,False
19234,31,confirmatory_evaluation,20,18,False,False,True,True
19235,31,confirmatory_evaluation,21,20,True,True,True,False
19236,31,confirmatory_evaluation,26,25,True,True,True,False
19238,31,confirmatory_evaluation,12,11,True,True,True,False
19239,31,confirmatory_evaluation,14,13,True,True,True,False
19240,31,confirmatory_evaluation,15,14,True,True,True,False
19241,31,confirmatory_evaluation,17,15,False,False,True,True
19242,31,confirmatory_evaluation,12,11,True,True,True,False
19243,31,confirmatory_evaluation,18,17,True,True,True,False
19244,31,confirmatory_evaluation,22,21,True,True,True,False
19245,31,confirmatory_evaluation,12,11,True,True,True,False
19246,31,confirmatory_evaluation,12,11,True,True,True,False
19247,31,confirmatory_evaluation,15,14,True,True,True,False
19248,31,confirmatory_evaluation,18,17,True,True,True,False
19249,31,confirmatory_evaluation,23,22,True,True,True,False
19250,31,confirmatory_evaluation,22,21,True,True,True,False
19251,31,confirmatory_evaluation,15,14,True,True,True,False
19253,31,confirmatory_evaluation,17,16,True,True,True,False
19254,31,confirmatory_evaluation,17,16,True,True,True,False
19257,31,confirmatory_evaluation,16,15,True,True,True,False
19258,31,confirmatory_evaluation,17,16,True,True,True,False
19259,31,confirmatory_evaluation,15,14,True,True,True,False
19260,31,confirmatory_evaluation,12,11,True,True,True,False
19261,31,confirmatory_evaluation,14,13,True,True,True,False
19263,31,confirmatory_evaluation,14,12,False,False,True,True
19264,31,confirmatory_evaluation,27,26,True,True,True,False
19265,31,confirmatory_evaluation,18,14,False,False,True,True
19266,31,confirmatory_evaluation,24,22,False,False,True,True
19267,31,confirmatory_evaluation,19,18,True,True,True,False
19268,31,confirmatory_evaluation,17,16,True,True,True,False
19269,31,confirmatory_evaluation,18,17,True,True,True,False
19270,31,confirmatory_evaluation,20,19,True,True,True,False
19271,31,confirmatory_evaluation,15,13,False,False,True,True
19272,31,confirmatory_evaluation,12,11,False,False,True,True
19273,31,confirmatory_evaluation,20,19,True,True,True,False
19274,31,confirmatory_evaluation,12,11,True,True,True,False
19275,31,confirmatory_evaluation,17,16,True,True,True,False
19276,31,confirmatory_evaluation,12,11,True,True,True,False
19277,31,confirmatory_evaluation,15,14,True,True,True,False
19279,31,confirmatory_evaluation,20,18,False,False,True,True
19281,31,confirmatory_evaluation,12,11,True,True,True,False
19283,31,confirmatory_evaluation,16,15,True,True,True,False
19284,31,confirmatory_evaluation,12,11,True,True,True,False
19285,31,confirmatory_evaluation,15,14,True,True,True,False
19286,31,confirmatory_evaluation,19,15,False,False,True,True
19287,31,confirmatory_evaluation,14,13,True,True,True,False
19288,31,confirmatory_evaluation,18,17,True,True,True,False
19289,31,confirmatory_evaluation,13,11,True,True,True,False
19290,31,confirmatory_evaluation,14,13,True,True,True,False
19291,31,confirmatory_evaluation,18,17,True,True,True,False
19292,31,confirmatory_evaluation,15,14,True,True,True,False
19293,31,confirmatory_evaluation,13,11,False,False,True,True
19296,31,confirmatory_evaluation,13,12,True,True,True,False
19297,31,confirmatory_evaluation,14,13,True,True,True,False
19300,31,confirmatory_evaluation,13,10,False,False,True,True
19301,31,confirmatory_evaluation,20,19,True,True,True,False
19302,31,confirmatory_evaluation,20,19,True,True,True,False
19303,31,confirmatory_evaluation,19,18,True,True,True,False
19305,31,confirmatory_evaluation,17,15,False,False,True,True
19306,31,confirmatory_evaluation,20,18,False,False,True,True
19308,31,confirmatory_evaluation,11,10,True,True,True,False
19309,31,confirmatory_evaluation,11,10,True,True,True,False
19314,31,confirmatory_evaluation,13,10,False,False,True,True
19319,31,confirmatory_evaluation,15,13,False,False,True,True
19320,31,confirmatory_evaluation,11,10,True,True,True,False
19322,31,confirmatory_evaluation,11,10,True,True,True,False
19328,31,confirmatory_evaluation,12,11,True,True,True,False
19329,31,confirmatory_evaluation,11,10,True,True,True,False
19330,31,confirmatory_evaluation,12,10,False,False,True,True
19331,31,confirmatory_evaluation,15,14,True,True,True,False
19332,31,confirmatory_evaluation,12,11,True,True,True,False
19335,31,confirmatory_evaluation,21,20,True,True,True,False
19336,31,confirmatory_evaluation,23,22,True,True,True,False
19338,31,confirmatory_evaluation,17,16,True,True,True,False
19345,31,confirmatory_evaluation,16,15,True,True,True,False
19348,31,confirmatory_evaluation,15,13,False,False,True,True
19352,31,confirmatory_evaluation,12,11,False,False,True,True
19354,31,confirmatory_evaluation,18,16,False,False,True,True
19367,31,confirmatory_evaluation,12,11,True,True,True,False
19368,31,confirmatory_evaluation,16,15,True,True,True,False
19369,31,confirmatory_evaluation,16,15,True,True,True,False
19370,31,confirmatory_evaluation,17,16,True,True,True,False
19371,31,confirmatory_evaluation,17,16,True,True,True,False
19372,31,confirmatory_evaluation,15,13,False,False,True,True
19374,31,confirmatory_evaluation,15,14,True,True,True,False
19375,31,confirmatory_evaluation,12,11,True,True,True,False
19376,31,confirmatory_evaluation,18,17,False,False,True,True
19377,31,confirmatory_evaluation,11,10,True,True,True,False
19378,31,confirmatory_evaluation,15,14,True,True,True,False
19379,31,confirmatory_evaluation,24,23,True,True,True,False
19380,31,confirmatory_evaluation,12,11,True,True,True,False
19381,31,confirmatory_evaluation,15,14,True,True,True,False
19382,31,confirmatory_evaluation,20,19,True,True,True,False
19383,31,confirmatory_evaluation,21,20,True,True,True,False
19384,31,confirmatory_evaluation,13,11,False,False,True,True
19385,31,confirmatory_evaluation,12,11,True,True,True,False
19386,31,confirmatory_evaluation,22,18,False,False,True,True
19387,31,confirmatory_evaluation,17,15,False,False,True,True
19388,31,confirmatory_evaluation,22,21,True,True,True,False
19389,31,confirmatory_evaluation,20,19,True,True,True,False
19390,31,confirmatory_evaluation,13,12,True,True,True,False
19391,31,confirmatory_evaluation,17,16,True,True,True,False
19392,31,confirmatory_evaluation,18,17,True,True,True,False
19395,31,confirmatory_evaluation,14,13,True,True,True,False
19396,31,confirmatory_evaluation,13,12,True,True,True,False
19397,31,confirmatory_evaluation,16,15,True,True,True,False
19398,31,confirmatory_evaluation,14,10,False,False,True,True
19399,31,confirmatory_evaluation,17,15,False,False,True,True
19400,31,confirmatory_evaluation,11,10,True,True,True,False
19401,31,confirmatory_evaluation,17,16,True,True,True,False
19402,31,confirmatory_evaluation,14,13,True,True,True,False
19403,31,confirmatory_evaluation,22,21,True,True,True,False
19405,31,confirmatory_evaluation,16,15,True,True,True,False
19406,31,confirmatory_evaluation,15,14,True,True,True,False
19407,31,confirmatory_evaluation,21,20,False,False,True,True
19408,31,confirmatory_evaluation,16,15,True,True,True,False
19409,31,confirmatory_evaluation,18,17,True,True,True,False
19410,31,confirmatory_evaluation,15,14,True,True,True,False
19411,31,confirmatory_evaluation,24,23,True,True,True,False
19412,31,confirmatory_evaluation,12,11,True,True,True,False
19414,31,confirmatory_evaluation,16,14,False,False,True,True
19415,31,confirmatory_evaluation,19,17,False,False,True,True
19417,31,confirmatory_evaluation,18,16,False,False,True,True
19418,31,confirmatory_evaluation,19,17,False,False,True,True
19419,31,confirmatory_evaluation,15,14,True,True,True,False
19420,31,confirmatory_evaluation,12,11,True,True,True,False
19421,31,confirmatory_evaluation,26,25,True,True,True,False
19422,31,confirmatory_evaluation,14,13,True,True,True,False
19423,31,confirmatory_evaluation,20,19,True,True,True,False
19424,31,confirmatory_evaluation,19,18,True,True,True,False
19425,31,confirmatory_evaluation,19,18,True,True,True,False
19428,31,confirmatory_evaluation,14,12,False,False,True,True
19430,31,confirmatory_evaluation,21,20,True,True,True,False
19431,31,confirmatory_evaluation,12,11,True,True,True,False
19432,31,confirmatory_evaluation,20,17,False,False,True,True
19433,31,confirmatory_evaluation,12,11,True,True,True,False
19435,31,confirmatory_evaluation,19,18,True,True,True,False
19436,31,confirmatory_evaluation,14,13,True,True,True,False
19438,31,confirmatory_evaluation,14,13,True,True,True,False
19439,31,confirmatory_evaluation,21,19,False,False,True,True
19441,31,confirmatory_evaluation,17,16,True,True,True,False
19442,31,confirmatory_evaluation,18,17,True,True,True,False
19444,31,confirmatory_evaluation,19,18,True,True,True,False
19445,31,confirmatory_evaluation,13,12,True,True,True,False
19450,31,confirmatory_evaluation,16,15,True,True,True,False
19451,31,confirmatory_evaluation,11,10,True,True,True,False
19453,31,confirmatory_evaluation,26,24,False,False,True,True
19455,31,confirmatory_evaluation,16,14,False,False,True,True
19456,31,confirmatory_evaluation,25,21,False,False,True,True
19458,31,confirmatory_evaluation,13,12,True,True,True,False
19460,31,confirmatory_evaluation,16,14,False,False,True,True
19464,31,confirmatory_evaluation,15,11,False,False,True,True
19465,31,confirmatory_evaluation,13,11,False,False,True,True
19468,31,confirmatory_evaluation,11,10,True,True,True,False
19470,31,confirmatory_evaluation,13,11,False,False,True,True
19471,31,confirmatory_evaluation,15,14,True,True,True,False
19472,31,confirmatory_evaluation,14,13,True,True,True,False
19473,31,confirmatory_evaluation,20,18,False,False,True,True
19476,31,confirmatory_evaluation,12,10,False,False,True,True
19478,31,confirmatory_evaluation,13,10,False,False,True,True
19479,31,confirmatory_evaluation,16,15,True,True,True,False
19492,31,confirmatory_evaluation,15,13,False,False,True,True
19497,31,confirmatory_evaluation,14,11,False,False,True,True
19501,31,confirmatory_evaluation,11,10,True,True,True,False
19510,31,confirmatory_evaluation,19,16,False,False,True,True
19513,31,confirmatory_evaluation,17,16,True,True,True,False
19514,31,confirmatory_evaluation,17,15,False,False,True,True
19515,31,confirmatory_evaluation,16,13,False,False,True,True
19516,31,confirmatory_evaluation,16,15,True,True,True,False
19517,31,confirmatory_evaluation,21,20,True,True,True,False
19519,31,confirmatory_evaluation,13,11,True,True,True,False
19521,31,confirmatory_evaluation,17,15,False,False,True,True
19522,31,confirmatory_evaluation,19,18,True,True,True,False
19523,31,confirmatory_evaluation,18,16,False,False,True,True
19524,31,confirmatory_evaluation,25,21,False,False,True,True
19525,31,confirmatory_evaluation,11,10,True,True,True,False
19526,31,confirmatory_evaluation,16,15,True,True,True,False
19529,31,confirmatory_evaluation,24,19,False,False,True,True
19530,31,confirmatory_evaluation,13,12,True,True,True,False
19531,31,confirmatory_evaluation,15,14,True,True,True,False
19532,31,confirmatory_evaluation,16,15,True,True,True,False
19533,31,confirmatory_evaluation,26,24,False,False,True,True
19534,31,confirmatory_evaluation,11,10,True,True,True,False
19535,31,confirmatory_evaluation,14,13,True,True,True,False
19536,31,confirmatory_evaluation,17,16,True,True,True,False
19538,31,confirmatory_evaluation,18,17,True,True,True,False
19539,31,confirmatory_evaluation,15,14,True,True,True,False
19540,31,confirmatory_evaluation,20,19,True,True,True,False
19542,31,confirmatory_evaluation,18,16,False,False,True,True
19543,31,confirmatory_evaluation,14,12,False,False,True,True
19544,31,confirmatory_evaluation,16,14,False,False,True,True
19545,31,confirmatory_evaluation,13,12,True,True,True,False
19546,31,confirmatory_evaluation,20,17,False,False,True,True
19547,31,confirmatory_evaluation,14,12,False,False,True,True
19548,31,confirmatory_evaluation,18,16,False,False,True,True
19550,31,confirmatory_evaluation,19,16,False,False,True,True
19552,31,confirmatory_evaluation,22,19,False,False,True,True
19554,31,confirmatory_evaluation,15,13,False,False,True,True
19555,31,confirmatory_evaluation,17,16,True,True,True,False
19556,31,confirmatory_evaluation,19,18,True,True,True,False
19557,31,confirmatory_evaluation,11,10,True,True,True,False
19560,31,confirmatory_evaluation,13,12,True,True,True,False
19561,31,confirmatory_evaluation,12,10,False,False,True,True
19562,31,confirmatory_evaluation,13,12,True,True,True,False
19564,31,confirmatory_evaluation,22,19,False,False,True,True
19565,31,confirmatory_evaluation,12,10,False,False,True,True
19566,31,confirmatory_evaluation,15,13,False,False,True,True
19567,31,confirmatory_evaluation,16,15,True,True,True,False
19568,31,confirmatory_evaluation,18,16,False,False,True,True
19569,31,confirmatory_evaluation,12,11,True,True,True,False
19570,31,confirmatory_evaluation,17,15,False,False,True,True
19571,31,confirmatory_evaluation,15,13,False,False,True,True
19572,31,confirmatory_evaluation,22,19,False,False,True,True
19573,31,confirmatory_evaluation,13,11,True,True,True,False
19574,31,confirmatory_evaluation,13,12,True,True,True,False
19575,31,confirmatory_evaluation,11,10,True,True,True,False
19576,31,confirmatory_evaluation,17,15,False,False,True,True
19577,31,confirmatory_evaluation,19,18,True,True,True,False
19578,31,confirmatory_evaluation,16,14,False,False,True,True
19580,31,confirmatory_evaluation,16,14,False,False,True,True
19581,31,confirmatory_evaluation,13,11,False,False,True,True
19583,31,confirmatory_evaluation,17,16,True,True,True,False
19586,31,confirmatory_evaluation,23,21,False,False,True,True
19588,31,confirmatory_evaluation,25,22,False,False,True,True
19589,31,confirmatory_evaluation,14,13,True,True,True,False
19593,31,confirmatory_evaluation,12,11,True,True,True,False
19594,31,confirmatory_evaluation,12,11,True,True,True,False
19595,31,confirmatory_evaluation,20,17,False,False,True,True
19596,31,confirmatory_evaluation,12,10,True,True,True,False
19598,31,confirmatory_evaluation,16,15,True,True,True,False
19599,31,confirmatory_evaluation,14,13,True,True,True,False
19601,31,confirmatory_evaluation,12,11,True,True,True,False
19602,31,confirmatory_evaluation,14,13,True,True,True,False
19603,31,confirmatory_evaluation,12,11,True,True,True,False
19606,31,confirmatory_evaluation,12,10,False,False,True,True
19607,31,confirmatory_evaluation,16,14,False,False,True,True
19608,31,confirmatory_evaluation,17,14,False,False,True,True
19609,31,confirmatory_evaluation,15,14,True,True,True,False
19611,31,confirmatory_evaluation,18,14,False,False,True,True
19613,31,confirmatory_evaluation,13,12,True,True,True,False
19617,31,confirmatory_evaluation,12,10,False,False,True,True
19619,31,confirmatory_evaluation,15,13,False,False,True,True
19620,31,confirmatory_evaluation,16,15,True,True,True,False
19623,31,confirmatory_evaluation,15,14,True,True,True,False
19630,31,confirmatory_evaluation,11,10,True,True,True,False
19634,31,confirmatory_evaluation,11,10,True,True,True,False
19636,31,confirmatory_evaluation,16,15,False,False,True,True
19640,31,confirmatory_evaluation,11,10,True,True,True,False
19642,31,confirmatory_evaluation,11,10,True,True,True,False
19643,31,confirmatory_evaluation,11,10,True,True,True,False
