route_id,route_week,split,row_count,delivery_stop_count
6,0,training,14,13
7,0,training,15,14
9,0,training,11,10
13,0,training,15,14
15,0,training,14,13
16,0,training,15,14
18,0,training,24,23
19,0,training,17,16
20,0,training,15,14
21,0,training,17,16
22,0,training,12,11
23,0,training,23,22
24,0,training,14,13
25,0,training,23,22
26,0,training,11,10
30,0,training,18,17
31,0,training,15,14
33,0,training,14,13
36,0,training,17,16
37,0,training,17,16
39,0,training,24,23
40,0,training,14,13
41,0,training,16,15
42,0,training,18,17
43,0,training,17,16
46,0,training,12,11
48,0,training,22,21
52,0,training,19,18
53,0,training,17,16
56,0,training,11,10
58,0,training,11,10
61,0,training,18,17
62,0,training,15,14
66,0,training,11,10
67,0,training,17,16
72,0,training,15,14
78,0,training,12,11
85,0,training,12,11
99,0,training,12,11
102,0,training,11,10
106,0,training,12,11
107,0,training,16,15
108,0,training,17,16
109,0,training,12,11
110,0,training,18,17
111,0,training,13,12
112,0,training,15,14
113,0,training,14,13
115,0,training,14,13
118,0,training,16,15
119,0,training,12,11
120,0,training,23,22
121,0,training,13,12
122,0,training,14,13
123,0,training,17,16
126,0,training,11,10
128,0,training,16,15
130,0,training,14,13
132,0,training,16,15
135,0,training,12,11
140,0,training,19,18
145,0,training,12,11
146,0,training,17,16
147,0,training,13,12
148,0,training,16,15
150,0,training,14,13
159,0,training,11,10
161,0,training,11,10
171,0,training,17,14
172,0,training,13,12
178,0,training,11,10
179,0,training,12,11
188,0,training,16,15
198,0,training,15,14
200,0,training,12,11
201,0,training,13,12
208,0,training,12,11
211,0,training,15,14
213,0,training,18,17
214,0,training,12,11
216,0,training,14,13
217,0,training,15,14
218,0,training,12,11
219,0,training,14,13
220,0,training,12,11
231,0,training,12,11
232,0,training,12,11
233,0,training,23,22
235,0,training,13,12
236,0,training,21,20
238,0,training,21,20
240,0,training,17,16
243,0,training,14,13
245,0,training,13,12
247,0,training,12,11
248,0,training,13,12
251,0,training,21,20
252,0,training,17,16
253,0,training,12,11
256,0,training,16,15
261,0,training,12,11
262,0,training,11,10
263,0,training,12,11
264,0,training,16,15
265,0,training,15,14
277,0,training,19,18
278,0,training,11,10
281,0,training,14,13
287,0,training,12,10
300,0,training,17,16
302,0,training,15,14
308,0,training,11,10
309,0,training,16,15
310,0,training,11,10
312,0,training,11,10
313,0,training,13,12
317,0,training,12,11
318,0,training,13,12
319,0,training,11,10
320,0,training,14,13
321,0,training,14,13
323,0,training,12,11
324,0,training,12,11
326,0,training,18,17
327,0,training,17,16
329,0,training,14,13
331,0,training,15,14
332,0,training,15,14
333,0,training,13,12
335,0,training,14,13
336,0,training,16,15
337,0,training,11,10
338,0,training,20,19
339,0,training,14,13
343,0,training,21,20
345,0,training,11,10
346,0,training,16,15
347,0,training,13,12
351,0,training,11,10
352,0,training,13,12
354,0,training,16,15
355,0,training,16,15
356,0,training,11,10
358,0,training,14,13
360,0,training,15,14
364,0,training,16,15
365,0,training,14,13
368,0,training,13,12
370,0,training,14,13
371,0,training,16,15
372,0,training,14,13
375,0,training,15,14
381,0,training,16,15
385,0,training,12,11
391,0,training,12,11
394,0,training,18,17
396,0,training,12,11
397,0,training,14,13
410,0,training,11,10
416,0,training,12,11
422,0,training,11,10
423,0,training,14,13
424,0,training,15,14
428,1,training,18,17
429,1,training,18,17
430,1,training,13,12
431,1,training,22,21
432,1,training,17,16
434,1,training,16,15
435,1,training,15,14
437,1,training,13,12
438,1,training,15,14
439,1,training,13,12
440,1,training,24,23
442,1,training,13,12
444,1,training,16,15
445,1,training,16,15
446,1,training,20,19
447,1,training,16,15
450,1,training,11,10
452,1,training,15,14
453,1,training,15,14
454,1,training,20,19
457,1,training,15,14
458,1,training,14,13
459,1,training,19,18
460,1,training,16,15
461,1,training,15,14
463,1,training,21,20
465,1,training,17,16
469,1,training,15,14
471,1,training,12,11
472,1,training,21,20
473,1,training,17,16
476,1,training,16,15
478,1,training,15,14
481,1,training,12,11
482,1,training,20,19
486,1,training,13,12
488,1,training,17,16
490,1,training,14,13
491,1,training,15,14
501,1,training,12,11
502,1,training,13,12
503,1,training,12,11
506,1,training,12,11
509,1,training,14,13
510,1,training,14,13
513,1,training,19,18
515,1,training,14,13
524,1,training,20,19
532,1,training,12,11
535,1,training,13,12
537,1,training,11,10
538,1,training,14,13
541,1,training,16,15
542,1,training,13,12
543,1,training,15,14
544,1,training,11,10
545,1,training,17,16
546,1,training,11,10
547,1,training,12,11
548,1,training,17,16
549,1,training,15,14
552,1,training,17,16
553,1,training,17,16
555,1,training,12,11
556,1,training,12,11
557,1,training,14,13
559,1,training,18,17
560,1,training,12,11
561,1,training,19,18
562,1,training,13,12
565,1,training,11,10
566,1,training,19,18
569,1,training,16,15
570,1,training,19,18
572,1,training,19,18
573,1,training,18,17
574,1,training,12,11
575,1,training,14,13
576,1,training,21,20
577,1,training,12,10
578,1,training,18,16
580,1,training,15,14
581,1,training,11,10
582,1,training,19,18
589,1,training,11,10
590,1,training,18,17
593,1,training,17,16
598,1,training,12,11
600,1,training,20,19
601,1,training,13,12
603,1,training,17,16
605,1,training,16,15
608,1,training,13,12
611,1,training,11,10
619,1,training,14,13
621,1,training,11,10
641,1,training,11,10
648,1,training,11,10
651,1,training,15,14
652,1,training,14,13
654,1,training,14,13
655,1,training,11,10
656,1,training,18,17
657,1,training,18,17
658,1,training,18,17
659,1,training,11,10
661,1,training,11,10
662,1,training,18,17
663,1,training,11,10
665,1,training,15,14
667,1,training,15,14
672,1,training,23,22
673,1,training,14,13
677,1,training,11,10
679,1,training,12,11
680,1,training,13,12
681,1,training,16,15
682,1,training,16,15
683,1,training,15,14
685,1,training,14,12
686,1,training,15,14
692,1,training,13,11
697,1,training,11,10
698,1,training,20,18
699,1,training,15,14
702,1,training,11,10
703,1,training,11,10
704,1,training,16,15
708,1,training,13,12
709,1,training,16,15
710,1,training,14,13
711,1,training,23,22
712,1,training,14,13
715,1,training,16,15
716,1,training,13,12
719,1,training,15,14
720,1,training,17,14
726,1,training,11,10
727,1,training,16,15
729,1,training,11,10
738,1,training,13,12
748,1,training,14,13
752,1,training,12,11
754,1,training,15,14
761,1,training,15,14
775,1,training,12,11
782,1,training,11,10
785,1,training,16,15
787,1,training,12,11
795,1,training,21,20
796,1,training,12,10
797,1,training,20,18
804,1,training,23,22
806,1,training,12,11
807,1,training,13,12
812,1,training,11,10
817,1,training,25,24
819,1,training,18,17
820,1,training,11,10
823,1,training,13,12
838,1,training,14,13
859,1,training,11,10
861,1,training,13,12
862,1,training,11,10
863,1,training,12,11
865,1,training,11,10
868,1,training,13,12
870,1,training,17,16
871,1,training,15,14
873,1,training,14,13
874,1,training,11,10
875,1,training,16,15
876,1,training,14,13
877,1,training,11,10
878,1,training,16,15
881,1,training,16,15
882,1,training,12,11
884,1,training,14,13
885,1,training,24,23
886,1,training,14,13
887,1,training,14,13
888,1,training,13,12
890,1,training,12,11
891,1,training,16,15
892,1,training,12,11
893,1,training,16,15
894,1,training,16,15
895,1,training,27,26
897,1,training,18,17
899,1,training,13,12
903,1,training,15,14
904,1,training,15,14
905,1,training,12,11
906,1,training,11,10
907,1,training,12,11
909,1,training,18,17
910,1,training,12,11
913,1,training,18,17
914,1,training,16,15
916,1,training,15,14
917,1,training,18,17
921,1,training,14,13
922,1,training,17,16
923,1,training,17,16
925,1,training,19,18
928,1,training,11,10
930,1,training,11,10
931,1,training,11,10
933,1,training,13,12
936,1,training,14,13
940,1,training,14,12
942,1,training,16,15
943,1,training,15,14
947,1,training,12,11
948,1,training,12,11
952,1,training,21,20
955,1,training,16,15
956,1,training,13,12
957,1,training,11,10
964,1,training,12,11
969,1,training,16,15
970,1,training,15,14
974,1,training,14,13
978,1,training,15,14
987,1,training,15,14
989,1,training,14,13
990,1,training,15,14
992,2,training,14,13
993,2,training,17,16
994,2,training,20,19
995,2,training,16,15
996,2,training,12,11
997,2,training,19,18
999,2,training,14,13
1001,2,training,20,19
1002,2,training,18,17
1003,2,training,12,11
1004,2,training,16,15
1005,2,training,13,12
1006,2,training,18,17
1008,2,training,20,19
1009,2,training,21,20
1010,2,training,11,10
1011,2,training,26,25
1012,2,training,18,17
1016,2,training,19,18
1019,2,training,12,11
1020,2,training,15,14
1021,2,training,14,13
1022,2,training,13,12
1023,2,training,17,16
1025,2,training,12,11
1028,2,training,18,17
1030,2,training,24,23
1031,2,training,19,18
1034,2,training,11,10
1035,2,training,20,19
1037,2,training,13,12
1041,2,training,21,20
1042,2,training,16,15
1044,2,training,14,13
1045,2,training,15,14
1049,2,training,13,12
1052,2,training,21,20
1053,2,training,14,13
1054,2,training,19,18
1056,2,training,15,14
1057,2,training,11,10
1058,2,training,17,16
1059,2,training,17,15
1074,2,training,15,14
1079,2,training,13,12
1087,2,training,14,13
1097,2,training,13,12
1098,2,training,12,11
1099,2,training,16,15
1100,2,training,13,12
1102,2,training,15,14
1103,2,training,13,12
1104,2,training,16,15
1108,2,training,14,13
1109,2,training,19,18
1111,2,training,13,12
1113,2,training,21,20
1114,2,training,16,15
1116,2,training,15,14
1117,2,training,14,13
1119,2,training,15,14
1120,2,training,14,13
1125,2,training,14,13
1127,2,training,20,18
1128,2,training,14,13
1135,2,training,20,19
1137,2,training,20,19
1138,2,training,16,15
1141,2,training,20,19
1142,2,training,25,23
1143,2,training,14,13
1145,2,training,17,16
1147,2,training,13,12
1149,2,training,17,16
1150,2,training,13,12
1151,2,training,16,15
1156,2,training,24,23
1160,2,training,12,11
1169,2,training,15,13
1179,2,training,15,14
1180,2,training,14,10
1181,2,training,15,14
1200,2,training,12,11
1204,2,training,12,11
1208,2,training,11,10
1212,2,training,17,16
1213,2,training,11,10
1214,2,training,12,11
1216,2,training,23,22
1217,2,training,12,11
1218,2,training,17,16
1219,2,training,17,16
1221,2,training,14,13
1223,2,training,13,12
1224,2,training,12,11
1225,2,training,12,11
1226,2,training,13,12
1227,2,training,12,11
1228,2,training,14,13
1229,2,training,14,13
1230,2,training,16,15
1232,2,training,11,10
1233,2,training,11,10
1235,2,training,15,14
1236,2,training,13,12
1237,2,training,15,14
1238,2,training,14,13
1239,2,training,14,13
1241,2,training,11,10
1242,2,training,19,18
1245,2,training,11,10
1246,2,training,11,10
1248,2,training,15,14
1249,2,training,13,12
1250,2,training,14,13
1253,2,training,13,12
1257,2,training,11,10
1262,2,training,15,14
1263,2,training,14,13
1264,2,training,14,13
1266,2,training,12,11
1272,2,training,11,10
1279,2,training,14,13
1288,2,training,14,13
1294,2,training,12,11
1298,2,training,14,13
1308,2,training,15,14
1317,2,training,14,13
1320,2,training,14,13
1321,2,training,15,14
1323,2,training,13,12
1324,2,training,17,16
1325,2,training,14,13
1327,2,training,20,19
1328,2,training,21,20
1329,2,training,16,15
1330,2,training,14,13
1331,2,training,13,12
1332,2,training,14,13
1334,2,training,13,12
1335,2,training,11,10
1336,2,training,13,12
1337,2,training,12,11
1338,2,training,13,12
1339,2,training,18,17
1340,2,training,18,17
1342,2,training,17,16
1343,2,training,11,10
1346,2,training,14,13
1348,2,training,19,18
1349,2,training,18,17
1350,2,training,14,13
1353,2,training,15,14
1354,2,training,21,20
1355,2,training,15,14
1362,2,training,24,23
1366,2,training,12,11
1371,2,training,12,11
1372,2,training,13,12
1375,2,training,18,17
1376,2,training,20,19
1378,2,training,12,11
1383,2,training,21,20
1386,2,training,11,10
1395,2,training,11,10
1398,2,training,12,10
1399,2,training,15,13
1420,2,training,11,10
1422,2,training,12,11
1423,2,training,11,10
1424,2,training,13,12
1427,2,training,11,10
1433,2,training,15,14
1434,2,training,11,10
1436,2,training,13,12
1437,2,training,16,15
1438,2,training,13,12
1439,2,training,14,13
1440,2,training,13,12
1441,2,training,15,14
1442,2,training,13,12
1443,2,training,18,17
1444,2,training,17,16
1446,2,training,13,12
1447,2,training,14,13
1448,2,training,13,12
1450,2,training,11,10
1451,2,training,14,13
1452,2,training,18,17
1454,2,training,13,12
1456,2,training,18,17
1459,2,training,13,12
1465,2,training,16,15
1466,2,training,13,12
1471,2,training,15,14
1472,2,training,13,12
1473,2,training,16,15
1475,2,training,16,15
1476,2,training,11,10
1477,2,training,15,14
1481,2,training,16,15
1483,2,training,14,13
1484,2,training,17,16
1486,2,training,13,12
1487,2,training,11,10
1489,2,training,18,17
1490,2,training,15,14
1491,2,training,19,18
1492,2,training,15,14
1493,2,training,17,16
1494,2,training,18,16
1496,2,training,13,11
1498,2,training,11,10
1499,2,training,12,11
1501,2,training,13,11
1503,2,training,13,12
1505,2,training,12,11
1507,2,training,13,12
1509,2,training,19,17
1512,2,training,11,10
1521,2,training,11,10
1533,2,training,12,11
1535,2,training,15,14
1536,2,training,11,10
1539,2,training,17,16
1540,2,training,15,14
1541,2,training,12,11
1545,3,training,18,17
1546,3,training,18,17
1547,3,training,13,12
1548,3,training,19,18
1549,3,training,15,14
1550,3,training,19,18
1551,3,training,16,15
1552,3,training,19,18
1553,3,training,13,12
1554,3,training,25,24
1555,3,training,12,11
1556,3,training,13,12
1557,3,training,17,16
1558,3,training,17,16
1559,3,training,23,22
1560,3,training,16,15
1561,3,training,14,13
1562,3,training,14,13
1563,3,training,20,19
1564,3,training,22,21
1565,3,training,19,18
1566,3,training,15,14
1567,3,training,16,15
1568,3,training,15,14
1570,3,training,14,13
1571,3,training,13,12
1572,3,training,15,14
1573,3,training,15,14
1576,3,training,14,13
1577,3,training,19,18
1578,3,training,19,18
1580,3,training,12,11
1583,3,training,23,22
1586,3,training,12,11
1589,3,training,19,18
1591,3,training,17,16
1592,3,training,16,15
1596,3,training,12,10
1597,3,training,18,17
1600,3,training,11,10
1601,3,training,20,19
1602,3,training,11,10
1604,3,training,12,11
1605,3,training,15,14
1614,3,training,12,11
1615,3,training,12,11
1624,3,training,17,16
1630,3,training,12,11
1636,3,training,14,13
1639,3,training,15,14
1645,3,training,16,15
1648,3,training,14,13
1649,3,training,14,13
1650,3,training,14,13
1651,3,training,14,13
1652,3,training,11,10
1653,3,training,14,13
1654,3,training,15,14
1655,3,training,16,15
1656,3,training,17,16
1657,3,training,19,18
1658,3,training,16,15
1659,3,training,11,10
1660,3,training,18,17
1661,3,training,20,19
1663,3,training,14,13
1665,3,training,20,18
1666,3,training,14,13
1667,3,training,14,13
1668,3,training,13,12
1669,3,training,12,11
1671,3,training,19,18
1672,3,training,16,15
1673,3,training,14,13
1674,3,training,15,14
1675,3,training,11,10
1678,3,training,21,20
1680,3,training,16,15
1681,3,training,12,11
1684,3,training,12,11
1685,3,training,25,24
1688,3,training,17,16
1690,3,training,18,17
1691,3,training,18,17
1703,3,training,12,11
1708,3,training,13,12
1709,3,training,13,12
1713,3,training,13,12
1715,3,training,13,12
1716,3,training,13,12
1719,3,training,12,11
1722,3,training,16,15
1723,3,training,11,10
1725,3,training,11,10
1751,3,training,11,10
1754,3,training,11,10
1757,3,training,19,18
1758,3,training,21,20
1759,3,training,14,13
1760,3,training,13,12
1761,3,training,17,16
1763,3,training,16,15
1765,3,training,14,13
1766,3,training,17,16
1767,3,training,12,11
1768,3,training,11,10
1769,3,training,14,13
1774,3,training,17,16
1775,3,training,13,12
1776,3,training,23,22
1777,3,training,14,13
1780,3,training,14,13
1781,3,training,13,12
1782,3,training,16,15
1783,3,training,13,12
1784,3,training,16,15
1786,3,training,17,16
1787,3,training,14,13
1788,3,training,17,15
1789,3,training,16,15
1797,3,training,15,14
1801,3,training,11,10
1802,3,training,15,14
1806,3,training,13,12
1807,3,training,20,19
1808,3,training,13,12
1809,3,training,13,12
1810,3,training,12,11
1812,3,training,13,12
1815,3,training,12,11
1817,3,training,13,12
1819,3,training,17,16
1823,3,training,14,13
1825,3,training,11,10
1828,3,training,17,16
1834,3,training,12,11
1836,3,training,15,14
1857,3,training,11,10
1860,3,training,11,10
1866,3,training,14,13
1867,3,training,13,12
1868,3,training,12,11
1869,3,training,11,10
1870,3,training,15,14
1871,3,training,20,19
1872,3,training,15,14
1873,3,training,12,11
1875,3,training,11,10
1876,3,training,17,16
1877,3,training,12,11
1879,3,training,13,12
1880,3,training,11,10
1881,3,training,16,15
1882,3,training,19,18
1883,3,training,19,18
1887,3,training,12,11
1888,3,training,11,10
1889,3,training,11,10
1890,3,training,13,12
1891,3,training,15,14
1892,3,training,15,14
1896,3,training,15,14
1899,3,training,14,13
1900,3,training,21,20
1902,3,training,14,13
1903,3,training,12,11
1908,3,training,27,26
1910,3,training,11,10
1914,3,training,14,13
1916,3,training,11,10
1917,3,training,16,15
1918,3,training,14,13
1923,3,training,21,20
1925,3,training,16,15
1927,3,training,22,20
1930,3,training,23,22
1932,3,training,14,13
1933,3,training,22,21
1936,3,training,15,14
1938,3,training,12,11
1941,3,training,11,10
1942,3,training,13,11
1943,3,training,11,10
1954,3,training,13,12
1965,3,training,17,16
1972,3,training,14,13
1977,3,training,11,10
1978,3,training,19,18
1979,3,training,14,13
1980,3,training,18,17
1983,3,training,16,15
1984,3,training,15,14
1985,3,training,19,18
1986,3,training,15,14
1988,3,training,21,20
1989,3,training,14,13
1991,3,training,17,16
1992,3,training,18,17
1995,3,training,14,13
1996,3,training,15,14
1997,3,training,26,25
2000,3,training,15,14
2003,3,training,13,12
2004,3,training,13,12
2005,3,training,13,12
2006,3,training,11,10
2009,3,training,12,11
2010,3,training,12,11
2011,3,training,18,17
2012,3,training,14,13
2013,3,training,13,12
2014,3,training,18,17
2015,3,training,12,11
2016,3,training,16,14
2018,3,training,12,11
2021,3,training,17,16
2022,3,training,21,20
2024,3,training,14,13
2025,3,training,11,10
2027,3,training,14,13
2028,3,training,15,14
2029,3,training,15,14
2031,3,training,13,12
2040,3,training,13,12
2041,3,training,13,12
2053,3,training,11,10
2056,3,training,14,13
2065,3,training,14,13
2067,3,training,14,13
2069,3,training,12,11
2072,3,training,17,16
2077,3,training,11,10
2078,3,training,11,10
2085,3,training,15,14
2086,3,training,14,13
2090,4,training,14,13
2091,4,training,15,14
2092,4,training,16,15
2093,4,training,17,16
2094,4,training,15,14
2095,4,training,17,16
2096,4,training,21,20
2097,4,training,14,13
2100,4,training,18,17
2101,4,training,16,15
2102,4,training,19,18
2104,4,training,13,12
2106,4,training,13,12
2108,4,training,19,18
2110,4,training,13,12
2112,4,training,16,15
2113,4,training,15,14
2114,4,training,19,18
2116,4,training,19,18
2118,4,training,21,20
2119,4,training,15,14
2120,4,training,18,17
2121,4,training,18,17
2122,4,training,22,21
2123,4,training,11,10
2124,4,training,23,22
2125,4,training,17,16
2127,4,training,19,18
2128,4,training,15,14
2132,4,training,15,14
2138,4,training,16,15
2139,4,training,18,17
2144,4,training,16,15
2146,4,training,15,14
2147,4,training,11,10
2148,4,training,13,12
2150,4,training,22,21
2151,4,training,21,20
2152,4,training,15,14
2157,4,training,14,13
2162,4,training,13,12
2165,4,training,11,10
2166,4,training,14,13
2167,4,training,13,12
2173,4,training,12,11
2181,4,training,14,13
2183,4,training,11,10
2188,4,training,13,12
2194,4,training,15,14
2195,4,training,16,15
2196,4,training,15,14
2197,4,training,18,17
2198,4,training,15,14
2199,4,training,13,12
2200,4,training,15,14
2201,4,training,12,11
2202,4,training,15,14
2203,4,training,19,18
2204,4,training,20,19
2206,4,training,18,17
2207,4,training,17,16
2209,4,training,20,19
2210,4,training,17,16
2211,4,training,14,13
2212,4,training,16,15
2216,4,training,20,19
2219,4,training,13,12
2220,4,training,18,17
2221,4,training,18,17
2222,4,training,13,12
2225,4,training,18,17
2226,4,training,15,14
2228,4,training,11,10
2231,4,training,16,15
2234,4,training,18,17
2235,4,training,15,14
2236,4,training,13,12
2237,4,training,15,14
2242,4,training,11,10
2243,4,training,14,13
2246,4,training,12,11
2248,4,training,11,10
2250,4,training,14,13
2252,4,training,14,12
2254,4,training,11,10
2258,4,training,12,11
2259,4,training,21,20
2261,4,training,16,15
2269,4,training,14,13
2271,4,training,15,14
2276,4,training,11,10
2277,4,training,13,12
2302,4,training,11,10
2306,4,training,14,13
2308,4,training,20,19
2309,4,training,14,13
2311,4,training,17,16
2312,4,training,18,17
2313,4,training,17,16
2314,4,training,12,11
2316,4,training,17,16
2318,4,training,15,14
2319,4,training,23,22
2322,4,training,13,12
2323,4,training,13,12
2324,4,training,12,11
2326,4,training,13,12
2327,4,training,16,15
2328,4,training,13,12
2329,4,training,11,10
2330,4,training,12,11
2331,4,training,15,14
2332,4,training,11,10
2333,4,training,13,12
2335,4,training,13,12
2336,4,training,18,17
2339,4,training,14,13
2342,4,training,16,15
2344,4,training,15,14
2345,4,training,11,10
2346,4,training,13,12
2347,4,training,11,10
2348,4,training,16,15
2352,4,training,11,10
2355,4,training,14,13
2356,4,training,14,13
2359,4,training,17,16
2361,4,training,16,15
2369,4,training,12,10
2371,4,training,14,13
2378,4,training,16,15
2380,4,training,13,12
2383,4,training,15,14
2386,4,training,16,15
2411,4,training,14,13
2413,4,training,15,14
2445,4,training,15,14
2448,4,training,14,13
2455,4,training,21,20
2459,4,training,20,19
2467,4,training,18,17
2468,4,training,14,12
2469,4,training,11,10
2474,4,training,19,18
2476,4,training,20,19
2480,4,training,23,22
2481,4,training,14,13
2483,4,training,11,10
2489,4,training,12,11
2496,4,training,13,12
2513,4,training,12,10
2518,4,training,12,11
2519,4,training,14,13
2520,4,training,11,10
2523,4,training,12,11
2527,4,training,16,15
2529,4,training,12,11
2530,4,training,15,14
2531,4,training,17,16
2532,4,training,13,12
2533,4,training,16,15
2534,4,training,11,10
2535,4,training,17,16
2536,4,training,16,15
2537,4,training,13,12
2538,4,training,16,15
2539,4,training,12,11
2542,4,training,13,12
2544,4,training,14,13
2546,4,training,18,17
2547,4,training,15,14
2548,4,training,16,15
2549,4,training,11,10
2550,4,training,14,13
2551,4,training,14,13
2553,4,training,14,13
2555,4,training,12,11
2556,4,training,12,11
2557,4,training,14,13
2560,4,training,18,17
2562,4,training,13,12
2563,4,training,12,11
2565,4,training,17,16
2566,4,training,11,10
2567,4,training,18,17
2570,4,training,18,17
2573,4,training,18,17
2576,4,training,15,14
2577,4,training,12,11
2578,4,training,15,14
2581,4,training,14,12
2582,4,training,15,14
2583,4,training,11,10
2585,4,training,13,12
2593,4,training,17,16
2594,4,training,12,11
2595,4,training,11,10
2601,4,training,14,13
2602,4,training,18,17
2604,4,training,15,14
2612,4,training,13,11
2628,4,training,11,10
2634,4,training,11,10
2638,4,training,11,10
2639,4,training,13,12
2640,4,training,16,15
2642,5,training,12,11
2643,5,training,20,19
2644,5,training,11,10
2645,5,training,19,18
2646,5,training,16,15
2647,5,training,25,24
2648,5,training,16,15
2649,5,training,17,16
2650,5,training,12,11
2651,5,training,18,17
2652,5,training,19,18
2653,5,training,17,16
2654,5,training,15,14
2656,5,training,13,12
2657,5,training,18,17
2658,5,training,23,22
2660,5,training,16,15
2661,5,training,21,20
2662,5,training,15,14
2663,5,training,27,26
2664,5,training,18,17
2667,5,training,15,14
2668,5,training,15,14
2669,5,training,15,14
2670,5,training,13,12
2671,5,training,24,22
2672,5,training,16,15
2673,5,training,19,18
2674,5,training,22,21
2676,5,training,16,15
2678,5,training,16,15
2680,5,training,20,19
2682,5,training,12,10
2683,5,training,24,23
2684,5,training,16,15
2685,5,training,11,10
2686,5,training,16,15
2687,5,training,17,16
2690,5,training,15,14
2691,5,training,20,19
2694,5,training,16,15
2695,5,training,15,14
2699,5,training,20,19
2700,5,training,20,19
2701,5,training,14,13
2702,5,training,14,13
2703,5,training,18,17
2705,5,training,18,17
2706,5,training,23,22
2707,5,training,19,18
2708,5,training,15,14
2714,5,training,16,15
2716,5,training,11,10
2719,5,training,11,10
2726,5,training,13,11
2728,5,training,17,16
2731,5,training,13,12
2741,5,training,11,10
2744,5,training,11,10
2745,5,training,13,12
2747,5,training,12,11
2753,5,training,15,14
2754,5,training,15,14
2755,5,training,17,16
2756,5,training,17,16
2757,5,training,16,15
2758,5,training,13,12
2759,5,training,15,14
2760,5,training,18,17
2761,5,training,15,14
2762,5,training,13,12
2763,5,training,16,15
2764,5,training,15,14
2767,5,training,16,15
2768,5,training,20,19
2769,5,training,20,19
2773,5,training,15,14
2775,5,training,17,16
2776,5,training,16,15
2777,5,training,24,23
2781,5,training,19,18
2782,5,training,17,16
2783,5,training,15,14
2784,5,training,11,10
2786,5,training,13,12
2787,5,training,11,10
2793,5,training,15,14
2795,5,training,19,18
2796,5,training,12,11
2798,5,training,17,16
2802,5,training,17,16
2804,5,training,17,13
2812,5,training,24,23
2816,5,training,17,16
2817,5,training,16,15
2823,5,training,16,15
2825,5,training,13,11
2831,5,training,11,10
2834,5,training,16,15
2836,5,training,14,13
2855,5,training,11,10
2857,5,training,13,12
2859,5,training,13,12
2860,5,training,18,17
2861,5,training,16,15
2862,5,training,12,11
2863,5,training,19,18
2864,5,training,14,13
2865,5,training,19,18
2867,5,training,13,12
2868,5,training,11,10
2869,5,training,11,10
2870,5,training,17,16
2871,5,training,17,16
2872,5,training,22,21
2874,5,training,12,11
2875,5,training,18,17
2876,5,training,11,10
2877,5,training,17,16
2878,5,training,13,12
2879,5,training,15,14
2881,5,training,11,10
2882,5,training,11,10
2883,5,training,14,13
2885,5,training,15,14
2889,5,training,12,11
2892,5,training,13,12
2896,5,training,13,12
2898,5,training,14,13
2899,5,training,16,15
2900,5,training,12,11
2901,5,training,15,14
2903,5,training,11,10
2905,5,training,14,13
2906,5,training,18,17
2909,5,training,13,12
2910,5,training,11,10
2914,5,training,16,15
2920,5,training,12,11
2924,5,training,13,12
2936,5,training,13,12
2950,5,training,13,12
2952,5,training,14,13
2953,5,training,11,10
2955,5,training,14,13
2956,5,training,11,10
2957,5,training,13,12
2959,5,training,13,12
2960,5,training,13,12
2961,5,training,13,12
2962,5,training,18,17
2963,5,training,16,15
2964,5,training,21,20
2965,5,training,15,14
2966,5,training,16,15
2968,5,training,11,10
2969,5,training,12,11
2970,5,training,12,11
2971,5,training,12,11
2973,5,training,18,17
2975,5,training,19,18
2976,5,training,15,14
2977,5,training,12,11
2979,5,training,21,20
2984,5,training,15,14
2985,5,training,15,13
2986,5,training,18,17
2988,5,training,18,17
2990,5,training,13,12
2992,5,training,20,19
2996,5,training,16,15
2997,5,training,18,17
2998,5,training,20,19
2999,5,training,13,12
3004,5,training,20,18
3005,5,training,12,11
3008,5,training,11,10
3009,5,training,16,15
3012,5,training,11,10
3025,5,training,17,15
3030,5,training,14,12
3031,5,training,19,17
3047,5,training,12,11
3050,5,training,12,11
3053,5,training,13,12
3054,5,training,11,10
3055,5,training,14,13
3057,5,training,18,17
3058,5,training,11,10
3059,5,training,14,13
3060,5,training,15,14
3061,5,training,13,12
3062,5,training,13,12
3063,5,training,15,14
3064,5,training,11,10
3065,5,training,12,11
3068,5,training,14,13
3069,5,training,12,11
3070,5,training,12,11
3072,5,training,25,24
3073,5,training,11,10
3074,5,training,14,13
3075,5,training,17,16
3077,5,training,15,14
3079,5,training,14,13
3080,5,training,18,17
3082,5,training,21,20
3083,5,training,13,12
3086,5,training,11,10
3087,5,training,14,13
3088,5,training,20,19
3089,5,training,14,13
3090,5,training,17,16
3096,5,training,13,12
3097,5,training,18,17
3099,5,training,12,11
3100,5,training,12,11
3105,5,training,12,11
3107,5,training,20,19
3111,5,training,11,10
3117,5,training,13,12
3121,5,training,12,11
3136,5,training,11,10
3137,5,training,13,12
3143,5,training,11,10
3144,5,training,13,12
3150,5,training,11,10
3151,5,training,11,10
3153,5,training,11,10
3155,5,training,15,14
3156,5,training,14,13
3159,6,training,11,10
3160,6,training,11,10
3161,6,training,16,15
3162,6,training,19,18
3164,6,training,14,13
3167,6,training,16,15
3168,6,training,19,18
3169,6,training,20,19
3170,6,training,19,18
3172,6,training,24,23
3174,6,training,12,11
3176,6,training,12,11
3177,6,training,16,15
3178,6,training,15,14
3179,6,training,14,13
3181,6,training,11,10
3182,6,training,16,15
3183,6,training,12,11
3184,6,training,11,10
3185,6,training,17,16
3187,6,training,14,13
3188,6,training,14,13
3189,6,training,17,16
3191,6,training,19,18
3192,6,training,15,14
3193,6,training,22,21
3196,6,training,15,14
3200,6,training,12,11
3201,6,training,23,22
3203,6,training,16,15
3204,6,training,12,11
3206,6,training,20,19
3208,6,training,16,15
3209,6,training,14,13
3210,6,training,17,16
3213,6,training,13,12
3217,6,training,13,12
3218,6,training,21,20
3222,6,training,13,12
3227,6,training,12,11
3229,6,training,18,17
3230,6,training,11,10
3234,6,training,12,11
3238,6,training,18,17
3241,6,training,16,15
3249,6,training,11,10
3254,6,training,14,13
3261,6,training,11,10
3267,6,training,11,10
3268,6,training,13,12
3269,6,training,15,14
3271,6,training,14,13
3272,6,training,15,14
3273,6,training,12,11
3274,6,training,14,13
3275,6,training,15,14
3276,6,training,16,15
3277,6,training,13,12
3278,6,training,13,12
3280,6,training,13,12
3282,6,training,12,11
3283,6,training,18,17
3285,6,training,20,19
3286,6,training,16,15
3288,6,training,16,15
3291,6,training,16,15
3292,6,training,17,16
3294,6,training,12,11
3295,6,training,12,11
3296,6,training,15,14
3297,6,training,13,12
3298,6,training,16,15
3299,6,training,18,17
3302,6,training,20,19
3308,6,training,12,11
3311,6,training,11,10
3312,6,training,12,11
3314,6,training,12,11
3315,6,training,16,15
3316,6,training,16,15
3317,6,training,14,13
3321,6,training,13,12
3322,6,training,21,20
3323,6,training,14,13
3324,6,training,15,14
3329,6,training,15,13
3332,6,training,15,14
3333,6,training,12,11
3334,6,training,15,14
3338,6,training,13,12
3344,6,training,15,14
3348,6,training,18,14
3377,6,training,11,10
3378,6,training,11,10
3383,6,training,11,10
3386,6,training,11,10
3387,6,training,19,18
3388,6,training,18,17
3391,6,training,16,15
3392,6,training,12,11
3393,6,training,16,15
3394,6,training,13,12
3395,6,training,14,13
3396,6,training,11,10
3399,6,training,14,13
3403,6,training,21,20
3405,6,training,12,11
3408,6,training,17,16
3411,6,training,18,17
3412,6,training,15,14
3414,6,training,12,11
3415,6,training,12,11
3421,6,training,13,12
3425,6,training,11,10
3426,6,training,16,15
3428,6,training,13,12
3430,6,training,12,11
3432,6,training,14,13
3433,6,training,19,18
3435,6,training,16,15
3436,6,training,14,13
3438,6,training,14,13
3441,6,training,12,11
3445,6,training,16,15
3447,6,training,12,11
3450,6,training,11,10
3452,6,training,15,14
3456,6,training,12,11
3457,6,training,14,13
3460,6,training,13,12
3469,6,training,12,11
3474,6,training,19,18
3476,6,training,14,12
3482,6,training,15,14
3492,6,training,11,10
3493,6,training,15,14
3499,6,training,16,15
3500,6,training,13,12
3501,6,training,13,12
3503,6,training,12,11
3504,6,training,22,21
3505,6,training,17,16
3507,6,training,13,12
3508,6,training,12,11
3509,6,training,12,11
3510,6,training,15,14
3511,6,training,19,18
3513,6,training,17,16
3520,6,training,17,16
3521,6,training,19,18
3523,6,training,14,13
3525,6,training,15,14
3529,6,training,14,13
3531,6,training,16,15
3532,6,training,18,17
3534,6,training,11,10
3538,6,training,16,15
3539,6,training,13,12
3541,6,training,13,12
3545,6,training,13,12
3547,6,training,24,23
3550,6,training,22,21
3552,6,training,12,11
3553,6,training,17,16
3559,6,training,14,13
3562,6,training,14,13
3565,6,training,12,11
3568,6,training,15,14
3570,6,training,17,16
3574,6,training,12,11
3575,6,training,19,18
3581,6,training,14,13
3590,6,training,14,12
3591,6,training,11,10
3594,6,training,13,12
3603,6,training,11,10
3604,6,training,14,13
3605,6,training,18,17
3616,6,training,12,11
3617,6,training,11,10
3623,6,training,13,12
3624,6,training,11,10
3625,6,training,20,19
3626,6,training,12,11
3627,6,training,18,17
3628,6,training,14,13
3629,6,training,17,16
3630,6,training,12,11
3631,6,training,11,10
3632,6,training,19,18
3633,6,training,13,12
3634,6,training,11,10
3636,6,training,14,13
3637,6,training,13,12
3640,6,training,12,11
3642,6,training,15,14
3643,6,training,11,10
3644,6,training,19,18
3646,6,training,12,11
3649,6,training,17,16
3653,6,training,13,12
3654,6,training,11,10
3655,6,training,18,17
3658,6,training,15,14
3659,6,training,15,14
3663,6,training,16,15
3664,6,training,20,19
3668,6,training,12,11
3673,6,training,15,14
3674,6,training,11,10
3675,6,training,15,13
3681,6,training,18,17
3682,6,training,15,14
3686,6,training,18,17
3688,6,training,12,11
3690,6,training,12,11
3692,6,training,12,10
3693,6,training,12,11
3695,6,training,11,10
3698,6,training,12,11
3699,6,training,11,10
3718,6,training,13,12
3720,6,training,13,12
3723,6,training,12,11
3729,6,training,13,12
3730,6,training,14,13
3733,6,training,14,13
3734,7,training,14,13
3735,7,training,11,10
3737,7,training,14,13
3738,7,training,20,19
3739,7,training,20,19
3741,7,training,15,14
3742,7,training,17,16
3743,7,training,14,13
3744,7,training,20,19
3745,7,training,17,16
3746,7,training,16,15
3747,7,training,19,18
3749,7,training,12,11
3750,7,training,18,17
3751,7,training,26,25
3752,7,training,16,15
3753,7,training,15,14
3754,7,training,14,13
3755,7,training,13,12
3757,7,training,18,17
3759,7,training,19,18
3762,7,training,18,17
3763,7,training,11,10
3766,7,training,16,15
3767,7,training,16,15
3768,7,training,19,18
3770,7,training,15,14
3771,7,training,13,12
3774,7,training,11,10
3777,7,training,18,17
3778,7,training,13,12
3779,7,training,13,12
3780,7,training,24,23
3781,7,training,18,17
3783,7,training,21,20
3785,7,training,14,13
3787,7,training,18,17
3788,7,training,14,13
3789,7,training,16,15
3791,7,training,14,13
3793,7,training,15,14
3795,7,training,18,17
3796,7,training,14,12
3797,7,training,11,10
3799,7,training,11,10
3800,7,training,21,20
3803,7,training,15,14
3806,7,training,20,19
3812,7,training,14,13
3815,7,training,12,11
3825,7,training,11,10
3829,7,training,16,15
3835,7,training,18,17
3840,7,training,14,12
3845,7,training,15,14
3852,7,training,12,11
3854,7,training,12,11
3856,7,training,18,17
3857,7,training,15,14
3858,7,training,13,12
3860,7,training,15,14
3861,7,training,11,10
3862,7,training,19,18
3863,7,training,17,16
3864,7,training,18,17
3865,7,training,16,15
3866,7,training,12,11
3867,7,training,15,14
3868,7,training,20,19
3869,7,training,16,15
3870,7,training,17,16
3872,7,training,16,15
3875,7,training,16,15
3876,7,training,13,12
3877,7,training,11,10
3878,7,training,20,19
3880,7,training,14,13
3884,7,training,15,14
3886,7,training,16,15
3890,7,training,18,17
3892,7,training,17,16
3894,7,training,16,15
3902,7,training,12,11
3905,7,training,13,12
3906,7,training,13,12
3908,7,training,13,12
3909,7,training,11,10
3922,7,training,17,15
3923,7,training,13,12
3925,7,training,17,16
3927,7,training,11,10
3928,7,training,14,13
3929,7,training,12,10
3936,7,training,12,11
3942,7,training,11,10
3945,7,training,17,16
3961,7,training,13,12
3970,7,training,12,11
3971,7,training,11,10
3972,7,training,11,10
3973,7,training,19,18
3974,7,training,18,17
3975,7,training,17,16
3976,7,training,16,15
3978,7,training,11,10
3979,7,training,18,17
3980,7,training,15,14
3981,7,training,15,14
3983,7,training,14,13
3985,7,training,14,13
3989,7,training,12,11
3991,7,training,13,12
3992,7,training,24,23
3994,7,training,13,12
3995,7,training,11,10
3999,7,training,17,16
4000,7,training,12,11
4001,7,training,11,10
4004,7,training,16,15
4006,7,training,18,17
4007,7,training,12,11
4010,7,training,13,12
4014,7,training,14,13
4015,7,training,12,11
4016,7,training,15,13
4019,7,training,14,13
4020,7,training,14,13
4022,7,training,12,10
4023,7,training,14,13
4024,7,training,18,17
4026,7,training,18,17
4027,7,training,12,11
4029,7,training,12,11
4033,7,training,20,19
4045,7,training,18,17
4051,7,training,11,10
4055,7,training,11,10
4066,7,training,15,14
4069,7,training,12,11
4074,7,training,14,13
4077,7,training,14,13
4078,7,training,13,12
4079,7,training,17,16
4080,7,training,18,17
4081,7,training,12,11
4082,7,training,25,24
4083,7,training,14,13
4084,7,training,17,16
4087,7,training,11,10
4088,7,training,11,10
4090,7,training,14,13
4091,7,training,13,12
4092,7,training,19,18
4093,7,training,15,14
4094,7,training,11,10
4096,7,training,16,15
4098,7,training,17,16
4103,7,training,17,16
4105,7,training,14,13
4107,7,training,15,14
4109,7,training,20,19
4111,7,training,11,10
4112,7,training,17,16
4113,7,training,13,12
4115,7,training,14,13
4118,7,training,20,18
4122,7,training,20,19
4124,7,training,12,11
4131,7,training,12,11
4132,7,training,15,14
4135,7,training,18,17
4143,7,training,19,18
4146,7,training,16,15
4147,7,training,18,17
4150,7,training,12,11
4152,7,training,15,14
4168,7,training,13,12
4172,7,training,17,16
4186,7,training,12,11
4191,7,training,11,10
4192,7,training,11,10
4194,7,training,12,11
4195,7,training,14,13
4199,7,training,17,16
4200,7,training,12,11
4201,7,training,18,17
4202,7,training,16,15
4203,7,training,17,16
4204,7,training,18,17
4205,7,training,15,14
4206,7,training,17,16
4207,7,training,17,16
4208,7,training,14,13
4210,7,training,20,19
4211,7,training,14,13
4213,7,training,15,14
4214,7,training,11,10
4216,7,training,16,15
4217,7,training,12,11
4218,7,training,11,10
4219,7,training,16,15
4223,7,training,20,19
4224,7,training,11,10
4228,7,training,16,15
4230,7,training,14,13
4232,7,training,16,15
4235,7,training,17,16
4239,7,training,14,13
4241,7,training,11,10
4244,7,training,11,10
4246,7,training,13,12
4250,7,training,16,15
4254,7,training,11,10
4258,7,training,13,12
4260,7,training,12,11
4263,7,training,11,10
4273,7,training,11,10
4278,7,training,11,10
4298,7,training,11,10
4299,7,training,11,10
4300,7,training,16,15
4301,7,training,14,13
4304,8,training,11,10
4306,8,training,18,17
4307,8,training,14,13
4308,8,training,14,13
4309,8,training,19,18
4311,8,training,16,15
4312,8,training,12,11
4313,8,training,16,15
4315,8,training,17,16
4316,8,training,15,14
4317,8,training,18,17
4318,8,training,17,16
4319,8,training,15,14
4320,8,training,14,13
4321,8,training,14,13
4322,8,training,14,13
4323,8,training,12,11
4324,8,training,19,18
4325,8,training,12,11
4327,8,training,11,10
4328,8,training,24,23
4329,8,training,19,18
4331,8,training,21,20
4332,8,training,15,14
4335,8,training,17,16
4337,8,training,22,21
4338,8,training,15,14
4339,8,training,21,20
4341,8,training,15,14
4342,8,training,16,15
4349,8,training,17,16
4351,8,training,12,11
4352,8,training,22,21
4355,8,training,18,17
4357,8,training,17,16
4358,8,training,18,17
4359,8,training,20,19
4360,8,training,13,12
4362,8,training,13,12
4363,8,training,17,16
4365,8,training,14,13
4367,8,training,12,11
4368,8,training,15,14
4370,8,training,12,11
4372,8,training,17,16
4373,8,training,18,17
4375,8,training,12,11
4376,8,training,11,10
4378,8,training,11,10
4391,8,training,12,11
4402,8,training,15,14
4408,8,training,14,13
4411,8,training,11,10
4415,8,training,12,11
4416,8,training,18,17
4417,8,training,13,12
4418,8,training,16,15
4420,8,training,19,18
4421,8,training,16,15
4422,8,training,16,15
4423,8,training,14,13
4424,8,training,18,17
4425,8,training,12,11
4426,8,training,16,15
4427,8,training,12,11
4428,8,training,14,13
4429,8,training,18,17
4430,8,training,20,19
4432,8,training,15,14
4433,8,training,18,17
4435,8,training,21,20
4436,8,training,14,13
4438,8,training,16,15
4440,8,training,15,14
4441,8,training,11,10
4443,8,training,17,16
4445,8,training,15,14
4448,8,training,17,16
4449,8,training,19,18
4450,8,training,17,16
4451,8,training,14,13
4453,8,training,21,20
4455,8,training,16,15
4457,8,training,18,17
4458,8,training,24,23
4464,8,training,17,16
4471,8,training,13,12
4472,8,training,15,14
4474,8,training,26,25
4478,8,training,16,15
4491,8,training,12,11
4504,8,training,13,12
4507,8,training,18,17
4513,8,training,11,10
4517,8,training,11,10
4523,8,training,17,16
4525,8,training,15,14
4526,8,training,13,12
4527,8,training,19,18
4529,8,training,15,14
4530,8,training,20,19
4531,8,training,17,16
4533,8,training,11,10
4534,8,training,16,14
4536,8,training,13,12
4537,8,training,25,24
4539,8,training,11,10
4540,8,training,12,11
4543,8,training,14,13
4544,8,training,15,14
4545,8,training,14,12
4548,8,training,14,13
4551,8,training,17,16
4554,8,training,11,10
4555,8,training,12,11
4556,8,training,12,11
4557,8,training,11,10
4558,8,training,16,15
4562,8,training,14,13
4564,8,training,19,18
4570,8,training,13,12
4572,8,training,13,12
4575,8,training,14,13
4576,8,training,19,18
4577,8,training,16,14
4582,8,training,15,14
4584,8,training,12,11
4585,8,training,22,21
4590,8,training,13,12
4597,8,training,15,13
4601,8,training,14,13
4605,8,training,20,19
4631,8,training,14,13
4636,8,training,14,13
4639,8,training,15,14
4640,8,training,20,19
4641,8,training,18,17
4642,8,training,17,16
4643,8,training,15,14
4644,8,training,12,11
4645,8,training,17,16
4646,8,training,25,24
4647,8,training,13,12
4648,8,training,15,14
4649,8,training,11,10
4650,8,training,15,14
4651,8,training,18,17
4653,8,training,19,18
4654,8,training,15,14
4656,8,training,17,16
4661,8,training,14,13
4662,8,training,15,14
4663,8,training,15,14
4664,8,training,11,10
4665,8,training,12,11
4669,8,training,15,14
4670,8,training,12,11
4674,8,training,13,12
4677,8,training,16,15
4678,8,training,11,10
4679,8,training,17,16
4681,8,training,13,12
4682,8,training,22,21
4683,8,training,16,15
4686,8,training,12,11
4687,8,training,19,18
4692,8,training,15,14
4694,8,training,20,19
4696,8,training,22,21
4699,8,training,15,14
4700,8,training,19,17
4703,8,training,18,17
4705,8,training,21,20
4706,8,training,13,12
4710,8,training,14,13
4716,8,training,15,13
4718,8,training,12,11
4719,8,training,12,11
4723,8,training,13,12
4729,8,training,14,13
4745,8,training,11,10
4746,8,training,11,10
4749,8,training,15,14
4754,8,training,15,14
4757,8,training,11,10
4758,8,training,16,15
4759,8,training,14,13
4760,8,training,14,13
4761,8,training,15,14
4762,8,training,12,11
4763,8,training,19,18
4764,8,training,15,14
4765,8,training,11,10
4766,8,training,17,16
4767,8,training,15,14
4768,8,training,19,18
4769,8,training,13,12
4770,8,training,12,11
4771,8,training,12,11
4774,8,training,15,14
4776,8,training,17,16
4779,8,training,12,11
4782,8,training,19,18
4783,8,training,19,18
4787,8,training,15,13
4788,8,training,27,26
4789,8,training,11,10
4791,8,training,12,11
4795,8,training,19,18
4796,8,training,18,17
4797,8,training,18,17
4798,8,training,12,11
4799,8,training,12,11
4800,8,training,13,12
4801,8,training,16,15
4802,8,training,11,10
4804,8,training,14,13
4805,8,training,16,15
4808,8,training,15,13
4809,8,training,11,10
4817,8,training,11,10
4819,8,training,17,16
4823,8,training,14,12
4827,8,training,13,12
4828,8,training,20,18
4829,8,training,15,14
4830,8,training,21,20
4832,8,training,15,14
4836,8,training,11,10
4850,8,training,11,10
4852,8,training,11,10
4859,8,training,13,12
4862,8,training,12,11
4863,8,training,12,11
4866,8,training,11,10
4867,8,training,15,14
4868,8,training,14,13
4871,9,training,13,12
4872,9,training,15,14
4874,9,training,20,19
4875,9,training,18,17
4876,9,training,16,15
4877,9,training,18,17
4878,9,training,18,17
4880,9,training,18,17
4881,9,training,20,19
4884,9,training,22,21
4885,9,training,18,17
4886,9,training,19,18
4888,9,training,24,23
4890,9,training,15,14
4891,9,training,17,16
4894,9,training,11,10
4896,9,training,14,13
4898,9,training,21,20
4899,9,training,17,15
4900,9,training,22,21
4901,9,training,12,11
4903,9,training,18,17
4905,9,training,20,19
4910,9,training,16,15
4913,9,training,17,16
4915,9,training,14,13
4916,9,training,18,17
4921,9,training,15,14
4922,9,training,12,11
4925,9,training,15,14
4928,9,training,15,14
4929,9,training,24,23
4937,9,training,11,10
4940,9,training,14,13
4960,9,training,16,15
4961,9,training,15,14
4965,9,training,14,13
4970,9,training,23,22
4971,9,training,19,18
4972,9,training,16,15
4973,9,training,20,19
4975,9,training,16,15
4976,9,training,18,17
4978,9,training,14,13
4979,9,training,19,18
4983,9,training,17,16
4985,9,training,19,18
4987,9,training,14,13
4988,9,training,15,14
4989,9,training,20,19
4990,9,training,13,12
4991,9,training,16,15
4993,9,training,11,10
4994,9,training,19,18
4995,9,training,16,15
4997,9,training,16,15
4999,9,training,20,19
5000,9,training,13,12
5005,9,training,17,16
5006,9,training,16,15
5007,9,training,16,15
5010,9,training,15,14
5013,9,training,23,22
5015,9,training,13,12
5016,9,training,14,13
5018,9,training,12,11
5020,9,training,18,17
5021,9,training,11,10
5023,9,training,18,17
5027,9,training,11,10
5029,9,training,18,17
5036,9,training,14,13
5045,9,training,11,10
5049,9,training,15,13
5052,9,training,19,18
5053,9,training,11,10
5054,9,training,15,14
5073,9,training,12,11
5074,9,training,11,10
5078,9,training,15,14
5086,9,training,14,13
5088,9,training,15,14
5089,9,training,15,14
5090,9,training,12,11
5092,9,training,13,12
5093,9,training,11,10
5098,9,training,20,19
5099,9,training,12,11
5106,9,training,17,16
5107,9,training,13,12
5110,9,training,11,10
5111,9,training,15,14
5113,9,training,12,11
5115,9,training,13,12
5123,9,training,12,11
5124,9,training,19,18
5126,9,training,12,11
5127,9,training,15,14
5129,9,training,11,10
5132,9,training,13,12
5133,9,training,15,14
5135,9,training,14,12
5140,9,training,15,14
5142,9,training,22,21
5145,9,training,17,16
5160,9,training,13,12
5171,9,training,11,10
5180,9,training,14,13
5183,9,training,11,10
5184,9,training,14,13
5188,9,training,15,14
5190,9,training,16,15
5191,9,training,15,14
5192,9,training,15,14
5194,9,training,11,10
5195,9,training,15,14
5197,9,training,16,15
5202,9,training,22,21
5203,9,training,14,13
5205,9,training,17,16
5207,9,training,14,13
5210,9,training,12,11
5212,9,training,12,11
5215,9,training,17,16
5220,9,training,17,16
5221,9,training,19,18
5225,9,training,21,20
5230,9,training,11,10
5241,9,training,12,11
5247,9,training,14,13
5249,9,training,12,11
5272,9,training,11,10
5274,9,training,17,16
5277,9,training,11,10
5278,9,training,15,14
5281,9,training,11,10
5286,9,training,18,17
5287,9,training,13,12
5289,9,training,13,12
5290,9,training,11,10
5291,9,training,16,15
5292,9,training,13,12
5293,9,training,12,11
5296,9,training,18,17
5298,9,training,13,12
5301,9,training,18,17
5304,9,training,12,11
5308,9,training,21,20
5314,9,training,12,11
5318,9,training,15,14
5320,9,training,17,16
5321,9,training,15,14
5322,9,training,16,15
5324,9,training,20,19
5329,9,training,14,13
5330,9,training,17,16
5334,9,training,21,20
5335,9,training,19,17
5337,9,training,14,13
5338,9,training,17,16
5342,9,training,12,11
5345,9,training,11,10
5346,9,training,13,12
5354,9,training,12,11
5358,9,training,17,16
5359,9,training,16,15
5361,9,training,11,10
5367,9,training,12,11
5375,9,training,14,13
5377,9,training,15,14
5383,9,training,11,10
5384,9,training,12,11
5386,9,training,11,10
5387,9,training,13,12
5390,9,training,15,14
5391,9,training,14,13
5395,10,training,17,16
5399,10,training,14,13
5404,10,training,12,11
5405,10,training,20,19
5406,10,training,17,16
5407,10,training,14,13
5408,10,training,20,19
5409,10,training,25,24
5413,10,training,13,12
5418,10,training,12,11
5419,10,training,26,25
5420,10,training,19,18
5422,10,training,17,16
5424,10,training,11,10
5425,10,training,20,19
5426,10,training,18,17
5428,10,training,14,13
5429,10,training,14,13
5432,10,training,17,16
5439,10,training,22,21
5440,10,training,16,15
5441,10,training,14,13
5444,10,training,16,15
5446,10,training,15,14
5449,10,training,15,14
5450,10,training,13,12
5451,10,training,17,16
5453,10,training,21,20
5454,10,training,20,19
5455,10,training,14,13
5456,10,training,18,17
5457,10,training,12,11
5458,10,training,11,10
5460,10,training,22,21
5462,10,training,19,18
5463,10,training,17,16
5464,10,training,19,18
5465,10,training,16,15
5468,10,training,17,16
5470,10,training,14,13
5476,10,training,20,19
5477,10,training,17,16
5478,10,training,21,20
5479,10,training,11,10
5480,10,training,15,14
5485,10,training,14,13
5492,10,training,12,11
5493,10,training,13,12
5494,10,training,16,15
5520,10,training,14,13
5523,10,training,14,13
5536,10,training,17,16
5538,10,training,14,13
5542,10,training,16,15
5543,10,training,13,12
5544,10,training,12,11
5545,10,training,25,24
5546,10,training,14,13
5548,10,training,19,18
5549,10,training,20,19
5550,10,training,19,18
5551,10,training,16,15
5553,10,training,14,13
5555,10,training,25,24
5557,10,training,14,13
5558,10,training,18,17
5559,10,training,18,17
5560,10,training,19,18
5561,10,training,17,16
5562,10,training,16,15
5563,10,training,15,14
5564,10,training,17,16
5565,10,training,16,15
5568,10,training,14,13
5570,10,training,17,16
5571,10,training,11,10
5572,10,training,17,16
5574,10,training,13,12
5575,10,training,19,18
5576,10,training,18,17
5577,10,training,15,14
5578,10,training,18,17
5579,10,training,11,10
5581,10,training,13,12
5582,10,training,13,12
5587,10,training,17,16
5588,10,training,12,11
5593,10,training,16,15
5596,10,training,13,12
5597,10,training,21,20
5600,10,training,14,13
5601,10,training,14,13
5602,10,training,18,17
5604,10,training,14,13
5605,10,training,14,13
5608,10,training,18,17
5610,10,training,16,15
5611,10,training,17,16
5622,10,training,17,16
5623,10,training,19,18
5636,10,training,11,10
5656,10,training,14,13
5657,10,training,11,10
5659,10,training,12,11
5661,10,training,11,10
5667,10,training,18,17
5668,10,training,19,18
5669,10,training,12,11
5671,10,training,12,11
5673,10,training,20,19
5675,10,training,14,13
5678,10,training,19,18
5680,10,training,15,14
5683,10,training,15,14
5684,10,training,11,10
5687,10,training,16,15
5689,10,training,12,11
5691,10,training,22,21
5692,10,training,13,12
5693,10,training,22,21
5696,10,training,15,14
5697,10,training,18,17
5698,10,training,11,10
5699,10,training,17,16
5701,10,training,19,18
5702,10,training,13,12
5705,10,training,16,15
5712,10,training,11,10
5714,10,training,11,10
5715,10,training,16,15
5717,10,training,14,13
5718,10,training,13,12
5721,10,training,21,20
5722,10,training,13,12
5723,10,training,23,22
5726,10,training,22,21
5731,10,training,22,21
5738,10,training,16,15
5739,10,training,12,11
5742,10,training,11,10
5744,10,training,17,16
5751,10,training,12,11
5752,10,training,14,13
5754,10,training,16,15
5757,10,training,15,14
5763,10,training,17,16
5768,10,training,11,10
5792,10,training,13,12
5797,10,training,14,13
5799,10,training,14,13
5800,10,training,15,14
5805,10,training,17,16
5806,10,training,11,10
5807,10,training,19,18
5808,10,training,22,21
5811,10,training,22,21
5815,10,training,13,12
5818,10,training,31,30
5824,10,training,14,13
5826,10,training,22,21
5829,10,training,21,20
5830,10,training,22,19
5832,10,training,17,16
5833,10,training,22,21
5834,10,training,13,12
5837,10,training,19,18
5839,10,training,21,20
5840,10,training,14,13
5848,10,training,19,18
5853,10,training,18,17
5858,10,training,13,12
5859,10,training,21,19
5863,10,training,12,11
5866,10,training,11,10
5870,10,training,15,14
5875,10,training,14,13
5877,10,training,16,15
5878,10,training,11,10
5879,10,training,13,12
5890,10,training,21,20
5905,10,training,12,11
5945,10,training,17,16
5947,10,training,12,11
5949,10,training,14,13
5950,10,training,15,14
5952,10,training,21,20
5953,10,training,17,16
5958,10,training,17,16
5960,10,training,21,20
5961,10,training,13,12
5963,10,training,17,16
5965,10,training,18,17
5966,10,training,16,15
5968,10,training,16,15
5972,10,training,14,13
5973,10,training,27,26
5975,10,training,17,16
5977,10,training,18,17
5979,10,training,17,16
5980,10,training,11,10
5981,10,training,19,18
5982,10,training,15,14
5984,10,training,20,19
5986,10,training,16,15
5987,10,training,29,28
5988,10,training,12,11
5991,10,training,19,18
5992,10,training,12,11
5994,10,training,16,15
5996,10,training,12,11
5997,10,training,11,10
5998,10,training,12,11
5999,10,training,15,14
6000,10,training,20,19
6001,10,training,13,12
6004,10,training,12,11
6007,10,training,15,14
6009,10,training,16,15
6010,10,training,13,12
6011,10,training,12,11
6013,10,training,12,11
6014,10,training,16,15
6016,10,training,18,16
6021,10,training,14,13
6027,10,training,20,19
6036,10,training,11,10
6040,10,training,13,12
6041,10,training,25,24
6052,10,training,13,12
6059,10,training,12,11
6063,10,training,11,10
6069,10,training,15,14
6070,10,training,11,10
6071,10,training,11,10
6072,10,training,15,14
6077,11,training,14,13
6079,11,training,15,14
6080,11,training,13,12
6081,11,training,17,16
6082,11,training,14,13
6083,11,training,16,15
6084,11,training,17,16
6085,11,training,17,16
6090,11,training,14,13
6091,11,training,17,16
6092,11,training,22,21
6094,11,training,21,20
6096,11,training,18,17
6097,11,training,23,22
6100,11,training,16,15
6102,11,training,13,12
6104,11,training,19,18
6106,11,training,18,17
6107,11,training,15,14
6108,11,training,21,20
6111,11,training,16,15
6112,11,training,13,12
6114,11,training,17,16
6116,11,training,12,11
6118,11,training,13,12
6119,11,training,26,25
6120,11,training,16,15
6122,11,training,15,14
6123,11,training,17,16
6124,11,training,21,20
6126,11,training,20,19
6128,11,training,14,13
6131,11,training,19,18
6133,11,training,18,17
6135,11,training,14,13
6137,11,training,22,21
6138,11,training,22,21
6140,11,training,13,12
6141,11,training,16,15
6142,11,training,15,14
6143,11,training,20,19
6145,11,training,15,14
6146,11,training,20,19
6148,11,training,15,14
6150,11,training,17,16
6151,11,training,16,15
6152,11,training,19,18
6153,11,training,15,14
6154,11,training,13,12
6157,11,training,18,17
6158,11,training,25,24
6160,11,training,18,17
6161,11,training,18,16
6166,11,training,14,13
6167,11,training,13,12
6168,11,training,19,18
6169,11,training,13,12
6170,11,training,17,16
6172,11,training,13,12
6175,11,training,12,11
6176,11,training,13,12
6179,11,training,13,12
6181,11,training,14,13
6183,11,training,15,14
6187,11,training,19,18
6191,11,training,13,12
6204,11,training,14,13
6205,11,training,20,19
6211,11,training,16,15
6214,11,training,15,14
6217,11,training,12,11
6222,11,training,11,10
6223,11,training,19,18
6224,11,training,12,11
6225,11,training,20,19
6227,11,training,17,16
6229,11,training,21,20
6230,11,training,19,18
6231,11,training,14,13
6232,11,training,12,11
6233,11,training,14,13
6234,11,training,13,12
6235,11,training,20,19
6236,11,training,16,15
6238,11,training,12,11
6239,11,training,20,19
6240,11,training,24,23
6242,11,training,16,15
6246,11,training,16,15
6247,11,training,21,20
6248,11,training,19,18
6250,11,training,15,14
6252,11,training,20,19
6253,11,training,11,10
6255,11,training,11,10
6256,11,training,20,19
6258,11,training,12,11
6260,11,training,23,21
6261,11,training,18,17
6263,11,training,22,21
6264,11,training,20,19
6265,11,training,19,18
6268,11,training,11,10
6269,11,training,16,15
6270,11,training,17,16
6272,11,training,20,19
6273,11,training,19,18
6274,11,training,13,12
6275,11,training,18,17
6276,11,training,12,11
6277,11,training,12,11
6280,11,training,15,14
6281,11,training,12,11
6283,11,training,21,20
6284,11,training,16,15
6286,11,training,17,16
6287,11,training,23,22
6290,11,training,16,15
6291,11,training,13,12
6294,11,training,15,14
6295,11,training,12,11
6298,11,training,17,16
6299,11,training,23,22
6300,11,training,14,13
6304,11,training,11,10
6311,11,training,16,15
6324,11,training,19,18
6325,11,training,13,12
6333,11,training,13,12
6334,11,training,12,11
6336,11,training,23,22
6340,11,training,13,12
6343,11,training,12,11
6345,11,training,11,10
6362,11,training,12,11
6367,11,training,18,17
6374,11,training,11,10
6378,11,training,18,17
6382,11,training,14,13
6384,11,training,23,22
6385,11,training,13,12
6387,11,training,16,14
6389,11,training,18,17
6390,11,training,16,15
6391,11,training,11,10
6392,11,training,18,17
6394,11,training,15,14
6396,11,training,15,14
6399,11,training,14,13
6400,11,training,15,14
6401,11,training,20,19
6403,11,training,17,16
6404,11,training,14,13
6405,11,training,11,10
6406,11,training,18,17
6410,11,training,12,11
6411,11,training,13,12
6412,11,training,20,19
6414,11,training,17,16
6415,11,training,18,16
6420,11,training,14,13
6421,11,training,17,16
6422,11,training,18,16
6424,11,training,14,13
6428,11,training,11,10
6432,11,training,13,12
6437,11,training,19,18
6439,11,training,11,10
6440,11,training,12,11
6443,11,training,17,16
6445,11,training,11,10
6447,11,training,13,12
6448,11,training,11,10
6449,11,training,23,22
6450,11,training,15,14
6456,11,training,20,19
6458,11,training,17,16
6460,11,training,12,10
6465,11,training,16,15
6466,11,training,13,12
6470,11,training,16,15
6472,11,training,14,13
6474,11,training,13,12
6480,11,training,12,11
6486,11,training,13,12
6488,11,training,15,14
6489,11,training,11,10
6505,11,training,14,13
6507,11,training,14,13
6509,11,training,14,13
6518,11,training,12,11
6519,11,training,20,19
6520,11,training,13,12
6521,11,training,23,22
6522,11,training,17,16
6523,11,training,22,20
6524,11,training,14,13
6528,11,training,13,12
6529,11,training,15,14
6530,11,training,17,16
6531,11,training,18,17
6533,11,training,13,12
6536,11,training,12,11
6537,11,training,17,16
6538,11,training,19,18
6539,11,training,14,13
6542,11,training,14,12
6546,11,training,13,12
6548,11,training,15,14
6551,11,training,15,14
6554,11,training,26,25
6555,11,training,15,14
6557,11,training,19,18
6558,11,training,17,16
6560,11,training,12,11
6561,11,training,22,21
6568,11,training,15,14
6569,11,training,15,14
6574,11,training,14,13
6576,11,training,16,15
6585,11,training,19,18
6586,11,training,18,17
6588,11,training,16,15
6590,11,training,13,12
6593,11,training,12,11
6596,11,training,19,18
6599,11,training,21,20
6603,11,training,12,11
6613,11,training,17,16
6616,11,training,15,14
6617,11,training,16,15
6620,11,training,11,10
6623,11,training,11,10
6625,11,training,11,10
6627,11,training,13,12
6634,11,training,20,19
6635,11,training,15,13
6639,11,training,11,10
6645,11,training,17,16
6648,11,training,11,10
6651,11,training,11,10
6656,11,training,13,12
6657,11,training,16,15
6658,11,training,17,16
6660,11,training,16,15
6661,11,training,17,16
6662,11,training,20,19
6666,11,training,12,11
6667,11,training,13,12
6668,11,training,22,21
6669,11,training,14,13
6671,11,training,15,14
6672,11,training,17,16
6676,11,training,14,13
6677,11,training,18,17
6678,11,training,14,13
6681,11,training,19,18
6685,11,training,21,20
6686,11,training,13,12
6687,11,training,11,10
6688,11,training,17,16
6691,11,training,14,13
6692,11,training,13,12
6693,11,training,18,17
6697,11,training,11,10
6698,11,training,25,24
6700,11,training,22,21
6701,11,training,15,14
6709,11,training,13,12
6710,11,training,11,10
6711,11,training,17,16
6716,11,training,14,13
6722,11,training,18,17
6724,11,training,15,14
6725,11,training,11,10
6726,11,training,14,13
6727,11,training,16,15
6729,11,training,14,13
6732,11,training,19,18
6733,11,training,16,15
6736,11,training,13,12
6737,11,training,14,13
6740,11,training,11,10
6744,11,training,16,13
6745,11,training,13,12
6746,11,training,18,17
6747,11,training,12,11
6751,11,training,15,14
6755,11,training,11,10
6757,11,training,14,13
6764,11,training,12,11
6770,11,training,18,17
6771,11,training,12,11
6773,11,training,11,10
6774,11,training,13,12
6777,11,training,27,26
6779,11,training,19,18
6780,11,training,18,17
6781,11,training,15,14
6789,11,training,12,11
6791,11,training,12,11
6793,11,training,11,10
6801,12,training,21,20
6802,12,training,12,11
6804,12,training,14,13
6805,12,training,17,16
6806,12,training,14,13
6807,12,training,14,13
6809,12,training,16,15
6811,12,training,12,11
6813,12,training,17,16
6814,12,training,17,16
6815,12,training,17,16
6816,12,training,15,14
6817,12,training,21,20
6818,12,training,17,16
6821,12,training,20,19
6824,12,training,13,12
6825,12,training,14,13
6826,12,training,11,10
6827,12,training,16,15
6830,12,training,16,15
6832,12,training,20,19
6836,12,training,16,15
6837,12,training,12,11
6838,12,training,14,13
6842,12,training,19,18
6843,12,training,13,12
6844,12,training,17,16
6846,12,training,14,13
6848,12,training,14,13
6849,12,training,14,13
6851,12,training,14,13
6852,12,training,12,11
6855,12,training,11,10
6856,12,training,11,10
6859,12,training,13,11
6860,12,training,19,18
6861,12,training,13,12
6867,12,training,13,12
6868,12,training,16,15
6873,12,training,12,11
6874,12,training,13,12
6875,12,training,13,12
6876,12,training,21,20
6878,12,training,18,17
6880,12,training,12,11
6886,12,training,21,20
6895,12,training,12,11
6898,12,training,13,12
6903,12,training,15,14
6904,12,training,14,13
6906,12,training,12,11
6909,12,training,13,12
6912,12,training,18,17
6922,12,training,14,13
6928,12,training,11,10
6936,12,training,11,10
6939,12,training,11,10
6940,12,training,12,11
6942,12,training,12,11
6943,12,training,15,14
6944,12,training,17,16
6945,12,training,14,13
6946,12,training,18,17
6948,12,training,13,12
6950,12,training,11,10
6951,12,training,15,14
6952,12,training,19,18
6953,12,training,18,17
6956,12,training,14,13
6960,12,training,13,12
6965,12,training,12,11
6967,12,training,18,17
6968,12,training,12,11
6970,12,training,12,11
6971,12,training,21,19
6972,12,training,12,11
6978,12,training,13,12
6980,12,training,18,17
6981,12,training,18,17
6982,12,training,11,10
6983,12,training,15,14
6986,12,training,16,15
6993,12,training,13,12
6994,12,training,14,13
6995,12,training,13,12
6996,12,training,14,13
6997,12,training,13,12
6998,12,training,16,15
7000,12,training,12,11
7003,12,training,17,16
7005,12,training,16,15
7008,12,training,18,17
7017,12,training,13,12
7019,12,training,14,13
7020,12,training,15,14
7035,12,training,11,10
7037,12,training,15,14
7040,12,training,14,13
7041,12,training,17,16
7043,12,training,20,19
7044,12,training,15,14
7047,12,training,19,18
7061,12,training,12,11
7062,12,training,11,10
7063,12,training,11,10
7071,12,training,14,13
7072,12,training,20,19
7074,12,training,15,14
7075,12,training,16,15
7076,12,training,17,16
7077,12,training,23,22
7078,12,training,16,15
7079,12,training,13,12
7080,12,training,20,19
7082,12,training,17,16
7083,12,training,16,15
7084,12,training,11,10
7086,12,training,22,21
7090,12,training,12,11
7092,12,training,14,13
7093,12,training,11,10
7094,12,training,15,14
7098,12,training,17,16
7099,12,training,21,20
7101,12,training,17,16
7102,12,training,27,26
7104,12,training,11,10
7106,12,training,19,18
7108,12,training,17,16
7109,12,training,20,19
7112,12,training,13,12
7113,12,training,14,13
7122,12,training,14,13
7123,12,training,14,13
7124,12,training,14,13
7125,12,training,17,16
7126,12,training,13,12
7128,12,training,19,18
7129,12,training,15,14
7130,12,training,12,11
7133,12,training,17,16
7134,12,training,14,13
7139,12,training,18,17
7140,12,training,13,12
7141,12,training,14,13
7148,12,training,17,16
7151,12,training,11,10
7156,12,training,13,12
7164,12,training,14,13
7172,12,training,12,11
7173,12,training,13,12
7177,12,training,14,13
7181,12,training,18,17
7186,12,training,16,15
7190,12,training,14,13
7191,12,training,16,15
7193,12,training,13,12
7199,12,training,15,14
7203,12,training,16,15
7205,12,training,16,15
7206,12,training,13,12
7207,12,training,14,13
7208,12,training,12,11
7209,12,training,18,17
7210,12,training,17,16
7213,12,training,13,12
7214,12,training,21,20
7220,12,training,15,14
7223,13,training,15,14
7225,13,training,15,14
7230,13,training,18,17
7231,13,training,18,17
7233,13,training,12,11
7234,13,training,13,12
7235,13,training,23,22
7238,13,training,19,18
7239,13,training,20,19
7240,13,training,19,18
7241,13,training,24,23
7242,13,training,16,15
7243,13,training,23,22
7245,13,training,16,15
7246,13,training,23,22
7247,13,training,30,29
7248,13,training,27,26
7249,13,training,25,24
7250,13,training,17,16
7251,13,training,22,21
7253,13,training,14,13
7254,13,training,19,18
7255,13,training,25,24
7257,13,training,18,17
7259,13,training,25,24
7260,13,training,25,24
7261,13,training,17,16
7262,13,training,20,19
7263,13,training,17,16
7268,13,training,13,12
7270,13,training,13,12
7274,13,training,20,19
7278,13,training,23,22
7279,13,training,21,20
7283,13,training,20,19
7284,13,training,21,20
7287,13,training,25,24
7289,13,training,12,11
7291,13,training,33,32
7293,13,training,19,18
7296,13,training,22,21
7297,13,training,21,20
7301,13,training,15,14
7303,13,training,17,16
7305,13,training,12,11
7307,13,training,21,20
7311,13,training,20,19
7312,13,training,11,10
7315,13,training,13,12
7318,13,training,19,18
7321,13,training,13,12
7358,13,training,13,12
7360,13,training,11,10
7363,13,training,12,11
7370,13,training,17,16
7372,13,training,14,13
7373,13,training,15,14
7374,13,training,17,16
7375,13,training,23,22
7376,13,training,17,16
7377,13,training,17,16
7378,13,training,11,10
7379,13,training,14,13
7382,13,training,11,10
7384,13,training,13,12
7386,13,training,12,11
7388,13,training,19,18
7389,13,training,13,12
7393,13,training,19,18
7399,13,training,18,17
7400,13,training,11,10
7405,13,training,21,20
7407,13,training,15,14
7411,13,training,16,15
7412,13,training,16,15
7413,13,training,18,17
7415,13,training,14,13
7416,13,training,19,18
7417,13,training,11,10
7420,13,training,11,10
7421,13,training,11,10
7424,13,training,14,13
7425,13,training,13,12
7427,13,training,24,23
7428,13,training,18,17
7429,13,training,20,19
7434,13,training,11,10
7441,13,training,16,15
7443,13,training,17,16
7447,13,training,13,12
7449,13,training,20,19
7450,13,training,15,14
7453,13,training,21,20
7455,13,training,14,13
7460,13,training,14,13
7469,13,training,11,10
7475,13,training,11,10
7476,13,training,11,10
7490,13,training,18,17
7503,13,training,15,14
7504,13,training,12,11
7506,13,training,16,15
7510,13,training,17,16
7512,13,training,16,15
7514,13,training,17,16
7517,13,training,14,13
7518,13,training,20,19
7519,13,training,14,13
7520,13,training,21,20
7522,13,training,14,13
7524,13,training,11,10
7527,13,training,16,15
7528,13,training,18,17
7531,13,training,19,18
7533,13,training,11,10
7534,13,training,24,23
7535,13,training,19,18
7536,13,training,25,24
7538,13,training,17,16
7539,13,training,16,15
7541,13,training,13,12
7542,13,training,14,13
7543,13,training,15,14
7544,13,training,13,12
7549,13,training,16,15
7550,13,training,11,10
7552,13,training,13,12
7554,13,training,16,15
7557,13,training,23,22
7558,13,training,23,22
7559,13,training,13,12
7560,13,training,11,10
7561,13,training,17,16
7569,13,training,13,12
7573,13,training,20,19
7574,13,training,19,18
7575,13,training,19,18
7576,13,training,14,13
7578,13,training,17,16
7580,13,training,20,19
7581,13,training,13,12
7582,13,training,15,14
7583,13,training,27,26
7584,13,training,14,13
7592,13,training,20,19
7602,13,training,12,11
7608,13,training,14,13
7627,13,training,18,17
7629,13,training,12,11
7631,13,training,18,13
7640,13,training,11,10
7652,13,training,13,12
7654,13,training,11,10
7655,13,training,12,11
7663,13,training,13,12
7664,13,training,11,10
7666,13,training,17,16
7667,13,training,19,17
7668,13,training,20,19
7669,13,training,15,14
7670,13,training,23,22
7671,13,training,11,10
7675,13,training,11,10
7676,13,training,21,20
7677,13,training,15,14
7678,13,training,14,13
7679,13,training,16,15
7681,13,training,14,13
7682,13,training,27,26
7685,13,training,14,13
7686,13,training,15,14
7688,13,training,16,15
7689,13,training,25,24
7690,13,training,18,17
7691,13,training,16,15
7692,13,training,14,13
7697,13,training,14,13
7698,13,training,12,11
7699,13,training,27,26
7700,13,training,16,15
7701,13,training,25,24
7702,13,training,21,20
7703,13,training,18,17
7706,13,training,14,13
7710,13,training,15,14
7711,13,training,12,11
7712,13,training,19,18
7715,13,training,12,11
7716,13,training,12,11
7717,13,training,13,12
7718,13,training,21,20
7723,13,training,15,13
7727,13,training,16,15
7728,13,training,12,11
7729,13,training,16,15
7731,13,training,14,13
7733,13,training,18,17
7736,13,training,20,19
7737,13,training,15,14
7739,13,training,12,11
7740,13,training,16,15
7741,13,training,13,12
7742,13,training,16,15
7748,13,training,13,12
7750,13,training,14,13
7755,13,training,12,11
7757,13,training,11,10
7758,13,training,16,15
7759,13,training,16,15
7761,13,training,16,15
7762,13,training,11,10
7764,13,training,22,20
7768,13,training,17,16
7770,13,training,15,14
7774,13,training,12,11
7777,13,training,14,13
7791,13,training,11,10
7799,13,training,12,10
7802,13,training,18,17
7804,13,training,17,16
7805,13,training,20,19
7809,13,training,15,14
7812,13,training,13,12
7814,13,training,14,13
7815,13,training,16,15
7819,13,training,14,13
7820,14,training,16,15
7821,14,training,13,12
7823,14,training,14,13
7824,14,training,20,19
7826,14,training,12,11
7828,14,training,15,14
7829,14,training,20,19
7830,14,training,18,17
7831,14,training,19,18
7832,14,training,14,13
7833,14,training,18,17
7834,14,training,24,23
7835,14,training,18,17
7836,14,training,18,17
7837,14,training,21,20
7838,14,training,25,24
7842,14,training,20,19
7843,14,training,18,17
7844,14,training,15,14
7847,14,training,16,15
7849,14,training,26,25
7852,14,training,13,12
7853,14,training,14,13
7856,14,training,20,19
7858,14,training,25,24
7863,14,training,17,16
7864,14,training,13,12
7865,14,training,12,11
7866,14,training,13,12
7870,14,training,15,14
7871,14,training,22,21
7872,14,training,24,23
7873,14,training,16,15
7874,14,training,15,14
7875,14,training,17,16
7878,14,training,13,12
7880,14,training,20,19
7881,14,training,17,16
7883,14,training,16,15
7886,14,training,22,21
7888,14,training,21,20
7890,14,training,14,13
7892,14,training,13,12
7895,14,training,14,13
7896,14,training,14,13
7897,14,training,12,11
7898,14,training,12,11
7899,14,training,21,20
7901,14,training,15,14
7905,14,training,13,12
7908,14,training,20,19
7910,14,training,21,20
7914,14,training,11,10
7918,14,training,12,11
7919,14,training,11,10
7929,14,training,17,16
7931,14,training,15,14
7933,14,training,17,16
7939,14,training,12,10
7948,14,training,18,17
7949,14,training,13,12
7951,14,training,11,10
7953,14,training,11,10
7958,14,training,21,20
7959,14,training,17,16
7961,14,training,13,12
7962,14,training,19,18
7964,14,training,13,12
7965,14,training,13,12
7968,14,training,11,10
7969,14,training,18,17
7970,14,training,19,18
7971,14,training,12,11
7972,14,training,14,13
7974,14,training,26,25
7975,14,training,16,15
7979,14,training,20,19
7981,14,training,23,22
7984,14,training,16,15
7986,14,training,21,20
7989,14,training,13,12
7990,14,training,12,11
7991,14,training,20,19
7993,14,training,15,14
7995,14,training,23,22
7996,14,training,17,16
7998,14,training,23,22
7999,14,training,11,10
8000,14,training,12,11
8002,14,training,16,15
8003,14,training,12,11
8004,14,training,16,15
8005,14,training,19,18
8006,14,training,16,15
8008,14,training,13,12
8009,14,training,11,10
8010,14,training,16,15
8013,14,training,11,10
8014,14,training,13,12
8015,14,training,15,14
8016,14,training,16,15
8024,14,training,14,13
8025,14,training,12,11
8027,14,training,20,19
8029,14,training,14,13
8032,14,training,14,13
8034,14,training,11,10
8038,14,training,14,13
8041,14,training,15,14
8042,14,training,22,21
8043,14,training,18,17
8045,14,training,14,13
8046,14,training,17,16
8047,14,training,16,15
8050,14,training,12,11
8055,14,training,12,10
8061,14,training,13,11
8064,14,training,15,13
8086,14,training,12,11
8091,14,training,13,12
8096,14,training,12,11
8101,14,training,16,15
8103,14,training,14,13
8104,14,training,14,13
8105,14,training,23,22
8107,14,training,16,14
8108,14,training,19,18
8111,14,training,16,15
8114,14,training,15,14
8117,14,training,14,13
8118,14,training,18,17
8119,14,training,13,12
8120,14,training,12,11
8121,14,training,13,12
8122,14,training,24,23
8123,14,training,20,19
8124,14,training,15,14
8126,14,training,11,10
8127,14,training,15,14
8129,14,training,27,26
8133,14,training,11,10
8138,14,training,17,16
8139,14,training,17,16
8141,14,training,14,13
8142,14,training,11,10
8144,14,training,17,16
8145,14,training,12,11
8148,14,training,17,16
8152,14,training,11,10
8154,14,training,15,14
8155,14,training,15,14
8157,14,training,15,14
8162,14,training,17,16
8163,14,training,19,18
8165,14,training,13,12
8166,14,training,21,20
8170,14,training,15,14
8172,14,training,15,14
8174,14,training,14,13
8175,14,training,14,13
8176,14,training,22,21
8177,14,training,20,19
8183,14,training,12,11
8191,14,training,13,12
8194,14,training,13,12
8202,14,training,17,15
8213,14,training,15,14
8222,14,training,14,13
8225,14,training,19,18
8227,14,training,19,18
8229,14,training,15,14
8232,14,training,14,13
8234,14,training,14,13
8235,14,training,17,16
8237,14,training,11,10
8239,14,training,21,20
8242,14,training,12,11
8245,14,training,13,12
8247,14,training,12,11
8252,14,training,11,10
8258,14,training,15,14
8259,14,training,16,15
8260,14,training,11,10
8261,14,training,15,14
8262,14,training,14,13
8264,14,training,12,11
8266,14,training,18,17
8267,14,training,19,18
8268,14,training,17,16
8270,14,training,17,16
8277,14,training,18,17
8278,14,training,12,11
8281,14,training,17,16
8294,14,training,17,16
8296,14,training,19,18
8297,14,training,12,11
8301,14,training,12,11
8302,14,training,22,21
8304,14,training,12,11
8306,14,training,20,19
8312,14,training,17,16
8313,14,training,12,10
8314,14,training,15,14
8315,14,training,16,15
8318,14,training,11,10
8319,14,training,17,16
8323,14,training,18,17
8328,14,training,12,11
8333,14,training,14,13
8334,14,training,16,15
8340,14,training,13,11
8349,14,training,14,13
8351,14,training,18,17
8352,14,training,12,11
8364,14,training,11,10
8366,14,training,15,14
8378,14,training,15,14
8379,14,training,19,18
8382,14,training,19,18
8384,14,training,18,17
8387,14,training,13,12
8388,14,training,19,18
8395,14,training,17,16
8398,14,training,14,13
8399,14,training,18,17
8404,14,training,15,14
8405,14,training,20,19
8406,14,training,20,19
8407,14,training,12,11
8408,14,training,22,21
8409,14,training,20,19
8412,14,training,19,18
8415,14,training,14,13
8419,14,training,16,15
8420,14,training,18,17
8421,14,training,17,16
8422,14,training,14,13
8423,14,training,13,12
8424,14,training,11,10
8427,14,training,14,13
8431,14,training,14,13
8433,14,training,13,12
8436,14,training,14,13
8437,14,training,18,17
8439,14,training,14,13
8440,14,training,18,17
8442,14,training,12,11
8444,14,training,12,11
8447,14,training,18,17
8448,14,training,12,11
8449,14,training,15,14
8453,14,training,13,12
8456,14,training,16,15
8458,14,training,13,12
8459,14,training,25,24
8464,14,training,11,10
8467,14,training,15,13
8468,14,training,11,10
8469,14,training,11,10
8470,14,training,13,12
8471,14,training,12,11
8477,14,training,12,11
8479,14,training,16,15
8483,14,training,11,10
8484,14,training,11,10
8498,14,training,23,22
8499,14,training,16,15
8500,14,training,14,13
8506,14,training,22,21
8509,14,training,18,17
8513,14,training,11,10
8514,14,training,13,12
8522,14,training,13,12
8523,14,training,12,11
8524,14,training,11,10
8526,14,training,14,13
8528,14,training,17,16
8529,14,training,14,13
8531,14,training,17,16
8532,15,training,17,16
8533,15,training,16,15
8534,15,training,18,17
8535,15,training,14,13
8536,15,training,14,13
8540,15,training,19,18
8542,15,training,17,16
8544,15,training,20,19
8550,15,training,11,10
8551,15,training,14,13
8553,15,training,17,16
8556,15,training,13,12
8557,15,training,20,19
8559,15,training,14,13
8560,15,training,12,11
8562,15,training,21,20
8563,15,training,16,15
8564,15,training,16,15
8565,15,training,23,22
8568,15,training,17,16
8569,15,training,18,17
8571,15,training,11,10
8572,15,training,17,16
8573,15,training,16,15
8576,15,training,17,16
8577,15,training,20,19
8578,15,training,16,15
8579,15,training,18,17
8581,15,training,16,15
8583,15,training,19,18
8584,15,training,14,13
8586,15,training,11,10
8587,15,training,13,12
8588,15,training,23,22
8591,15,training,15,14
8592,15,training,14,13
8593,15,training,21,20
8594,15,training,24,23
8595,15,training,19,18
8598,15,training,13,12
8600,15,training,15,14
8602,15,training,14,13
8603,15,training,20,19
8604,15,training,23,22
8605,15,training,12,11
8608,15,training,20,19
8611,15,training,16,15
8612,15,training,21,20
8613,15,training,14,13
8615,15,training,11,10
8616,15,training,15,14
8619,15,training,17,16
8623,15,training,12,11
8629,15,training,11,10
8640,15,training,12,11
8656,15,training,11,10
8657,15,training,13,12
8664,15,training,20,19
8665,15,training,16,15
8667,15,training,12,11
8669,15,training,15,14
8671,15,training,25,24
8672,15,training,19,18
8674,15,training,13,12
8678,15,training,15,14
8679,15,training,14,13
8680,15,training,19,18
8681,15,training,17,16
8682,15,training,13,12
8687,15,training,11,10
8688,15,training,22,21
8689,15,training,15,14
8690,15,training,19,18
8692,15,training,17,16
8694,15,training,13,12
8698,15,training,12,11
8699,15,training,18,17
8701,15,training,17,16
8707,15,training,12,11
8708,15,training,12,11
8714,15,training,12,11
8716,15,training,13,11
8717,15,training,14,13
8718,15,training,21,20
8721,15,training,12,11
8722,15,training,19,18
8724,15,training,17,16
8726,15,training,13,12
8729,15,training,17,16
8736,15,training,15,14
8739,15,training,20,19
8740,15,training,14,12
8743,15,training,12,11
8745,15,training,20,19
8747,15,training,11,10
8749,15,training,16,15
8754,15,training,12,11
8757,15,training,14,13
8766,15,training,20,19
8767,15,training,15,14
8772,15,training,12,11
8785,15,training,13,12
8800,15,training,12,11
8804,15,training,11,10
8813,15,training,16,15
8814,15,training,13,12
8817,15,training,22,21
8819,15,training,22,21
8820,15,training,15,14
8822,15,training,12,11
8826,15,training,16,15
8827,15,training,15,14
8828,15,training,15,14
8829,15,training,15,14
8832,15,training,12,11
8833,15,training,15,14
8834,15,training,16,15
8839,15,training,26,25
8840,15,training,15,14
8841,15,training,14,13
8842,15,training,11,10
8845,15,training,19,18
8849,15,training,17,16
8851,15,training,13,12
8853,15,training,18,17
8854,15,training,12,11
8857,15,training,12,11
8858,15,training,11,10
8863,15,training,11,10
8866,15,training,16,15
8867,15,training,17,16
8868,15,training,13,12
8877,15,training,20,19
8878,15,training,20,19
8879,15,training,17,16
8880,15,training,20,19
8881,15,training,12,11
8887,15,training,13,11
8894,15,training,12,11
8896,15,training,13,12
8897,15,training,12,11
8901,15,training,12,10
8902,15,training,14,13
8904,15,training,13,12
8906,15,training,18,17
8914,15,training,12,10
8924,15,training,11,10
8925,15,training,15,14
8927,15,training,12,11
8939,15,training,18,17
8940,15,training,13,12
8945,15,training,13,12
8946,15,training,11,10
8948,15,training,12,11
8949,15,training,17,16
8950,15,training,16,15
8952,15,training,11,10
8954,15,training,17,16
8957,15,training,17,16
8962,15,training,17,16
8964,15,training,18,17
8971,15,training,18,17
8972,15,training,20,19
8973,15,training,22,21
8975,15,training,18,17
8976,15,training,15,14
8979,15,training,15,14
8982,15,training,18,17
8987,15,training,12,11
8994,15,training,16,15
8999,15,training,19,18
9003,15,training,21,19
9006,15,training,15,14
9007,15,training,12,11
9012,15,training,12,11
9016,15,training,12,11
9017,15,training,12,11
9018,15,training,11,10
9019,15,training,18,17
9023,15,training,16,15
9029,15,training,11,10
9030,15,training,17,16
9033,15,training,17,16
9034,15,training,14,13
9038,15,training,12,11
9043,15,training,11,10
9057,15,training,13,12
9063,15,training,11,10
9064,15,training,12,11
9065,15,training,11,10
9071,15,training,21,20
9072,15,training,25,24
9080,15,training,12,11
9081,15,training,13,12
9084,15,training,15,14
9085,15,training,19,18
9090,15,training,18,17
9091,15,training,18,17
9093,15,training,16,15
9097,15,training,11,10
9101,15,training,17,16
9106,15,training,19,18
9109,15,training,20,19
9114,15,training,13,12
9118,15,training,11,10
9119,15,training,22,21
9120,15,training,11,10
9122,15,training,13,12
9123,15,training,14,13
9124,15,training,14,13
9126,15,training,14,13
9130,15,training,15,14
9132,15,training,13,12
9135,15,training,14,13
9136,15,training,12,11
9141,15,training,19,18
9142,15,training,19,18
9144,15,training,12,11
9147,15,training,16,15
9149,15,training,21,20
9151,15,training,11,10
9153,15,training,15,14
9160,15,training,12,11
9163,15,training,13,12
9165,15,training,12,11
9167,15,training,11,10
9169,15,training,13,12
9170,15,training,11,10
9174,15,training,11,10
9182,15,training,11,10
9184,15,training,20,19
9187,15,training,17,16
9188,15,training,21,20
9189,15,training,16,15
9194,15,training,19,18
9206,15,training,11,10
9210,15,training,14,13
9211,15,training,15,14
9225,16,training,12,11
9227,16,training,24,23
9228,16,training,21,20
9232,16,training,14,13
9234,16,training,16,15
9235,16,training,18,17
9236,16,training,16,15
9237,16,training,12,11
9238,16,training,12,11
9239,16,training,16,15
9241,16,training,16,15
9242,16,training,20,19
9244,16,training,15,14
9246,16,training,15,14
9251,16,training,18,17
9255,16,training,16,15
9256,16,training,24,23
9257,16,training,16,15
9258,16,training,22,21
9263,16,training,19,18
9264,16,training,12,11
9265,16,training,24,23
9270,16,training,13,12
9272,16,training,16,15
9273,16,training,11,10
9275,16,training,18,17
9276,16,training,14,13
9278,16,training,13,12
9279,16,training,19,18
9280,16,training,22,21
9283,16,training,20,19
9289,16,training,22,21
9291,16,training,15,14
9293,16,training,14,13
9294,16,training,21,20
9297,16,training,17,16
9302,16,training,21,20
9307,16,training,13,11
9308,16,training,19,18
9310,16,training,12,11
9313,16,training,12,11
9324,16,training,19,18
9325,16,training,18,17
9326,16,training,16,15
9331,16,training,15,14
9340,16,training,14,12
9351,16,training,17,16
9352,16,training,12,11
9354,16,training,12,11
9355,16,training,12,11
9357,16,training,20,19
9359,16,training,11,10
9362,16,training,22,21
9363,16,training,17,16
9364,16,training,13,12
9372,16,training,11,10
9373,16,training,18,17
9374,16,training,18,17
9375,16,training,14,13
9378,16,training,12,11
9380,16,training,24,23
9381,16,training,17,16
9383,16,training,19,18
9384,16,training,11,10
9386,16,training,17,16
9387,16,training,19,18
9388,16,training,19,18
9391,16,training,17,16
9392,16,training,14,13
9395,16,training,15,14
9396,16,training,14,13
9398,16,training,14,13
9399,16,training,22,21
9400,16,training,14,13
9405,16,training,11,10
9409,16,training,17,16
9410,16,training,17,16
9412,16,training,13,12
9417,16,training,12,11
9419,16,training,19,18
9422,16,training,20,19
9423,16,training,14,13
9425,16,training,17,16
9432,16,training,17,16
9435,16,training,20,19
9437,16,training,16,15
9438,16,training,13,12
9439,16,training,23,22
9440,16,training,14,13
9441,16,training,13,12
9443,16,training,12,10
9445,16,training,11,10
9446,16,training,16,15
9449,16,training,16,15
9451,16,training,12,11
9452,16,training,19,18
9453,16,training,13,12
9456,16,training,11,10
9457,16,training,21,20
9458,16,training,14,13
9464,16,training,13,12
9465,16,training,12,11
9467,16,training,17,16
9470,16,training,11,10
9508,16,training,12,11
9515,16,training,11,10
9520,16,training,16,15
9524,16,training,14,13
9533,16,training,15,14
9535,16,training,17,16
9539,16,training,11,10
9540,16,training,12,11
9543,16,training,21,20
9547,16,training,15,14
9553,16,training,13,12
9554,16,training,13,12
9556,16,training,12,11
9562,16,training,16,14
9563,16,training,18,17
9564,16,training,21,20
9566,16,training,15,14
9568,16,training,18,17
9570,16,training,13,12
9571,16,training,18,17
9573,16,training,17,16
9574,16,training,13,12
9584,16,training,17,16
9588,16,training,16,15
9590,16,training,16,15
9592,16,training,15,14
9593,16,training,17,15
9595,16,training,14,13
9597,16,training,21,20
9605,16,training,19,18
9608,16,training,11,10
9610,16,training,12,11
9612,16,training,11,10
9613,16,training,11,10
9618,16,training,11,10
9619,16,training,12,11
9620,16,training,12,11
9621,16,training,14,13
9623,16,training,18,17
9628,16,training,13,12
9642,16,training,16,15
9658,16,training,13,12
9659,16,training,11,10
9665,16,training,19,18
9666,16,training,12,11
9669,16,training,11,10
9671,16,training,19,18
9672,16,training,16,15
9673,16,training,20,19
9677,16,training,14,13
9685,16,training,16,15
9689,16,training,14,13
9702,16,training,14,13
9703,16,training,13,12
9705,16,training,21,20
9708,16,training,12,11
9709,16,training,15,14
9712,16,training,19,18
9715,16,training,22,21
9718,16,training,13,12
9722,16,training,19,18
9731,16,training,16,15
9733,16,training,20,19
9736,16,training,19,18
9738,16,training,16,15
9741,16,training,11,10
9742,16,training,16,15
9743,16,training,17,16
9744,16,training,15,14
9746,16,training,12,11
9749,16,training,19,18
9750,16,training,18,17
9757,16,training,21,20
9759,16,training,16,15
9772,16,training,15,14
9773,16,training,18,16
9774,16,training,13,12
9776,16,training,16,15
9777,16,training,17,16
9791,16,training,11,10
9795,16,training,11,10
9798,16,training,11,10
9812,16,training,17,16
9817,16,training,15,14
9821,16,training,18,17
9822,16,training,11,10
9826,16,training,15,14
9830,16,training,14,13
9832,16,training,23,22
9833,16,training,16,15
9845,16,training,21,20
9848,16,training,14,13
9849,16,training,16,15
9852,16,training,21,20
9853,16,training,14,13
9854,16,training,12,11
9855,16,training,18,17
9857,16,training,18,16
9859,16,training,16,15
9860,16,training,19,18
9861,16,training,15,14
9867,16,training,14,13
9869,16,training,24,23
9873,16,training,12,11
9874,16,training,17,16
9876,16,training,13,12
9879,16,training,17,16
9880,16,training,16,15
9881,16,training,16,15
9882,16,training,20,19
9886,16,training,13,12
9888,16,training,12,11
9890,16,training,16,15
9892,16,training,11,10
9893,16,training,13,12
9896,16,training,15,14
9898,16,training,13,12
9899,16,training,12,11
9907,16,training,12,11
9914,16,training,13,12
9916,16,training,11,10
9917,16,training,15,14
9919,16,training,22,21
9925,16,training,12,11
9926,16,training,15,14
9927,16,training,15,14
9930,16,training,14,13
9935,16,training,16,15
9940,16,training,18,17
9943,17,training,19,18
9945,17,training,22,21
9948,17,training,18,17
9949,17,training,14,13
9950,17,training,12,11
9951,17,training,17,16
9954,17,training,17,16
9955,17,training,16,15
9956,17,training,13,12
9957,17,training,17,16
9959,17,training,12,11
9965,17,training,23,22
9966,17,training,15,14
9968,17,training,16,15
9970,17,training,14,13
9972,17,training,15,14
9973,17,training,25,24
9976,17,training,15,14
9977,17,training,25,24
9980,17,training,16,15
9981,17,training,23,22
9982,17,training,16,15
9983,17,training,12,11
9985,17,training,21,20
9986,17,training,18,17
9987,17,training,16,15
9988,17,training,12,11
9991,17,training,15,13
9992,17,training,17,16
9994,17,training,20,19
9995,17,training,19,18
9996,17,training,11,10
9998,17,training,13,12
10000,17,training,18,17
10001,17,training,16,15
10003,17,training,16,15
10005,17,training,17,16
10010,17,training,15,13
10011,17,training,14,13
10016,17,training,20,19
10017,17,training,19,18
10024,17,training,12,11
10030,17,training,14,13
10031,17,training,12,10
10032,17,training,19,18
10033,17,training,13,12
10041,17,training,14,13
10049,17,training,15,14
10055,17,training,17,15
10056,17,training,13,12
10061,17,training,14,13
10070,17,training,12,11
10071,17,training,13,12
10074,17,training,18,17
10081,17,training,20,19
10082,17,training,16,15
10089,17,training,20,19
10091,17,training,17,16
10094,17,training,15,14
10096,17,training,13,12
10097,17,training,20,19
10098,17,training,11,10
10099,17,training,15,14
10103,17,training,14,13
10105,17,training,19,18
10114,17,training,13,12
10117,17,training,12,11
10118,17,training,21,20
10123,17,training,14,13
10127,17,training,11,10
10130,17,training,13,12
10131,17,training,19,18
10133,17,training,17,16
10135,17,training,28,27
10138,17,training,13,10
10141,17,training,18,17
10142,17,training,18,17
10143,17,training,12,11
10146,17,training,13,12
10147,17,training,15,14
10149,17,training,20,19
10153,17,training,17,16
10158,17,training,20,19
10159,17,training,12,11
10162,17,training,22,21
10165,17,training,23,22
10167,17,training,14,13
10168,17,training,15,14
10169,17,training,11,10
10176,17,training,12,11
10183,17,training,12,11
10234,17,training,15,14
10237,17,training,20,19
10241,17,training,17,16
10243,17,training,14,13
10245,17,training,13,12
10248,17,training,13,12
10250,17,training,18,17
10253,17,training,14,13
10258,17,training,15,14
10265,17,training,13,12
10266,17,training,13,12
10268,17,training,15,14
10270,17,training,15,14
10271,17,training,18,17
10275,17,training,17,16
10281,17,training,15,14
10286,17,training,24,23
10288,17,training,20,19
10289,17,training,18,17
10291,17,training,15,14
10296,17,training,11,10
10298,17,training,15,14
10300,17,training,15,14
10306,17,training,11,10
10307,17,training,15,14
10310,17,training,14,13
10311,17,training,11,10
10315,17,training,19,18
10318,17,training,12,11
10319,17,training,20,19
10323,17,training,17,16
10324,17,training,18,17
10325,17,training,14,13
10326,17,training,11,10
10331,17,training,14,13
10332,17,training,12,11
10333,17,training,11,10
10334,17,training,17,16
10336,17,training,22,21
10340,17,training,23,22
10341,17,training,14,13
10349,17,training,27,26
10350,17,training,20,19
10351,17,training,23,22
10356,17,training,19,18
10357,17,training,11,10
10359,17,training,16,15
10360,17,training,18,17
10366,17,training,16,15
10367,17,training,13,12
10369,17,training,21,20
10373,17,training,20,19
10395,17,training,15,14
10397,17,training,12,11
10398,17,training,14,13
10407,17,training,13,11
10417,17,training,15,14
10418,17,training,12,11
10422,17,training,14,13
10423,17,training,12,11
10427,17,training,11,10
10428,17,training,15,14
10431,17,training,18,17
10434,17,training,13,12
10452,17,training,11,10
10462,17,training,12,11
10467,17,training,15,14
10468,17,training,17,16
10471,17,training,19,18
10472,17,training,15,14
10474,17,training,15,14
10476,17,training,17,16
10477,17,training,20,19
10481,17,training,13,12
10483,17,training,13,12
10484,17,training,13,12
10486,17,training,18,17
10487,17,training,14,13
10488,17,training,14,13
10493,17,training,15,14
10496,17,training,17,16
10497,17,training,19,18
10499,17,training,13,12
10500,17,training,17,16
10501,17,training,16,15
10502,17,training,16,15
10505,17,training,11,10
10506,17,training,18,16
10509,17,training,14,13
10513,17,training,17,16
10514,17,training,20,19
10519,17,training,15,14
10525,17,training,19,18
10526,17,training,21,20
10528,17,training,12,11
10530,17,training,16,15
10536,17,training,14,13
10540,17,training,17,16
10541,17,training,12,11
10546,17,training,16,15
10551,17,training,17,16
10556,17,training,13,12
10557,17,training,12,11
10559,17,training,17,16
10560,17,training,14,13
10578,17,training,13,12
10579,17,training,13,12
10584,17,training,13,12
10588,17,training,12,11
10590,17,training,14,13
10595,17,training,21,20
10596,17,training,12,11
10598,17,training,15,14
10599,17,training,11,10
10602,17,training,11,10
10605,17,training,12,11
10606,17,training,14,13
10607,17,training,15,14
10610,17,training,11,10
10611,17,training,15,14
10612,17,training,13,12
10613,18,training,20,19
10615,18,training,19,18
10620,18,training,26,25
10621,18,training,19,18
10623,18,training,14,13
10624,18,training,16,15
10625,18,training,13,12
10628,18,training,18,17
10630,18,training,13,12
10633,18,training,16,15
10639,18,training,21,20
10641,18,training,19,18
10644,18,training,21,20
10651,18,training,17,16
10655,18,training,16,15
10656,18,training,22,21
10660,18,training,18,17
10661,18,training,16,15
10662,18,training,13,12
10666,18,training,18,17
10667,18,training,11,10
10673,18,training,14,13
10674,18,training,18,17
10678,18,training,21,20
10680,18,training,19,18
10683,18,training,15,14
10684,18,training,11,10
10687,18,training,12,11
10688,18,training,16,15
10689,18,training,19,18
10692,18,training,18,17
10694,18,training,17,16
10695,18,training,16,15
10698,18,training,28,27
10702,18,training,19,18
10703,18,training,16,15
10706,18,training,12,11
10708,18,training,11,10
10720,18,training,11,10
10721,18,training,12,11
10738,18,training,11,10
10755,18,training,11,10
10767,18,training,19,18
10769,18,training,14,13
10771,18,training,13,12
10774,18,training,16,15
10775,18,training,17,16
10781,18,training,13,12
10784,18,training,18,17
10788,18,training,19,18
10789,18,training,17,16
10791,18,training,12,11
10794,18,training,22,21
10795,18,training,16,15
10803,18,training,14,13
10805,18,training,14,13
10806,18,training,11,10
10808,18,training,13,12
10809,18,training,19,17
10810,18,training,18,17
10812,18,training,11,10
10813,18,training,11,10
10817,18,training,16,15
10821,18,training,19,18
10822,18,training,12,11
10828,18,training,19,18
10838,18,training,16,15
10840,18,training,18,17
10842,18,training,28,27
10843,18,training,17,16
10844,18,training,18,17
10848,18,training,12,11
10850,18,training,23,22
10852,18,training,14,13
10853,18,training,18,17
10855,18,training,17,16
10861,18,training,14,13
10866,18,training,16,15
10871,18,training,18,17
10882,18,training,15,14
10883,18,training,15,14
10887,18,training,16,15
10896,18,training,20,19
10901,18,training,12,11
10918,18,training,19,18
10921,18,training,21,20
10926,18,training,16,15
10929,18,training,17,16
10932,18,training,12,11
10938,18,training,11,10
10943,18,training,14,13
10948,18,training,13,12
10950,18,training,11,10
10951,18,training,16,15
10952,18,training,16,14
10954,18,training,17,16
10955,18,training,13,12
10958,18,training,15,14
10963,18,training,13,12
10965,18,training,17,16
10967,18,training,12,11
10968,18,training,13,12
10969,18,training,19,18
10972,18,training,17,16
10974,18,training,20,19
10978,18,training,19,18
10981,18,training,17,16
10987,18,training,14,13
10995,18,training,17,16
10997,18,training,19,18
10999,18,training,13,12
11002,18,training,11,10
11003,18,training,14,13
11006,18,training,11,10
11011,18,training,14,13
11014,18,training,15,14
11036,18,training,11,10
11050,18,training,14,13
11052,18,training,16,15
11057,18,training,15,14
11060,18,training,15,14
11063,18,training,14,13
11064,18,training,15,14
11067,18,training,13,12
11071,18,training,26,24
11078,18,training,13,12
11080,18,training,12,11
11081,18,training,14,13
11083,18,training,14,13
11084,18,training,14,13
11087,18,training,16,15
11090,18,training,16,15
11091,18,training,13,12
11097,18,training,16,15
11098,18,training,15,14
11099,18,training,12,11
11101,18,training,13,12
11102,18,training,23,22
11105,18,training,11,10
11107,18,training,13,12
11112,18,training,12,11
11117,18,training,16,15
11120,18,training,11,10
11122,18,training,14,13
11126,18,training,12,10
11129,18,training,11,10
11130,18,training,11,10
11135,18,training,14,13
11139,18,training,12,11
11145,18,training,15,14
11148,18,training,11,10
11156,18,training,11,10
11159,18,training,11,10
11161,18,training,12,11
11163,18,training,17,16
11165,18,training,13,12
11168,18,training,18,17
11171,18,training,12,11
11172,18,training,24,23
11179,18,training,11,10
11180,18,training,11,10
11185,18,training,11,10
11187,18,training,15,14
11190,18,training,16,15
11193,18,training,19,18
11195,19,validation,18,17
11196,19,validation,11,10
11199,19,validation,17,16
11200,19,validation,13,12
11201,19,validation,14,13
11202,19,validation,16,15
11204,19,validation,19,18
11205,19,validation,24,23
11207,19,validation,25,24
11208,19,validation,17,16
11209,19,validation,13,12
11210,19,validation,18,17
11211,19,validation,22,21
11212,19,validation,27,26
11213,19,validation,16,15
11214,19,validation,13,12
11215,19,validation,16,15
11216,19,validation,18,17
11217,19,validation,13,12
11218,19,validation,15,14
11219,19,validation,16,15
11225,19,validation,22,21
11226,19,validation,15,14
11228,19,validation,14,13
11229,19,validation,18,17
11232,19,validation,16,15
11233,19,validation,25,24
11235,19,validation,11,10
11241,19,validation,20,18
11243,19,validation,16,15
11250,19,validation,24,23
11251,19,validation,23,22
11252,19,validation,26,25
11253,19,validation,13,12
11254,19,validation,24,23
11255,19,validation,15,14
11259,19,validation,17,16
11260,19,validation,21,20
11263,19,validation,13,12
11265,19,validation,11,10
11266,19,validation,20,19
11267,19,validation,18,17
11270,19,validation,21,20
11271,19,validation,16,15
11273,19,validation,17,16
11276,19,validation,20,19
11277,19,validation,26,25
11283,19,validation,14,13
11284,19,validation,17,16
11285,19,validation,12,11
11288,19,validation,22,21
11290,19,validation,20,19
11292,19,validation,25,24
11294,19,validation,15,14
11295,19,validation,22,21
11303,19,validation,15,14
11304,19,validation,18,17
11307,19,validation,17,16
11311,19,validation,13,12
11315,19,validation,11,10
11324,19,validation,12,11
11332,19,validation,11,10
11335,19,validation,11,10
11340,19,validation,14,13
11343,19,validation,11,10
11344,19,validation,17,16
11349,19,validation,14,13
11350,19,validation,21,20
11352,19,validation,16,15
11357,19,validation,22,21
11358,19,validation,14,12
11360,19,validation,14,13
11361,19,validation,18,17
11362,19,validation,19,18
11367,19,validation,26,25
11375,19,validation,21,19
11377,19,validation,14,13
11378,19,validation,13,12
11379,19,validation,15,14
11381,19,validation,11,10
11384,19,validation,19,17
11385,19,validation,13,12
11386,19,validation,22,21
11388,19,validation,19,18
11389,19,validation,18,17
11391,19,validation,11,10
11392,19,validation,16,14
11394,19,validation,14,13
11397,19,validation,17,16
11400,19,validation,13,12
11402,19,validation,20,19
11403,19,validation,14,13
11406,19,validation,13,12
11407,19,validation,13,12
11412,19,validation,24,23
11416,19,validation,24,23
11418,19,validation,14,13
11421,19,validation,25,24
11426,19,validation,20,19
11430,19,validation,18,17
11432,19,validation,17,16
11435,19,validation,25,24
11441,19,validation,14,13
11445,19,validation,13,12
11447,19,validation,12,11
11456,19,validation,14,11
11465,19,validation,15,14
11469,19,validation,11,10
11473,19,validation,15,14
11478,19,validation,12,11
11479,19,validation,11,10
11482,19,validation,15,14
11484,19,validation,15,14
11486,19,validation,15,14
11488,19,validation,18,17
11490,19,validation,17,16
11494,19,validation,18,17
11497,19,validation,16,15
11501,19,validation,13,12
11504,19,validation,16,15
11506,19,validation,12,11
11507,19,validation,15,14
11509,19,validation,14,13
11510,19,validation,13,12
11518,19,validation,17,16
11521,19,validation,14,13
11527,19,validation,15,14
11528,19,validation,13,12
11530,19,validation,15,14
11531,19,validation,12,11
11532,19,validation,19,18
11533,19,validation,17,16
11534,19,validation,22,21
11541,19,validation,12,11
11543,19,validation,12,11
11545,19,validation,21,20
11547,19,validation,15,14
11548,19,validation,11,10
11549,19,validation,17,16
11550,19,validation,11,10
11551,19,validation,21,20
11553,19,validation,12,11
11554,19,validation,15,14
11555,19,validation,11,10
11563,19,validation,11,10
11567,19,validation,17,16
11575,19,validation,14,13
11577,19,validation,16,15
11580,19,validation,15,14
11587,19,validation,16,15
11589,19,validation,16,15
11599,19,validation,13,12
11602,19,validation,15,14
11603,19,validation,16,15
11606,19,validation,11,10
11609,19,validation,11,10
11615,19,validation,13,12
11620,19,validation,15,14
11621,19,validation,18,17
11625,19,validation,12,11
11627,19,validation,16,15
11628,19,validation,17,16
11629,19,validation,15,14
11631,19,validation,18,17
11633,19,validation,16,15
11634,19,validation,13,12
11635,19,validation,13,12
11639,19,validation,12,11
11645,19,validation,13,12
11647,19,validation,16,15
11651,19,validation,15,14
11653,19,validation,21,20
11658,19,validation,20,19
11664,19,validation,12,11
11667,19,validation,17,16
11669,19,validation,15,14
11680,19,validation,14,13
11687,19,validation,17,16
11691,19,validation,16,15
11692,19,validation,27,26
11693,19,validation,19,18
11694,19,validation,21,20
11696,19,validation,13,12
11698,19,validation,22,21
11699,19,validation,13,12
11700,19,validation,18,17
11701,19,validation,18,17
11702,19,validation,16,15
11704,19,validation,18,17
11705,19,validation,17,16
11710,19,validation,13,12
11715,19,validation,19,18
11720,19,validation,12,11
11722,19,validation,14,13
11728,19,validation,15,14
11747,19,validation,11,10
11749,19,validation,13,12
11752,19,validation,12,11
11758,19,validation,12,11
11760,19,validation,15,14
11762,19,validation,13,12
11768,19,validation,16,15
11770,19,validation,16,15
11771,19,validation,16,15
11772,19,validation,15,14
11774,19,validation,16,15
11775,19,validation,20,19
11779,19,validation,18,17
11780,19,validation,18,17
11781,19,validation,11,10
11782,19,validation,14,13
11783,19,validation,13,12
11786,19,validation,13,12
11787,19,validation,15,14
11793,19,validation,17,16
11801,19,validation,20,19
11803,19,validation,21,20
11806,19,validation,13,12
11807,19,validation,19,18
11808,19,validation,17,16
11812,19,validation,17,16
11818,19,validation,13,12
11822,19,validation,14,13
11826,19,validation,11,10
11832,19,validation,12,11
11836,19,validation,18,17
11840,19,validation,19,18
11841,19,validation,18,17
11842,19,validation,15,14
11848,20,validation,13,12
11849,20,validation,17,16
11850,20,validation,14,13
11851,20,validation,13,12
11852,20,validation,12,11
11853,20,validation,18,17
11856,20,validation,15,14
11857,20,validation,12,11
11859,20,validation,20,19
11862,20,validation,11,10
11863,20,validation,15,14
11865,20,validation,18,17
11867,20,validation,19,18
11868,20,validation,20,19
11869,20,validation,12,11
11870,20,validation,21,20
11872,20,validation,24,23
11875,20,validation,16,15
11878,20,validation,13,12
11880,20,validation,15,14
11881,20,validation,19,18
11883,20,validation,31,30
11884,20,validation,19,18
11888,20,validation,26,25
11892,20,validation,21,20
11893,20,validation,22,21
11894,20,validation,22,21
11896,20,validation,17,16
11897,20,validation,22,21
11899,20,validation,18,17
11900,20,validation,18,17
11905,20,validation,14,13
11906,20,validation,24,23
11907,20,validation,18,17
11908,20,validation,24,22
11909,20,validation,11,10
11912,20,validation,13,12
11914,20,validation,20,19
11915,20,validation,16,15
11918,20,validation,14,13
11922,20,validation,17,16
11926,20,validation,14,13
11930,20,validation,12,10
11931,20,validation,24,23
11932,20,validation,15,14
11934,20,validation,17,16
11937,20,validation,20,18
11938,20,validation,15,14
11958,20,validation,16,15
11961,20,validation,19,18
11988,20,validation,11,10
11993,20,validation,11,10
12003,20,validation,13,12
12010,20,validation,19,18
12011,20,validation,19,18
12012,20,validation,17,16
12013,20,validation,20,17
12014,20,validation,14,13
12018,20,validation,15,14
12019,20,validation,18,17
12023,20,validation,18,17
12024,20,validation,19,18
12026,20,validation,16,15
12027,20,validation,15,14
12028,20,validation,23,22
12030,20,validation,18,17
12033,20,validation,11,10
12040,20,validation,27,26
12041,20,validation,13,12
12044,20,validation,11,10
12047,20,validation,21,20
12050,20,validation,13,12
12051,20,validation,16,15
12054,20,validation,13,12
12058,20,validation,19,18
12064,20,validation,18,17
12066,20,validation,16,15
12072,20,validation,26,25
12074,20,validation,22,21
12075,20,validation,11,10
12077,20,validation,15,14
12079,20,validation,12,11
12080,20,validation,11,10
12081,20,validation,20,19
12082,20,validation,13,12
12084,20,validation,12,11
12093,20,validation,13,12
12096,20,validation,12,11
12097,20,validation,17,16
12099,20,validation,15,14
12100,20,validation,18,17
12101,20,validation,16,15
12105,20,validation,15,14
12113,20,validation,11,10
12150,20,validation,12,11
12154,20,validation,15,14
12164,20,validation,12,11
12166,20,validation,13,12
12170,20,validation,16,15
12172,20,validation,16,15
12178,20,validation,19,18
12180,20,validation,12,11
12181,20,validation,14,13
12182,20,validation,22,21
12186,20,validation,14,13
12187,20,validation,17,16
12188,20,validation,17,16
12190,20,validation,15,14
12191,20,validation,22,21
12192,20,validation,15,14
12198,20,validation,22,21
12199,20,validation,21,20
12201,20,validation,19,18
12203,20,validation,15,14
12207,20,validation,12,11
12208,20,validation,12,11
12210,20,validation,19,18
12212,20,validation,14,13
12215,20,validation,15,14
12222,20,validation,17,16
12225,20,validation,12,11
12227,20,validation,12,11
12228,20,validation,15,14
12229,20,validation,19,18
12231,20,validation,21,20
12233,20,validation,19,18
12234,20,validation,14,13
12237,20,validation,15,14
12238,20,validation,18,17
12240,20,validation,12,11
12244,20,validation,21,20
12249,20,validation,20,19
12252,20,validation,19,18
12258,20,validation,12,11
12259,20,validation,20,19
12271,20,validation,13,12
12277,20,validation,14,13
12295,20,validation,11,10
12299,20,validation,12,11
12300,20,validation,12,11
12305,20,validation,11,10
12307,20,validation,11,10
12312,20,validation,18,17
12314,20,validation,14,13
12315,20,validation,13,12
12316,20,validation,15,14
12318,20,validation,15,14
12321,20,validation,14,13
12322,20,validation,14,13
12324,20,validation,16,15
12326,20,validation,16,15
12329,20,validation,15,14
12331,20,validation,12,11
12345,20,validation,17,16
12346,20,validation,25,23
12347,20,validation,14,13
12348,20,validation,20,19
12349,20,validation,13,12
12350,20,validation,13,12
12356,20,validation,11,10
12357,20,validation,14,13
12358,20,validation,18,17
12362,20,validation,15,14
12368,20,validation,12,11
12369,20,validation,21,20
12374,20,validation,26,25
12375,20,validation,16,15
12377,20,validation,15,14
12381,20,validation,22,21
12382,20,validation,13,12
12383,20,validation,12,11
12384,20,validation,17,16
12392,20,validation,17,16
12393,20,validation,19,18
12394,20,validation,17,16
12395,20,validation,11,10
12406,20,validation,12,11
12408,20,validation,16,15
12413,20,validation,17,16
12416,20,validation,16,15
12417,20,validation,14,13
12438,20,validation,15,14
12439,20,validation,20,18
12443,20,validation,14,13
12447,20,validation,12,11
12453,20,validation,14,13
12457,20,validation,16,15
12459,20,validation,15,14
12461,20,validation,17,16
12462,21,validation,13,12
12463,21,validation,13,12
12464,21,validation,26,25
12469,21,validation,18,17
12470,21,validation,21,20
12471,21,validation,17,16
12472,21,validation,15,14
12473,21,validation,18,17
12475,21,validation,20,19
12476,21,validation,14,13
12478,21,validation,24,23
12479,21,validation,16,15
12480,21,validation,17,16
12482,21,validation,17,16
12483,21,validation,22,21
12484,21,validation,24,23
12485,21,validation,22,21
12486,21,validation,16,15
12487,21,validation,14,13
12488,21,validation,13,12
12490,21,validation,11,10
12492,21,validation,20,19
12493,21,validation,16,15
12496,21,validation,11,10
12502,21,validation,17,16
12504,21,validation,16,15
12506,21,validation,15,14
12507,21,validation,23,22
12508,21,validation,12,11
12509,21,validation,19,18
12512,21,validation,15,14
12513,21,validation,11,10
12516,21,validation,14,13
12519,21,validation,14,13
12520,21,validation,14,13
12522,21,validation,20,19
12523,21,validation,19,18
12524,21,validation,16,15
12527,21,validation,19,18
12529,21,validation,13,12
12530,21,validation,18,17
12532,21,validation,15,14
12533,21,validation,16,15
12536,21,validation,14,13
12537,21,validation,18,17
12539,21,validation,19,18
12540,21,validation,18,17
12542,21,validation,19,18
12543,21,validation,17,16
12544,21,validation,20,19
12549,21,validation,20,19
12551,21,validation,22,21
12553,21,validation,13,12
12554,21,validation,14,13
12560,21,validation,14,13
12564,21,validation,16,15
12567,21,validation,13,12
12590,21,validation,15,14
12598,21,validation,15,14
12604,21,validation,17,16
12606,21,validation,11,10
12609,21,validation,15,14
12610,21,validation,18,17
12613,21,validation,11,10
12616,21,validation,21,20
12618,21,validation,13,12
12619,21,validation,16,15
12620,21,validation,19,18
12622,21,validation,20,19
12623,21,validation,12,11
12625,21,validation,22,21
12629,21,validation,18,17
12630,21,validation,12,11
12632,21,validation,18,17
12634,21,validation,13,11
12638,21,validation,20,19
12640,21,validation,16,15
12642,21,validation,16,15
12645,21,validation,19,18
12647,21,validation,15,14
12648,21,validation,15,14
12652,21,validation,16,15
12653,21,validation,16,15
12655,21,validation,19,18
12656,21,validation,18,17
12658,21,validation,21,20
12659,21,validation,15,14
12660,21,validation,12,11
12672,21,validation,14,13
12677,21,validation,19,18
12678,21,validation,16,15
12682,21,validation,15,14
12684,21,validation,13,12
12686,21,validation,12,11
12687,21,validation,20,19
12689,21,validation,15,14
12690,21,validation,23,22
12692,21,validation,12,10
12693,21,validation,24,23
12697,21,validation,20,19
12707,21,validation,16,15
12710,21,validation,15,14
12711,21,validation,18,17
12714,21,validation,25,23
12715,21,validation,13,12
12719,21,validation,14,13
12733,21,validation,18,17
12734,21,validation,13,12
12741,21,validation,12,11
12757,21,validation,17,16
12759,21,validation,17,16
12760,21,validation,15,14
12763,21,validation,14,13
12764,21,validation,15,14
12765,21,validation,11,10
12766,21,validation,19,18
12769,21,validation,18,17
12770,21,validation,16,15
12771,21,validation,12,11
12777,21,validation,13,12
12778,21,validation,20,19
12779,21,validation,16,15
12788,21,validation,11,10
12791,21,validation,16,15
12792,21,validation,11,10
12794,21,validation,16,14
12798,21,validation,16,15
12800,21,validation,12,11
12803,21,validation,12,11
12813,21,validation,20,19
12815,21,validation,14,13
12816,21,validation,14,13
12818,21,validation,23,22
12821,21,validation,17,16
12825,21,validation,18,17
12826,21,validation,17,16
12827,21,validation,16,15
12829,21,validation,12,11
12831,21,validation,13,12
12837,21,validation,17,16
12838,21,validation,14,13
12843,21,validation,12,11
12850,21,validation,16,15
12852,21,validation,18,16
12860,21,validation,12,11
12863,21,validation,12,11
12864,21,validation,17,16
12879,21,validation,15,14
12884,21,validation,11,10
12886,21,validation,12,11
12887,21,validation,14,13
12890,21,validation,14,13
12893,21,validation,14,13
12895,21,validation,14,13
12897,21,validation,13,12
12898,21,validation,12,11
12902,21,validation,18,17
12904,21,validation,14,13
12911,21,validation,11,10
12914,21,validation,14,13
12916,21,validation,13,12
12918,21,validation,17,16
12920,21,validation,18,17
12921,21,validation,19,18
12924,21,validation,17,16
12926,21,validation,13,12
12927,21,validation,18,17
12928,21,validation,11,10
12929,21,validation,13,12
12930,21,validation,22,21
12934,21,validation,17,16
12936,21,validation,13,12
12937,21,validation,15,14
12940,21,validation,24,23
12941,21,validation,13,12
12942,21,validation,12,11
12944,21,validation,14,13
12946,21,validation,17,16
12947,21,validation,11,10
12950,21,validation,21,20
12951,21,validation,15,14
12957,21,validation,15,14
12958,21,validation,13,12
12961,21,validation,16,15
12965,21,validation,17,16
12968,21,validation,16,15
12971,21,validation,11,10
12972,21,validation,14,13
12978,21,validation,18,17
12979,21,validation,24,23
12981,21,validation,19,18
12982,21,validation,17,16
12983,21,validation,20,19
12986,21,validation,18,17
12987,21,validation,14,13
12988,21,validation,18,17
12996,21,validation,15,14
12997,21,validation,17,16
12999,21,validation,11,10
13005,21,validation,11,10
13006,21,validation,11,10
13007,21,validation,19,18
13014,21,validation,14,13
13016,21,validation,13,12
13017,21,validation,12,11
13021,21,validation,18,17
13023,21,validation,15,14
13028,21,validation,15,14
13036,21,validation,11,10
13041,21,validation,14,13
13043,21,validation,12,11
13044,21,validation,12,11
13052,21,validation,22,21
13053,21,validation,17,16
13060,21,validation,15,14
13061,21,validation,13,12
13062,21,validation,12,11
13064,21,validation,18,17
13065,21,validation,13,12
13066,21,validation,16,15
13068,21,validation,21,20
13069,21,validation,15,14
13070,21,validation,17,16
13073,21,validation,13,12
13076,21,validation,19,18
13079,21,validation,18,17
13080,21,validation,15,14
13081,21,validation,11,10
13083,21,validation,12,11
13088,21,validation,12,11
13089,21,validation,14,13
13092,21,validation,22,21
13096,21,validation,16,15
13100,21,validation,18,17
13103,21,validation,19,18
13109,21,validation,11,10
13122,21,validation,13,12
13125,21,validation,11,10
13126,21,validation,18,17
13127,21,validation,16,15
13129,21,validation,18,17
13130,21,validation,15,14
13131,21,validation,18,17
13132,21,validation,11,10
13136,21,validation,23,22
13138,21,validation,19,18
13140,21,validation,15,14
13141,21,validation,14,13
13142,21,validation,18,17
13146,21,validation,14,13
13152,21,validation,15,14
13153,21,validation,16,15
13155,21,validation,11,10
13157,21,validation,11,10
13159,21,validation,12,11
13164,21,validation,13,12
13165,21,validation,16,15
13166,21,validation,14,13
13178,21,validation,13,12
13185,21,validation,15,14
13186,21,validation,14,13
13187,21,validation,16,15
13188,21,validation,13,12
13195,21,validation,14,13
13203,21,validation,12,11
13204,21,validation,13,12
13209,21,validation,16,15
13210,21,validation,15,14
13212,21,validation,12,11
13213,21,validation,20,19
13215,22,validation,11,10
13217,22,validation,19,18
13219,22,validation,14,13
13221,22,validation,14,13
13223,22,validation,17,16
13224,22,validation,23,22
13226,22,validation,20,19
13227,22,validation,18,17
13228,22,validation,15,14
13229,22,validation,19,18
13230,22,validation,18,17
13234,22,validation,18,17
13235,22,validation,17,16
13236,22,validation,20,19
13238,22,validation,18,17
13239,22,validation,15,14
13240,22,validation,23,22
13242,22,validation,11,10
13244,22,validation,14,13
13246,22,validation,21,20
13248,22,validation,13,12
13249,22,validation,23,22
13254,22,validation,20,19
13255,22,validation,14,13
13257,22,validation,16,15
13258,22,validation,19,18
13259,22,validation,20,19
13260,22,validation,22,21
13269,22,validation,25,24
13272,22,validation,16,15
13273,22,validation,20,19
13274,22,validation,17,16
13275,22,validation,15,14
13276,22,validation,13,12
13280,22,validation,17,16
13281,22,validation,14,13
13283,22,validation,13,12
13286,22,validation,25,24
13291,22,validation,16,15
13292,22,validation,15,14
13293,22,validation,19,18
13294,22,validation,17,16
13295,22,validation,19,18
13297,22,validation,14,13
13299,22,validation,19,18
13300,22,validation,14,13
13308,22,validation,24,23
13309,22,validation,21,20
13312,22,validation,12,11
13316,22,validation,14,13
13318,22,validation,18,17
13325,22,validation,15,14
13329,22,validation,11,10
13333,22,validation,18,17
13337,22,validation,11,10
13361,22,validation,11,10
13365,22,validation,17,16
13380,22,validation,16,15
13381,22,validation,14,13
13384,22,validation,14,13
13386,22,validation,18,17
13389,22,validation,11,10
13390,22,validation,22,21
13391,22,validation,17,16
13397,22,validation,14,13
13398,22,validation,24,23
13399,22,validation,11,10
13402,22,validation,14,13
13404,22,validation,14,13
13405,22,validation,19,18
13412,22,validation,17,16
13414,22,validation,18,17
13415,22,validation,15,14
13418,22,validation,18,17
13424,22,validation,20,19
13427,22,validation,14,12
13430,22,validation,12,11
13431,22,validation,11,10
13435,22,validation,16,15
13437,22,validation,17,16
13438,22,validation,18,17
13439,22,validation,15,14
13444,22,validation,14,13
13452,22,validation,17,16
13454,22,validation,16,15
13455,22,validation,11,10
13456,22,validation,11,10
13458,22,validation,12,11
13460,22,validation,22,21
13463,22,validation,25,24
13466,22,validation,13,12
13476,22,validation,12,10
13483,22,validation,12,10
13489,22,validation,15,14
13490,22,validation,24,23
13511,22,validation,15,14
13536,22,validation,12,11
13538,22,validation,14,13
13545,22,validation,13,12
13547,22,validation,15,14
13552,22,validation,17,16
13555,22,validation,12,11
13564,22,validation,12,11
13566,22,validation,14,13
13577,22,validation,11,10
13578,22,validation,15,14
13579,22,validation,17,16
13580,22,validation,12,11
13581,22,validation,24,23
13586,22,validation,13,12
13589,22,validation,12,11
13590,22,validation,13,12
13592,22,validation,12,11
13596,22,validation,11,10
13597,22,validation,13,12
13598,22,validation,13,12
13603,22,validation,11,10
13608,22,validation,21,20
13610,22,validation,11,10
13611,22,validation,18,17
13612,22,validation,16,15
13614,22,validation,18,17
13616,22,validation,15,14
13618,22,validation,16,15
13621,22,validation,12,11
13626,22,validation,18,17
13627,22,validation,12,10
13628,22,validation,12,11
13631,22,validation,12,11
13634,22,validation,11,10
13647,22,validation,13,12
13649,22,validation,12,11
13651,22,validation,15,14
13652,22,validation,11,10
13675,22,validation,15,14
13682,22,validation,16,15
13683,22,validation,13,12
13689,22,validation,13,12
13690,22,validation,16,15
13692,22,validation,18,17
13694,22,validation,17,16
13696,22,validation,12,11
13697,22,validation,14,13
13698,22,validation,17,16
13699,22,validation,12,11
13700,22,validation,15,14
13704,22,validation,13,12
13708,22,validation,16,15
13710,22,validation,12,11
13714,22,validation,11,10
13715,22,validation,22,21
13720,22,validation,16,15
13723,22,validation,20,19
13727,22,validation,18,17
13734,22,validation,18,17
13738,22,validation,16,15
13739,22,validation,22,21
13740,22,validation,15,14
13741,22,validation,19,18
13743,22,validation,17,16
13746,22,validation,13,12
13747,22,validation,11,10
13748,22,validation,21,20
13751,22,validation,19,18
13752,22,validation,16,15
13753,22,validation,14,13
13757,22,validation,20,19
13759,22,validation,12,11
13763,22,validation,13,12
13766,22,validation,13,12
13768,22,validation,16,15
13770,22,validation,14,13
13771,22,validation,13,11
13773,22,validation,14,13
13780,22,validation,12,11
13781,22,validation,12,11
13795,22,validation,13,11
13804,22,validation,17,16
13812,22,validation,13,12
13814,22,validation,12,11
13815,22,validation,14,13
13820,22,validation,21,20
13821,22,validation,20,19
13824,22,validation,15,14
13834,22,validation,14,13
13835,22,validation,19,18
13836,22,validation,15,14
13837,22,validation,16,15
13839,22,validation,15,14
13840,22,validation,14,13
13841,22,validation,15,13
13842,22,validation,14,13
13844,22,validation,20,19
13847,22,validation,16,15
13848,22,validation,11,10
13850,22,validation,14,13
13855,22,validation,15,14
13858,22,validation,14,13
13862,22,validation,18,17
13865,22,validation,15,14
13867,22,validation,18,17
13870,22,validation,19,18
13875,22,validation,19,18
13876,22,validation,18,17
13879,22,validation,11,10
13882,22,validation,16,15
13883,22,validation,19,18
13884,22,validation,15,14
13887,22,validation,21,20
13888,22,validation,16,15
13890,22,validation,18,17
13891,22,validation,13,12
13895,22,validation,16,15
13901,22,validation,18,17
13902,22,validation,15,14
13903,22,validation,18,17
13907,22,validation,11,10
13912,22,validation,17,16
13913,22,validation,11,10
13917,22,validation,12,11
13918,22,validation,14,12
13919,22,validation,15,14
13921,22,validation,15,14
13922,22,validation,16,15
13923,22,validation,14,13
13926,22,validation,12,11
13932,22,validation,11,10
13933,22,validation,13,12
13947,22,validation,15,14
13950,22,validation,21,19
13951,22,validation,16,15
13954,22,validation,16,15
13956,22,validation,12,11
13959,22,validation,11,10
13961,22,validation,11,10
13966,22,validation,14,13
13970,22,validation,11,10
13977,22,validation,14,13
13981,22,validation,14,13
13982,23,validation,14,13
13984,23,validation,21,20
13985,23,validation,15,14
13986,23,validation,17,16
13987,23,validation,14,13
13988,23,validation,18,17
13990,23,validation,16,15
13991,23,validation,18,17
13996,23,validation,19,18
13998,23,validation,15,14
13999,23,validation,23,22
14000,23,validation,18,17
14001,23,validation,17,16
14002,23,validation,11,10
14005,23,validation,16,15
14010,23,validation,15,14
14011,23,validation,16,15
14012,23,validation,20,19
14014,23,validation,27,26
14016,23,validation,16,15
14017,23,validation,13,12
14018,23,validation,11,10
14021,23,validation,19,18
14022,23,validation,14,13
14024,23,validation,17,16
14032,23,validation,15,14
14036,23,validation,22,21
14039,23,validation,15,14
14045,23,validation,19,18
14048,23,validation,18,17
14052,23,validation,18,17
14055,23,validation,19,18
14056,23,validation,18,17
14057,23,validation,20,19
14058,23,validation,18,16
14059,23,validation,17,15
14061,23,validation,15,14
14064,23,validation,15,14
14069,23,validation,19,18
14072,23,validation,22,21
14073,23,validation,25,24
14074,23,validation,18,17
14082,23,validation,12,11
14083,23,validation,20,19
14089,23,validation,16,15
14092,23,validation,11,10
14093,23,validation,14,13
14099,23,validation,14,13
14100,23,validation,16,15
14108,23,validation,12,10
14111,23,validation,14,13
14116,23,validation,11,10
14121,23,validation,11,10
14129,23,validation,13,12
14130,23,validation,16,14
14133,23,validation,22,21
14137,23,validation,20,19
14141,23,validation,17,16
14144,23,validation,13,12
14146,23,validation,23,22
14147,23,validation,22,21
14148,23,validation,18,17
14152,23,validation,16,15
14154,23,validation,17,16
14156,23,validation,12,11
14157,23,validation,15,13
14159,23,validation,19,18
14160,23,validation,12,11
14161,23,validation,18,17
14162,23,validation,20,19
14168,23,validation,13,12
14170,23,validation,12,11
14171,23,validation,13,12
14172,23,validation,18,17
14175,23,validation,19,18
14176,23,validation,25,23
14177,23,validation,14,13
14179,23,validation,18,17
14181,23,validation,19,18
14187,23,validation,17,16
14191,23,validation,18,17
14197,23,validation,19,18
14198,23,validation,20,19
14207,23,validation,14,13
14208,23,validation,18,17
14210,23,validation,18,17
14212,23,validation,14,13
14216,23,validation,14,13
14220,23,validation,13,12
14232,23,validation,14,13
14237,23,validation,12,11
14238,23,validation,15,14
14239,23,validation,16,15
14242,23,validation,14,12
14243,23,validation,13,12
14267,23,validation,12,11
14269,23,validation,12,11
14277,23,validation,15,14
14278,23,validation,24,23
14279,23,validation,13,12
14284,23,validation,13,12
14286,23,validation,14,13
14287,23,validation,23,22
14289,23,validation,12,11
14291,23,validation,19,18
14295,23,validation,12,11
14297,23,validation,12,11
14299,23,validation,14,13
14300,23,validation,15,14
14306,23,validation,14,13
14308,23,validation,17,16
14310,23,validation,15,14
14311,23,validation,13,12
14314,23,validation,14,13
14315,23,validation,19,18
14316,23,validation,19,18
14319,23,validation,12,11
14322,23,validation,16,15
14325,23,validation,14,13
14327,23,validation,15,14
14336,23,validation,11,10
14337,23,validation,13,12
14342,23,validation,16,15
14348,23,validation,20,19
14354,23,validation,13,12
14358,23,validation,19,18
14359,23,validation,17,16
14375,23,validation,12,11
14377,23,validation,13,12
14378,23,validation,13,12
14382,23,validation,12,11
14384,23,validation,14,13
14385,23,validation,18,17
14390,23,validation,16,15
14391,23,validation,18,17
14425,23,validation,13,12
14428,23,validation,14,13
14429,23,validation,11,10
14432,23,validation,15,14
14434,23,validation,14,13
14435,23,validation,17,16
14437,23,validation,14,13
14443,23,validation,13,12
14448,23,validation,16,15
14457,23,validation,12,11
14458,23,validation,16,15
14459,23,validation,11,10
14461,23,validation,22,21
14462,23,validation,21,20
14466,23,validation,15,14
14468,23,validation,17,16
14469,23,validation,12,11
14470,23,validation,16,15
14471,23,validation,13,12
14473,23,validation,13,12
14474,23,validation,19,18
14475,23,validation,14,13
14477,23,validation,12,11
14478,23,validation,14,13
14486,23,validation,14,13
14497,23,validation,21,20
14498,23,validation,23,22
14502,23,validation,19,18
14503,23,validation,16,15
14504,23,validation,21,20
14509,23,validation,20,19
14510,23,validation,18,17
14511,23,validation,15,13
14513,23,validation,14,13
14516,23,validation,14,13
14519,23,validation,14,13
14520,23,validation,12,11
14523,23,validation,22,21
14526,23,validation,12,11
14528,23,validation,16,15
14529,23,validation,19,18
14530,23,validation,11,10
14531,23,validation,23,22
14533,23,validation,13,11
14543,23,validation,13,12
14549,23,validation,12,11
14550,23,validation,19,17
14563,23,validation,13,12
14576,23,validation,12,11
14577,23,validation,12,11
14583,23,validation,11,10
14588,23,validation,12,11
14599,23,validation,16,15
14605,23,validation,16,15
14608,23,validation,19,17
14609,23,validation,18,17
14611,23,validation,15,14
14612,23,validation,11,10
14613,23,validation,12,11
14614,23,validation,14,13
14615,23,validation,12,11
14617,23,validation,21,20
14619,23,validation,14,13
14621,23,validation,15,14
14622,23,validation,14,13
14623,23,validation,14,13
14625,23,validation,13,12
14626,23,validation,12,11
14628,23,validation,12,11
14629,23,validation,18,17
14630,23,validation,18,17
14632,23,validation,14,13
14634,23,validation,12,11
14636,23,validation,21,20
14640,23,validation,11,10
14642,23,validation,22,21
14643,23,validation,19,18
14644,23,validation,13,12
14646,23,validation,15,14
14650,23,validation,13,12
14655,23,validation,23,22
14656,23,validation,19,18
14658,23,validation,16,15
14662,23,validation,12,11
14663,23,validation,15,14
14664,23,validation,16,15
14667,23,validation,18,17
14670,23,validation,11,10
14671,23,validation,19,18
14675,23,validation,21,20
14677,23,validation,15,14
14679,23,validation,12,11
14681,23,validation,16,15
14685,23,validation,19,18
14687,23,validation,12,11
14690,23,validation,17,16
14691,23,validation,11,10
14694,23,validation,12,11
14696,23,validation,13,12
14698,23,validation,12,11
14711,23,validation,13,12
14712,23,validation,18,17
14725,23,validation,15,14
14727,23,validation,11,10
14730,23,validation,13,12
14731,23,validation,11,10
14734,23,validation,16,15
14736,23,validation,11,10
14738,23,validation,14,13
14739,23,validation,13,12
14740,24,validation,15,14
14741,24,validation,24,23
14743,24,validation,19,18
14744,24,validation,15,14
14747,24,validation,18,17
14752,24,validation,14,13
14753,24,validation,17,16
14757,24,validation,22,21
14759,24,validation,14,13
14763,24,validation,15,14
14764,24,validation,17,16
14768,24,validation,11,10
14769,24,validation,14,13
14771,24,validation,16,15
14774,24,validation,11,10
14776,24,validation,14,13
14777,24,validation,18,17
14780,24,validation,20,19
14782,24,validation,12,11
14786,24,validation,19,18
14787,24,validation,18,17
14788,24,validation,15,14
14789,24,validation,18,17
14791,24,validation,15,14
14793,24,validation,22,21
14794,24,validation,12,11
14798,24,validation,16,15
14800,24,validation,13,12
14801,24,validation,18,17
14805,24,validation,19,18
14807,24,validation,14,13
14808,24,validation,16,15
14809,24,validation,15,13
14811,24,validation,19,18
14815,24,validation,22,21
14818,24,validation,19,18
14819,24,validation,22,21
14829,24,validation,17,16
14830,24,validation,24,23
14835,24,validation,18,17
14841,24,validation,15,14
14853,24,validation,12,11
14871,24,validation,16,15
14873,24,validation,11,10
14876,24,validation,11,10
14879,24,validation,15,14
14881,24,validation,14,13
14882,24,validation,16,15
14883,24,validation,14,13
14884,24,validation,15,14
14885,24,validation,19,18
14886,24,validation,19,18
14888,24,validation,19,18
14889,24,validation,12,11
14890,24,validation,15,14
14891,24,validation,12,11
14892,24,validation,18,17
14893,24,validation,14,13
14897,24,validation,11,10
14898,24,validation,18,17
14899,24,validation,19,18
14900,24,validation,17,16
14903,24,validation,15,14
14904,24,validation,15,14
14906,24,validation,12,11
14910,24,validation,16,15
14914,24,validation,20,19
14916,24,validation,17,16
14917,24,validation,12,11
14923,24,validation,18,17
14929,24,validation,21,20
14931,24,validation,16,15
14933,24,validation,13,12
14938,24,validation,20,18
14940,24,validation,13,12
14945,24,validation,19,18
14946,24,validation,16,15
14949,24,validation,15,14
14952,24,validation,15,14
14954,24,validation,11,10
14962,24,validation,21,20
14969,24,validation,16,15
14978,24,validation,15,14
14981,24,validation,20,19
15002,24,validation,12,11
15004,24,validation,11,10
15006,24,validation,14,13
15007,24,validation,11,10
15009,24,validation,16,15
15015,24,validation,13,12
15016,24,validation,11,10
15017,24,validation,16,15
15019,24,validation,20,19
15021,24,validation,12,11
15024,24,validation,15,14
15025,24,validation,15,14
15029,24,validation,19,18
15032,24,validation,17,16
15033,24,validation,17,16
15036,24,validation,11,10
15041,24,validation,16,15
15046,24,validation,13,12
15050,24,validation,14,13
15053,24,validation,20,19
15055,24,validation,15,14
15056,24,validation,14,13
15057,24,validation,16,13
15058,24,validation,20,19
15059,24,validation,14,13
15067,24,validation,11,10
15068,24,validation,16,15
15069,24,validation,13,12
15070,24,validation,21,20
15074,24,validation,18,17
15082,24,validation,20,19
15088,24,validation,15,14
15090,24,validation,22,21
15096,24,validation,22,21
15097,24,validation,14,13
15099,24,validation,18,17
15100,24,validation,17,16
15102,24,validation,13,12
15104,24,validation,13,12
15107,24,validation,19,18
15113,24,validation,14,13
15115,24,validation,18,16
15121,24,validation,13,12
15143,24,validation,11,10
15144,24,validation,17,16
15146,24,validation,12,11
15151,24,validation,14,13
15152,24,validation,19,18
15154,24,validation,15,14
15155,24,validation,11,10
15157,24,validation,20,19
15159,24,validation,11,10
15162,24,validation,16,15
15164,24,validation,14,13
15165,24,validation,16,15
15168,24,validation,11,10
15169,24,validation,14,13
15171,24,validation,11,10
15179,24,validation,16,15
15183,24,validation,15,14
15185,24,validation,16,15
15187,24,validation,26,25
15189,24,validation,20,18
15192,24,validation,17,16
15194,24,validation,13,12
15198,24,validation,11,10
15200,24,validation,18,17
15201,24,validation,14,13
15203,24,validation,12,11
15206,24,validation,19,18
15208,24,validation,13,12
15209,24,validation,20,19
15212,24,validation,18,17
15222,24,validation,13,12
15226,24,validation,13,12
15227,24,validation,11,10
15229,24,validation,13,12
15231,24,validation,15,14
15233,24,validation,22,21
15236,24,validation,14,13
15243,24,validation,13,12
15244,24,validation,16,15
15247,24,validation,15,14
15252,24,validation,17,16
15259,24,validation,14,13
15261,24,validation,14,13
15262,24,validation,15,14
15263,24,validation,17,16
15270,24,validation,23,22
15273,24,validation,11,10
15274,24,validation,13,12
15284,24,validation,15,14
15285,24,validation,11,10
15296,24,validation,11,10
15298,24,validation,20,19
15301,24,validation,16,15
15302,24,validation,13,12
15303,24,validation,19,18
15305,24,validation,13,12
15306,24,validation,14,13
15307,24,validation,17,16
15309,24,validation,15,14
15310,24,validation,15,14
15312,24,validation,14,13
15314,24,validation,16,15
15317,24,validation,17,16
15319,24,validation,17,16
15321,24,validation,14,13
15322,24,validation,14,13
15325,24,validation,14,13
15330,24,validation,13,12
15332,24,validation,13,12
15334,24,validation,11,10
15337,24,validation,21,20
15338,24,validation,14,13
15339,24,validation,19,18
15341,24,validation,18,17
15346,24,validation,14,13
15348,24,validation,15,14
15350,24,validation,20,19
15356,24,validation,12,11
15361,24,validation,14,13
15362,24,validation,14,13
15363,24,validation,20,19
15364,24,validation,13,12
15365,24,validation,13,12
15367,24,validation,15,14
15373,24,validation,19,18
15374,24,validation,19,18
15378,24,validation,17,16
15383,24,validation,12,11
15390,24,validation,12,11
15392,24,validation,15,14
15393,24,validation,13,12
15397,24,validation,14,13
15399,24,validation,13,12
15402,24,validation,12,11
15415,24,validation,19,18
15421,24,validation,12,11
15424,24,validation,22,21
15427,24,validation,16,15
15429,24,validation,20,19
15430,24,validation,20,19
15432,24,validation,22,21
15433,24,validation,12,11
15434,24,validation,15,14
15442,24,validation,15,14
15444,24,validation,11,10
15445,24,validation,12,11
15447,24,validation,11,10
15448,24,validation,12,11
15450,24,validation,12,11
15452,24,validation,15,14
15453,24,validation,12,11
15456,24,validation,18,17
15457,24,validation,14,13
15458,25,confirmatory_evaluation,11,10
15459,25,confirmatory_evaluation,13,12
15460,25,confirmatory_evaluation,19,18
15464,25,confirmatory_evaluation,20,19
15465,25,confirmatory_evaluation,21,20
15466,25,confirmatory_evaluation,14,13
15470,25,confirmatory_evaluation,16,15
15473,25,confirmatory_evaluation,12,11
15475,25,confirmatory_evaluation,27,26
15476,25,confirmatory_evaluation,21,20
15477,25,confirmatory_evaluation,12,11
15478,25,confirmatory_evaluation,18,17
15480,25,confirmatory_evaluation,17,16
15483,25,confirmatory_evaluation,23,22
15487,25,confirmatory_evaluation,16,15
15489,25,confirmatory_evaluation,17,16
15492,25,confirmatory_evaluation,18,17
15494,25,confirmatory_evaluation,15,14
15498,25,confirmatory_evaluation,25,24
15499,25,confirmatory_evaluation,16,15
15501,25,confirmatory_evaluation,17,16
15502,25,confirmatory_evaluation,12,11
15506,25,confirmatory_evaluation,20,19
15507,25,confirmatory_evaluation,21,20
15513,25,confirmatory_evaluation,17,16
15515,25,confirmatory_evaluation,19,18
15518,25,confirmatory_evaluation,16,15
15519,25,confirmatory_evaluation,15,14
15520,25,confirmatory_evaluation,14,13
15521,25,confirmatory_evaluation,16,15
15525,25,confirmatory_evaluation,12,11
15528,25,confirmatory_evaluation,14,13
15529,25,confirmatory_evaluation,19,18
15530,25,confirmatory_evaluation,20,19
15531,25,confirmatory_evaluation,23,22
15533,25,confirmatory_evaluation,25,24
15537,25,confirmatory_evaluation,12,11
15541,25,confirmatory_evaluation,13,12
15547,25,confirmatory_evaluation,13,12
15549,25,confirmatory_evaluation,17,16
15570,25,confirmatory_evaluation,12,11
15572,25,confirmatory_evaluation,16,15
15577,25,confirmatory_evaluation,18,17
15579,25,confirmatory_evaluation,17,16
15585,25,confirmatory_evaluation,14,13
15586,25,confirmatory_evaluation,16,15
15589,25,confirmatory_evaluation,19,18
15593,25,confirmatory_evaluation,18,17
15594,25,confirmatory_evaluation,17,16
15598,25,confirmatory_evaluation,11,10
15601,25,confirmatory_evaluation,17,16
15602,25,confirmatory_evaluation,18,17
15612,25,confirmatory_evaluation,13,12
15613,25,confirmatory_evaluation,13,11
15614,25,confirmatory_evaluation,24,23
15615,25,confirmatory_evaluation,17,16
15617,25,confirmatory_evaluation,14,13
15621,25,confirmatory_evaluation,13,12
15622,25,confirmatory_evaluation,18,17
15624,25,confirmatory_evaluation,12,11
15625,25,confirmatory_evaluation,18,17
15629,25,confirmatory_evaluation,11,10
15633,25,confirmatory_evaluation,12,11
15634,25,confirmatory_evaluation,13,12
15635,25,confirmatory_evaluation,14,13
15640,25,confirmatory_evaluation,19,18
15643,25,confirmatory_evaluation,20,19
15647,25,confirmatory_evaluation,11,10
15651,25,confirmatory_evaluation,14,13
15652,25,confirmatory_evaluation,15,14
15656,25,confirmatory_evaluation,14,13
15659,25,confirmatory_evaluation,24,23
15663,25,confirmatory_evaluation,17,16
15665,25,confirmatory_evaluation,14,13
15666,25,confirmatory_evaluation,17,16
15668,25,confirmatory_evaluation,18,17
15669,25,confirmatory_evaluation,20,19
15683,25,confirmatory_evaluation,11,10
15700,25,confirmatory_evaluation,11,10
15712,25,confirmatory_evaluation,12,11
15713,25,confirmatory_evaluation,11,10
15715,25,confirmatory_evaluation,15,14
15729,25,confirmatory_evaluation,13,12
15730,25,confirmatory_evaluation,12,11
15732,25,confirmatory_evaluation,15,14
15733,25,confirmatory_evaluation,11,10
15735,25,confirmatory_evaluation,17,16
15736,25,confirmatory_evaluation,14,13
15739,25,confirmatory_evaluation,19,18
15746,25,confirmatory_evaluation,17,16
15748,25,confirmatory_evaluation,16,15
15749,25,confirmatory_evaluation,14,13
15754,25,confirmatory_evaluation,15,14
15755,25,confirmatory_evaluation,11,10
15761,25,confirmatory_evaluation,12,11
15762,25,confirmatory_evaluation,16,15
15763,25,confirmatory_evaluation,15,14
15766,25,confirmatory_evaluation,18,17
15767,25,confirmatory_evaluation,17,16
15768,25,confirmatory_evaluation,12,11
15772,25,confirmatory_evaluation,18,17
15774,25,confirmatory_evaluation,14,13
15778,25,confirmatory_evaluation,13,12
15781,25,confirmatory_evaluation,13,12
15783,25,confirmatory_evaluation,12,11
15784,25,confirmatory_evaluation,13,12
15786,25,confirmatory_evaluation,11,10
15787,25,confirmatory_evaluation,21,20
15789,25,confirmatory_evaluation,12,11
15793,25,confirmatory_evaluation,23,22
15795,25,confirmatory_evaluation,13,12
15796,25,confirmatory_evaluation,16,15
15797,25,confirmatory_evaluation,16,15
15801,25,confirmatory_evaluation,19,18
15803,25,confirmatory_evaluation,17,16
15805,25,confirmatory_evaluation,15,14
15809,25,confirmatory_evaluation,19,18
15810,25,confirmatory_evaluation,14,13
15814,25,confirmatory_evaluation,11,10
15817,25,confirmatory_evaluation,12,11
15823,25,confirmatory_evaluation,18,17
15830,25,confirmatory_evaluation,14,13
15841,25,confirmatory_evaluation,14,13
15845,25,confirmatory_evaluation,14,13
15846,25,confirmatory_evaluation,13,12
15854,25,confirmatory_evaluation,13,12
15856,25,confirmatory_evaluation,11,10
15858,25,confirmatory_evaluation,15,14
15859,25,confirmatory_evaluation,12,11
15861,25,confirmatory_evaluation,16,15
15862,25,confirmatory_evaluation,16,15
15863,25,confirmatory_evaluation,16,15
15864,25,confirmatory_evaluation,25,24
15865,25,confirmatory_evaluation,13,12
15871,25,confirmatory_evaluation,11,10
15872,25,confirmatory_evaluation,12,11
15875,25,confirmatory_evaluation,20,19
15876,25,confirmatory_evaluation,14,13
15877,25,confirmatory_evaluation,12,11
15879,25,confirmatory_evaluation,13,12
15882,25,confirmatory_evaluation,23,22
15883,25,confirmatory_evaluation,15,14
15884,25,confirmatory_evaluation,14,13
15889,25,confirmatory_evaluation,12,11
15890,25,confirmatory_evaluation,15,14
15895,25,confirmatory_evaluation,12,11
15904,25,confirmatory_evaluation,17,16
15906,25,confirmatory_evaluation,11,10
15907,25,confirmatory_evaluation,15,14
15909,25,confirmatory_evaluation,15,14
15910,25,confirmatory_evaluation,17,16
15914,25,confirmatory_evaluation,15,14
15915,25,confirmatory_evaluation,17,16
15920,25,confirmatory_evaluation,19,18
15921,25,confirmatory_evaluation,16,15
15926,25,confirmatory_evaluation,15,14
15927,25,confirmatory_evaluation,23,22
15928,25,confirmatory_evaluation,15,14
15929,25,confirmatory_evaluation,19,18
15931,25,confirmatory_evaluation,18,17
15933,25,confirmatory_evaluation,13,12
15941,25,confirmatory_evaluation,23,22
15942,25,confirmatory_evaluation,11,10
15945,25,confirmatory_evaluation,12,11
15953,25,confirmatory_evaluation,12,10
15955,25,confirmatory_evaluation,14,13
15978,25,confirmatory_evaluation,12,11
15981,25,confirmatory_evaluation,14,13
15982,25,confirmatory_evaluation,19,17
15995,25,confirmatory_evaluation,14,13
15996,25,confirmatory_evaluation,15,14
16000,25,confirmatory_evaluation,12,11
16002,25,confirmatory_evaluation,16,15
16003,25,confirmatory_evaluation,18,17
16008,25,confirmatory_evaluation,16,15
16010,25,confirmatory_evaluation,18,17
16011,25,confirmatory_evaluation,16,15
16013,25,confirmatory_evaluation,13,12
16014,25,confirmatory_evaluation,14,13
16017,25,confirmatory_evaluation,13,12
16021,25,confirmatory_evaluation,14,13
16023,25,confirmatory_evaluation,11,10
16024,25,confirmatory_evaluation,19,18
16025,25,confirmatory_evaluation,12,11
16027,25,confirmatory_evaluation,11,10
16030,25,confirmatory_evaluation,14,13
16034,25,confirmatory_evaluation,11,10
16036,25,confirmatory_evaluation,13,12
16037,25,confirmatory_evaluation,16,15
16038,25,confirmatory_evaluation,18,17
16039,25,confirmatory_evaluation,25,24
16040,25,confirmatory_evaluation,15,14
16042,25,confirmatory_evaluation,26,25
16045,25,confirmatory_evaluation,13,12
16049,25,confirmatory_evaluation,18,17
16050,25,confirmatory_evaluation,13,10
16051,25,confirmatory_evaluation,30,29
16052,25,confirmatory_evaluation,13,12
16063,25,confirmatory_evaluation,16,15
16066,25,confirmatory_evaluation,12,11
16068,25,confirmatory_evaluation,17,16
16070,25,confirmatory_evaluation,11,10
16071,25,confirmatory_evaluation,13,12
16072,25,confirmatory_evaluation,17,16
16078,25,confirmatory_evaluation,17,16
16082,25,confirmatory_evaluation,12,10
16087,25,confirmatory_evaluation,12,11
16090,25,confirmatory_evaluation,16,14
16094,25,confirmatory_evaluation,15,14
16095,25,confirmatory_evaluation,11,10
16096,25,confirmatory_evaluation,11,10
16098,25,confirmatory_evaluation,14,13
16100,25,confirmatory_evaluation,11,10
16101,25,confirmatory_evaluation,12,11
16124,25,confirmatory_evaluation,14,12
16131,25,confirmatory_evaluation,18,17
16133,25,confirmatory_evaluation,12,11
16135,25,confirmatory_evaluation,21,20
16139,25,confirmatory_evaluation,15,14
16141,25,confirmatory_evaluation,11,10
16144,25,confirmatory_evaluation,13,12
16150,25,confirmatory_evaluation,11,10
16152,25,confirmatory_evaluation,14,13
16156,25,confirmatory_evaluation,12,11
16157,26,confirmatory_evaluation,17,16
16159,26,confirmatory_evaluation,13,12
16160,26,confirmatory_evaluation,18,17
16161,26,confirmatory_evaluation,11,10
16162,26,confirmatory_evaluation,15,14
16163,26,confirmatory_evaluation,19,18
16164,26,confirmatory_evaluation,17,16
16165,26,confirmatory_evaluation,19,18
16166,26,confirmatory_evaluation,20,19
16170,26,confirmatory_evaluation,16,15
16171,26,confirmatory_evaluation,17,16
16173,26,confirmatory_evaluation,17,16
16175,26,confirmatory_evaluation,13,12
16179,26,confirmatory_evaluation,11,10
16182,26,confirmatory_evaluation,13,12
16188,26,confirmatory_evaluation,17,16
16194,26,confirmatory_evaluation,14,13
16196,26,confirmatory_evaluation,23,22
16197,26,confirmatory_evaluation,15,14
16200,26,confirmatory_evaluation,16,15
16201,26,confirmatory_evaluation,13,12
16202,26,confirmatory_evaluation,18,17
16203,26,confirmatory_evaluation,13,12
16204,26,confirmatory_evaluation,16,15
16206,26,confirmatory_evaluation,15,14
16210,26,confirmatory_evaluation,22,21
16212,26,confirmatory_evaluation,13,12
16213,26,confirmatory_evaluation,18,17
16215,26,confirmatory_evaluation,17,16
16218,26,confirmatory_evaluation,14,11
16223,26,confirmatory_evaluation,15,14
16225,26,confirmatory_evaluation,18,17
16226,26,confirmatory_evaluation,15,14
16229,26,confirmatory_evaluation,13,12
16232,26,confirmatory_evaluation,18,17
16235,26,confirmatory_evaluation,13,12
16245,26,confirmatory_evaluation,12,11
16247,26,confirmatory_evaluation,18,17
16249,26,confirmatory_evaluation,14,13
16250,26,confirmatory_evaluation,11,10
16251,26,confirmatory_evaluation,12,11
16252,26,confirmatory_evaluation,15,14
16270,26,confirmatory_evaluation,11,10
16276,26,confirmatory_evaluation,13,12
16281,26,confirmatory_evaluation,12,11
16282,26,confirmatory_evaluation,12,11
16286,26,confirmatory_evaluation,19,18
16287,26,confirmatory_evaluation,13,12
16293,26,confirmatory_evaluation,16,15
16295,26,confirmatory_evaluation,11,10
16304,26,confirmatory_evaluation,12,11
16308,26,confirmatory_evaluation,22,21
16310,26,confirmatory_evaluation,16,15
16311,26,confirmatory_evaluation,12,11
16313,26,confirmatory_evaluation,11,10
16314,26,confirmatory_evaluation,13,12
16319,26,confirmatory_evaluation,19,17
16324,26,confirmatory_evaluation,16,15
16327,26,confirmatory_evaluation,11,10
16329,26,confirmatory_evaluation,18,17
16333,26,confirmatory_evaluation,15,14
16339,26,confirmatory_evaluation,20,19
16340,26,confirmatory_evaluation,11,10
16344,26,confirmatory_evaluation,17,16
16345,26,confirmatory_evaluation,14,13
16346,26,confirmatory_evaluation,18,17
16347,26,confirmatory_evaluation,12,11
16351,26,confirmatory_evaluation,16,15
16353,26,confirmatory_evaluation,18,17
16354,26,confirmatory_evaluation,17,15
16361,26,confirmatory_evaluation,13,12
16384,26,confirmatory_evaluation,12,11
16388,26,confirmatory_evaluation,14,13
16400,26,confirmatory_evaluation,11,10
16416,26,confirmatory_evaluation,13,12
16419,26,confirmatory_evaluation,16,15
16424,26,confirmatory_evaluation,15,14
16428,26,confirmatory_evaluation,15,14
16429,26,confirmatory_evaluation,18,17
16430,26,confirmatory_evaluation,17,16
16438,26,confirmatory_evaluation,15,14
16445,26,confirmatory_evaluation,17,16
16447,26,confirmatory_evaluation,15,14
16448,26,confirmatory_evaluation,13,12
16449,26,confirmatory_evaluation,13,12
16452,26,confirmatory_evaluation,17,16
16453,26,confirmatory_evaluation,12,11
16455,26,confirmatory_evaluation,22,21
16456,26,confirmatory_evaluation,11,10
16457,26,confirmatory_evaluation,16,15
16460,26,confirmatory_evaluation,13,12
16463,26,confirmatory_evaluation,12,11
16468,26,confirmatory_evaluation,11,10
16469,26,confirmatory_evaluation,21,20
16470,26,confirmatory_evaluation,19,18
16477,26,confirmatory_evaluation,12,11
16479,26,confirmatory_evaluation,12,11
16481,26,confirmatory_evaluation,15,14
16486,26,confirmatory_evaluation,17,16
16493,26,confirmatory_evaluation,12,11
16497,26,confirmatory_evaluation,15,14
16499,26,confirmatory_evaluation,15,13
16500,26,confirmatory_evaluation,16,14
16502,26,confirmatory_evaluation,18,16
16512,26,confirmatory_evaluation,13,12
16525,26,confirmatory_evaluation,12,11
16526,26,confirmatory_evaluation,15,14
16529,26,confirmatory_evaluation,11,10
16530,26,confirmatory_evaluation,11,10
16531,26,confirmatory_evaluation,14,13
16532,26,confirmatory_evaluation,18,17
16533,26,confirmatory_evaluation,13,12
16534,26,confirmatory_evaluation,11,10
16536,26,confirmatory_evaluation,16,15
16540,26,confirmatory_evaluation,18,17
16545,26,confirmatory_evaluation,19,18
16546,26,confirmatory_evaluation,14,13
16547,26,confirmatory_evaluation,24,22
16549,26,confirmatory_evaluation,14,13
16551,26,confirmatory_evaluation,11,10
16562,26,confirmatory_evaluation,17,16
16564,26,confirmatory_evaluation,13,12
16565,26,confirmatory_evaluation,20,19
16566,26,confirmatory_evaluation,15,14
16570,26,confirmatory_evaluation,15,14
16580,26,confirmatory_evaluation,14,13
16584,26,confirmatory_evaluation,18,17
16587,26,confirmatory_evaluation,11,10
16588,26,confirmatory_evaluation,19,17
16590,26,confirmatory_evaluation,14,13
16593,26,confirmatory_evaluation,18,17
16594,26,confirmatory_evaluation,11,10
16606,26,confirmatory_evaluation,14,13
16612,26,confirmatory_evaluation,12,11
16617,26,confirmatory_evaluation,19,18
16621,26,confirmatory_evaluation,17,16
16624,26,confirmatory_evaluation,15,14
16642,26,confirmatory_evaluation,14,13
16644,26,confirmatory_evaluation,11,10
16645,26,confirmatory_evaluation,12,11
16650,26,confirmatory_evaluation,11,10
16653,26,confirmatory_evaluation,13,12
16655,26,confirmatory_evaluation,13,12
16656,26,confirmatory_evaluation,17,16
16658,26,confirmatory_evaluation,16,15
16659,26,confirmatory_evaluation,14,13
16660,26,confirmatory_evaluation,19,18
16663,26,confirmatory_evaluation,20,19
16664,26,confirmatory_evaluation,22,21
16665,26,confirmatory_evaluation,11,10
16667,26,confirmatory_evaluation,17,16
16668,26,confirmatory_evaluation,16,15
16670,26,confirmatory_evaluation,17,16
16672,26,confirmatory_evaluation,12,11
16673,26,confirmatory_evaluation,13,12
16674,26,confirmatory_evaluation,16,15
16675,26,confirmatory_evaluation,15,14
16676,26,confirmatory_evaluation,13,12
16677,26,confirmatory_evaluation,23,22
16680,26,confirmatory_evaluation,17,16
16686,26,confirmatory_evaluation,13,12
16687,26,confirmatory_evaluation,15,14
16688,26,confirmatory_evaluation,15,14
16690,26,confirmatory_evaluation,13,12
16693,26,confirmatory_evaluation,14,13
16696,26,confirmatory_evaluation,18,17
16701,26,confirmatory_evaluation,21,20
16706,26,confirmatory_evaluation,20,19
16719,26,confirmatory_evaluation,12,11
16724,26,confirmatory_evaluation,13,12
16730,26,confirmatory_evaluation,16,14
16732,26,confirmatory_evaluation,14,13
16733,26,confirmatory_evaluation,13,12
16734,26,confirmatory_evaluation,13,12
16743,26,confirmatory_evaluation,11,10
16745,26,confirmatory_evaluation,14,13
16757,26,confirmatory_evaluation,13,12
16775,26,confirmatory_evaluation,11,10
16778,26,confirmatory_evaluation,14,13
16782,26,confirmatory_evaluation,11,10
16783,26,confirmatory_evaluation,18,17
16784,27,confirmatory_evaluation,15,14
16786,27,confirmatory_evaluation,11,10
16788,27,confirmatory_evaluation,13,12
16789,27,confirmatory_evaluation,14,13
16790,27,confirmatory_evaluation,13,12
16791,27,confirmatory_evaluation,18,17
16792,27,confirmatory_evaluation,13,12
16795,27,confirmatory_evaluation,15,14
16796,27,confirmatory_evaluation,16,15
16797,27,confirmatory_evaluation,18,17
16798,27,confirmatory_evaluation,18,17
16802,27,confirmatory_evaluation,12,11
16805,27,confirmatory_evaluation,15,14
16807,27,confirmatory_evaluation,13,12
16810,27,confirmatory_evaluation,12,11
16811,27,confirmatory_evaluation,12,11
16812,27,confirmatory_evaluation,12,11
16815,27,confirmatory_evaluation,12,11
16817,27,confirmatory_evaluation,15,14
16818,27,confirmatory_evaluation,17,16
16821,27,confirmatory_evaluation,15,14
16822,27,confirmatory_evaluation,11,10
16823,27,confirmatory_evaluation,14,13
16826,27,confirmatory_evaluation,15,14
16827,27,confirmatory_evaluation,13,12
16829,27,confirmatory_evaluation,14,13
16830,27,confirmatory_evaluation,18,17
16831,27,confirmatory_evaluation,12,11
16832,27,confirmatory_evaluation,15,14
16835,27,confirmatory_evaluation,12,11
16838,27,confirmatory_evaluation,20,19
16840,27,confirmatory_evaluation,11,10
16845,27,confirmatory_evaluation,11,10
16849,27,confirmatory_evaluation,14,13
16860,27,confirmatory_evaluation,16,15
16861,27,confirmatory_evaluation,19,18
16868,27,confirmatory_evaluation,17,16
16874,27,confirmatory_evaluation,14,13
16887,27,confirmatory_evaluation,13,12
16890,27,confirmatory_evaluation,14,13
16892,27,confirmatory_evaluation,11,10
16897,27,confirmatory_evaluation,12,11
16900,27,confirmatory_evaluation,18,17
16903,27,confirmatory_evaluation,17,16
16911,27,confirmatory_evaluation,11,10
16912,27,confirmatory_evaluation,12,11
16913,27,confirmatory_evaluation,13,12
16914,27,confirmatory_evaluation,18,17
16915,27,confirmatory_evaluation,16,15
16916,27,confirmatory_evaluation,11,10
16918,27,confirmatory_evaluation,11,10
16919,27,confirmatory_evaluation,12,11
16920,27,confirmatory_evaluation,14,13
16921,27,confirmatory_evaluation,13,12
16923,27,confirmatory_evaluation,19,18
16926,27,confirmatory_evaluation,11,10
16933,27,confirmatory_evaluation,11,10
16936,27,confirmatory_evaluation,17,16
16938,27,confirmatory_evaluation,17,16
16939,27,confirmatory_evaluation,13,12
16940,27,confirmatory_evaluation,11,10
16942,27,confirmatory_evaluation,15,14
16948,27,confirmatory_evaluation,13,12
16949,27,confirmatory_evaluation,16,15
16950,27,confirmatory_evaluation,13,12
16951,27,confirmatory_evaluation,12,11
16956,27,confirmatory_evaluation,11,10
16957,27,confirmatory_evaluation,18,17
16962,27,confirmatory_evaluation,13,12
16964,27,confirmatory_evaluation,12,11
16969,27,confirmatory_evaluation,14,13
16973,27,confirmatory_evaluation,14,13
16982,27,confirmatory_evaluation,14,13
16987,27,confirmatory_evaluation,12,11
16991,27,confirmatory_evaluation,14,13
16994,27,confirmatory_evaluation,12,11
17011,27,confirmatory_evaluation,11,10
17019,27,confirmatory_evaluation,12,11
17022,27,confirmatory_evaluation,11,10
17023,27,confirmatory_evaluation,14,13
17024,27,confirmatory_evaluation,20,19
17025,27,confirmatory_evaluation,14,13
17026,27,confirmatory_evaluation,11,10
17029,27,confirmatory_evaluation,15,14
17031,27,confirmatory_evaluation,13,12
17032,27,confirmatory_evaluation,12,11
17033,27,confirmatory_evaluation,11,10
17037,27,confirmatory_evaluation,16,15
17038,27,confirmatory_evaluation,11,10
17040,27,confirmatory_evaluation,11,10
17043,27,confirmatory_evaluation,11,10
17046,27,confirmatory_evaluation,11,10
17049,27,confirmatory_evaluation,13,11
17051,27,confirmatory_evaluation,11,10
17055,27,confirmatory_evaluation,14,13
17057,27,confirmatory_evaluation,14,13
17058,27,confirmatory_evaluation,13,12
17060,27,confirmatory_evaluation,16,13
17062,27,confirmatory_evaluation,11,10
17064,27,confirmatory_evaluation,11,10
17067,27,confirmatory_evaluation,13,12
17072,27,confirmatory_evaluation,20,19
17073,27,confirmatory_evaluation,16,15
17074,27,confirmatory_evaluation,15,14
17075,27,confirmatory_evaluation,11,10
17080,27,confirmatory_evaluation,13,12
17083,27,confirmatory_evaluation,21,20
17084,27,confirmatory_evaluation,17,16
17085,27,confirmatory_evaluation,12,11
17086,27,confirmatory_evaluation,11,10
17088,27,confirmatory_evaluation,25,24
17095,27,confirmatory_evaluation,15,14
17104,27,confirmatory_evaluation,14,13
17110,27,confirmatory_evaluation,13,12
17111,27,confirmatory_evaluation,14,13
17114,27,confirmatory_evaluation,14,13
17117,27,confirmatory_evaluation,17,16
17124,27,confirmatory_evaluation,15,14
17132,27,confirmatory_evaluation,12,11
17139,27,confirmatory_evaluation,14,13
17143,27,confirmatory_evaluation,16,15
17144,27,confirmatory_evaluation,13,11
17145,27,confirmatory_evaluation,17,16
17146,27,confirmatory_evaluation,16,15
17149,27,confirmatory_evaluation,16,15
17150,27,confirmatory_evaluation,12,11
17153,27,confirmatory_evaluation,21,20
17160,27,confirmatory_evaluation,15,14
17163,27,confirmatory_evaluation,14,13
17165,27,confirmatory_evaluation,18,16
17169,27,confirmatory_evaluation,15,14
17170,27,confirmatory_evaluation,13,12
17172,27,confirmatory_evaluation,11,10
17173,27,confirmatory_evaluation,18,17
17174,27,confirmatory_evaluation,11,10
17180,27,confirmatory_evaluation,13,12
17183,27,confirmatory_evaluation,14,13
17185,27,confirmatory_evaluation,15,14
17186,27,confirmatory_evaluation,16,15
17187,27,confirmatory_evaluation,13,12
17193,27,confirmatory_evaluation,14,13
17195,27,confirmatory_evaluation,11,10
17198,27,confirmatory_evaluation,21,20
17202,27,confirmatory_evaluation,16,15
17209,27,confirmatory_evaluation,13,12
17211,27,confirmatory_evaluation,16,15
17215,27,confirmatory_evaluation,12,11
17216,27,confirmatory_evaluation,11,10
17217,27,confirmatory_evaluation,14,13
17219,27,confirmatory_evaluation,18,17
17221,27,confirmatory_evaluation,12,11
17231,27,confirmatory_evaluation,15,14
17232,27,confirmatory_evaluation,12,11
17236,27,confirmatory_evaluation,17,16
17238,27,confirmatory_evaluation,24,23
17239,27,confirmatory_evaluation,15,14
17245,27,confirmatory_evaluation,14,12
17252,27,confirmatory_evaluation,11,10
17266,27,confirmatory_evaluation,16,13
17276,27,confirmatory_evaluation,16,15
17281,27,confirmatory_evaluation,23,22
17284,27,confirmatory_evaluation,13,12
17287,27,confirmatory_evaluation,12,11
17290,27,confirmatory_evaluation,12,11
17295,27,confirmatory_evaluation,17,16
17297,27,confirmatory_evaluation,13,12
17301,27,confirmatory_evaluation,19,18
17307,27,confirmatory_evaluation,14,13
17310,27,confirmatory_evaluation,11,10
17312,27,confirmatory_evaluation,16,15
17315,27,confirmatory_evaluation,12,11
17321,27,confirmatory_evaluation,15,14
17322,27,confirmatory_evaluation,17,16
17323,27,confirmatory_evaluation,13,12
17328,27,confirmatory_evaluation,17,16
17329,27,confirmatory_evaluation,12,11
17338,27,confirmatory_evaluation,18,17
17345,27,confirmatory_evaluation,11,10
17346,27,confirmatory_evaluation,11,10
17347,27,confirmatory_evaluation,11,10
17351,27,confirmatory_evaluation,14,13
17353,27,confirmatory_evaluation,18,17
17354,27,confirmatory_evaluation,13,12
17360,27,confirmatory_evaluation,11,10
17368,27,confirmatory_evaluation,11,10
17371,27,confirmatory_evaluation,13,12
17372,27,confirmatory_evaluation,13,12
17375,27,confirmatory_evaluation,21,20
17380,27,confirmatory_evaluation,13,12
17382,27,confirmatory_evaluation,12,11
17385,27,confirmatory_evaluation,14,13
17391,27,confirmatory_evaluation,14,13
17392,27,confirmatory_evaluation,12,11
17396,27,confirmatory_evaluation,11,10
17397,27,confirmatory_evaluation,11,10
17398,28,confirmatory_evaluation,11,10
17399,28,confirmatory_evaluation,12,11
17400,28,confirmatory_evaluation,14,13
17402,28,confirmatory_evaluation,12,11
17403,28,confirmatory_evaluation,11,10
17404,28,confirmatory_evaluation,15,14
17407,28,confirmatory_evaluation,15,14
17409,28,confirmatory_evaluation,16,15
17411,28,confirmatory_evaluation,18,17
17412,28,confirmatory_evaluation,14,13
17416,28,confirmatory_evaluation,12,11
17421,28,confirmatory_evaluation,15,14
17425,28,confirmatory_evaluation,12,11
17426,28,confirmatory_evaluation,12,11
17427,28,confirmatory_evaluation,13,12
17428,28,confirmatory_evaluation,16,14
17432,28,confirmatory_evaluation,20,19
17437,28,confirmatory_evaluation,11,10
17441,28,confirmatory_evaluation,21,20
17442,28,confirmatory_evaluation,12,11
17443,28,confirmatory_evaluation,12,11
17444,28,confirmatory_evaluation,12,11
17445,28,confirmatory_evaluation,16,15
17450,28,confirmatory_evaluation,13,12
17451,28,confirmatory_evaluation,21,20
17453,28,confirmatory_evaluation,13,12
17455,28,confirmatory_evaluation,12,11
17460,28,confirmatory_evaluation,12,11
17462,28,confirmatory_evaluation,14,13
17463,28,confirmatory_evaluation,18,17
17464,28,confirmatory_evaluation,13,12
17467,28,confirmatory_evaluation,15,12
17468,28,confirmatory_evaluation,16,15
17471,28,confirmatory_evaluation,11,10
17477,28,confirmatory_evaluation,22,21
17478,28,confirmatory_evaluation,11,10
17483,28,confirmatory_evaluation,14,13
17487,28,confirmatory_evaluation,14,13
17490,28,confirmatory_evaluation,13,12
17492,28,confirmatory_evaluation,15,14
17506,28,confirmatory_evaluation,14,13
17510,28,confirmatory_evaluation,13,12
17517,28,confirmatory_evaluation,12,11
17518,28,confirmatory_evaluation,14,13
17519,28,confirmatory_evaluation,14,12
17520,28,confirmatory_evaluation,14,13
17522,28,confirmatory_evaluation,13,12
17523,28,confirmatory_evaluation,13,12
17524,28,confirmatory_evaluation,15,14
17525,28,confirmatory_evaluation,14,13
17526,28,confirmatory_evaluation,11,10
17527,28,confirmatory_evaluation,14,13
17535,28,confirmatory_evaluation,11,10
17536,28,confirmatory_evaluation,14,13
17539,28,confirmatory_evaluation,11,10
17543,28,confirmatory_evaluation,13,12
17544,28,confirmatory_evaluation,15,14
17549,28,confirmatory_evaluation,15,14
17553,28,confirmatory_evaluation,18,17
17554,28,confirmatory_evaluation,14,13
17556,28,confirmatory_evaluation,11,10
17557,28,confirmatory_evaluation,18,17
17558,28,confirmatory_evaluation,13,12
17559,28,confirmatory_evaluation,16,15
17562,28,confirmatory_evaluation,22,21
17565,28,confirmatory_evaluation,13,12
17571,28,confirmatory_evaluation,17,16
17576,28,confirmatory_evaluation,12,11
17577,28,confirmatory_evaluation,12,11
17587,28,confirmatory_evaluation,19,18
17596,28,confirmatory_evaluation,17,16
17600,28,confirmatory_evaluation,23,22
17603,28,confirmatory_evaluation,13,12
17605,28,confirmatory_evaluation,14,13
17607,28,confirmatory_evaluation,13,12
17611,28,confirmatory_evaluation,17,16
17613,28,confirmatory_evaluation,14,13
17619,28,confirmatory_evaluation,11,10
17630,28,confirmatory_evaluation,12,11
17631,28,confirmatory_evaluation,13,12
17632,28,confirmatory_evaluation,14,13
17634,28,confirmatory_evaluation,14,13
17640,28,confirmatory_evaluation,20,19
17645,28,confirmatory_evaluation,12,11
17646,28,confirmatory_evaluation,16,15
17650,28,confirmatory_evaluation,13,12
17657,28,confirmatory_evaluation,17,16
17659,28,confirmatory_evaluation,12,11
17661,28,confirmatory_evaluation,18,17
17662,28,confirmatory_evaluation,22,21
17667,28,confirmatory_evaluation,23,22
17669,28,confirmatory_evaluation,16,15
17671,28,confirmatory_evaluation,13,12
17673,28,confirmatory_evaluation,13,12
17675,28,confirmatory_evaluation,14,13
17676,28,confirmatory_evaluation,17,16
17678,28,confirmatory_evaluation,12,11
17681,28,confirmatory_evaluation,11,10
17682,28,confirmatory_evaluation,16,15
17684,28,confirmatory_evaluation,15,14
17687,28,confirmatory_evaluation,14,13
17692,28,confirmatory_evaluation,18,17
17693,28,confirmatory_evaluation,11,10
17694,28,confirmatory_evaluation,13,12
17696,28,confirmatory_evaluation,12,11
17700,28,confirmatory_evaluation,12,11
17704,28,confirmatory_evaluation,15,14
17713,28,confirmatory_evaluation,13,12
17719,28,confirmatory_evaluation,15,14
17721,28,confirmatory_evaluation,12,11
17722,28,confirmatory_evaluation,12,11
17723,28,confirmatory_evaluation,13,12
17725,28,confirmatory_evaluation,16,15
17733,28,confirmatory_evaluation,21,20
17734,28,confirmatory_evaluation,26,25
17735,28,confirmatory_evaluation,11,10
17739,28,confirmatory_evaluation,11,10
17742,28,confirmatory_evaluation,12,11
17749,28,confirmatory_evaluation,20,19
17751,28,confirmatory_evaluation,17,16
17752,28,confirmatory_evaluation,11,10
17758,28,confirmatory_evaluation,13,12
17759,28,confirmatory_evaluation,14,13
17765,28,confirmatory_evaluation,25,24
17769,28,confirmatory_evaluation,15,14
17770,28,confirmatory_evaluation,11,10
17771,28,confirmatory_evaluation,15,14
17773,28,confirmatory_evaluation,14,13
17774,28,confirmatory_evaluation,14,13
17779,28,confirmatory_evaluation,17,16
17783,28,confirmatory_evaluation,17,16
17785,28,confirmatory_evaluation,17,16
17789,28,confirmatory_evaluation,19,17
17793,28,confirmatory_evaluation,16,15
17796,28,confirmatory_evaluation,13,12
17797,28,confirmatory_evaluation,16,15
17800,28,confirmatory_evaluation,13,12
17804,28,confirmatory_evaluation,11,10
17806,28,confirmatory_evaluation,13,12
17807,28,confirmatory_evaluation,15,14
17809,28,confirmatory_evaluation,13,12
17812,28,confirmatory_evaluation,12,11
17813,28,confirmatory_evaluation,13,12
17817,28,confirmatory_evaluation,12,11
17831,28,confirmatory_evaluation,11,10
17837,28,confirmatory_evaluation,13,12
17838,28,confirmatory_evaluation,15,14
17843,28,confirmatory_evaluation,19,18
17844,28,confirmatory_evaluation,13,12
17845,28,confirmatory_evaluation,11,10
17846,28,confirmatory_evaluation,14,13
17853,28,confirmatory_evaluation,11,10
17857,28,confirmatory_evaluation,15,14
17859,28,confirmatory_evaluation,17,16
17874,28,confirmatory_evaluation,13,12
17878,28,confirmatory_evaluation,18,17
17880,28,confirmatory_evaluation,16,15
17881,28,confirmatory_evaluation,12,11
17884,28,confirmatory_evaluation,12,11
17886,28,confirmatory_evaluation,13,12
17888,28,confirmatory_evaluation,11,10
17890,28,confirmatory_evaluation,11,10
17893,28,confirmatory_evaluation,13,12
17894,28,confirmatory_evaluation,14,13
17900,28,confirmatory_evaluation,14,13
17903,28,confirmatory_evaluation,11,10
17913,28,confirmatory_evaluation,12,11
17916,28,confirmatory_evaluation,16,15
17918,28,confirmatory_evaluation,14,13
17922,28,confirmatory_evaluation,12,11
17924,28,confirmatory_evaluation,15,14
17925,28,confirmatory_evaluation,13,12
17935,28,confirmatory_evaluation,12,11
17936,28,confirmatory_evaluation,11,10
17937,28,confirmatory_evaluation,19,18
17938,28,confirmatory_evaluation,12,11
17939,28,confirmatory_evaluation,13,12
17945,28,confirmatory_evaluation,14,13
17949,28,confirmatory_evaluation,11,10
17956,28,confirmatory_evaluation,14,13
17957,28,confirmatory_evaluation,11,10
17959,28,confirmatory_evaluation,14,13
17961,28,confirmatory_evaluation,11,10
17962,28,confirmatory_evaluation,12,11
17964,29,confirmatory_evaluation,18,17
17965,29,confirmatory_evaluation,18,17
17969,29,confirmatory_evaluation,11,10
17970,29,confirmatory_evaluation,11,10
17973,29,confirmatory_evaluation,14,13
17974,29,confirmatory_evaluation,15,14
17975,29,confirmatory_evaluation,12,11
17977,29,confirmatory_evaluation,16,15
17979,29,confirmatory_evaluation,19,18
17982,29,confirmatory_evaluation,20,19
17987,29,confirmatory_evaluation,13,12
17989,29,confirmatory_evaluation,14,13
17991,29,confirmatory_evaluation,11,10
17995,29,confirmatory_evaluation,11,10
17997,29,confirmatory_evaluation,11,10
17998,29,confirmatory_evaluation,12,11
17999,29,confirmatory_evaluation,11,10
18000,29,confirmatory_evaluation,11,10
18004,29,confirmatory_evaluation,13,12
18006,29,confirmatory_evaluation,11,10
18007,29,confirmatory_evaluation,15,14
18009,29,confirmatory_evaluation,11,10
18011,29,confirmatory_evaluation,13,12
18016,29,confirmatory_evaluation,14,13
18020,29,confirmatory_evaluation,18,17
18022,29,confirmatory_evaluation,12,11
18023,29,confirmatory_evaluation,25,24
18025,29,confirmatory_evaluation,11,10
18028,29,confirmatory_evaluation,17,16
18033,29,confirmatory_evaluation,17,16
18040,29,confirmatory_evaluation,12,11
18044,29,confirmatory_evaluation,12,11
18048,29,confirmatory_evaluation,16,15
18050,29,confirmatory_evaluation,11,10
18051,29,confirmatory_evaluation,11,10
18056,29,confirmatory_evaluation,14,13
18061,29,confirmatory_evaluation,12,11
18068,29,confirmatory_evaluation,14,13
18073,29,confirmatory_evaluation,11,10
18074,29,confirmatory_evaluation,11,10
18075,29,confirmatory_evaluation,12,11
18080,29,confirmatory_evaluation,14,13
18087,29,confirmatory_evaluation,14,13
18089,29,confirmatory_evaluation,11,10
18090,29,confirmatory_evaluation,12,11
18096,29,confirmatory_evaluation,12,11
18097,29,confirmatory_evaluation,12,11
18100,29,confirmatory_evaluation,14,13
18107,29,confirmatory_evaluation,13,12
18111,29,confirmatory_evaluation,13,12
18112,29,confirmatory_evaluation,14,13
18113,29,confirmatory_evaluation,21,20
18125,29,confirmatory_evaluation,14,13
18126,29,confirmatory_evaluation,17,16
18130,29,confirmatory_evaluation,17,16
18133,29,confirmatory_evaluation,11,10
18134,29,confirmatory_evaluation,14,13
18137,29,confirmatory_evaluation,13,12
18139,29,confirmatory_evaluation,13,12
18144,29,confirmatory_evaluation,13,12
18146,29,confirmatory_evaluation,11,10
18153,29,confirmatory_evaluation,17,16
18157,29,confirmatory_evaluation,19,18
18161,29,confirmatory_evaluation,12,11
18168,29,confirmatory_evaluation,13,11
18174,29,confirmatory_evaluation,13,12
18183,29,confirmatory_evaluation,11,10
18192,29,confirmatory_evaluation,14,13
18195,29,confirmatory_evaluation,13,12
18196,29,confirmatory_evaluation,12,11
18197,29,confirmatory_evaluation,13,12
18200,29,confirmatory_evaluation,16,15
18203,29,confirmatory_evaluation,12,11
18205,29,confirmatory_evaluation,11,10
18210,29,confirmatory_evaluation,17,16
18211,29,confirmatory_evaluation,14,13
18212,29,confirmatory_evaluation,17,16
18213,29,confirmatory_evaluation,11,10
18214,29,confirmatory_evaluation,13,12
18220,29,confirmatory_evaluation,16,15
18225,29,confirmatory_evaluation,17,16
18231,29,confirmatory_evaluation,14,13
18233,29,confirmatory_evaluation,12,11
18238,29,confirmatory_evaluation,14,13
18243,29,confirmatory_evaluation,11,10
18252,29,confirmatory_evaluation,15,14
18256,29,confirmatory_evaluation,11,10
18258,29,confirmatory_evaluation,12,11
18260,29,confirmatory_evaluation,15,14
18267,29,confirmatory_evaluation,11,10
18269,29,confirmatory_evaluation,14,12
18270,29,confirmatory_evaluation,15,14
18271,29,confirmatory_evaluation,19,17
18276,29,confirmatory_evaluation,14,13
18293,29,confirmatory_evaluation,20,19
18294,29,confirmatory_evaluation,11,10
18296,29,confirmatory_evaluation,18,17
18299,29,confirmatory_evaluation,11,10
18301,29,confirmatory_evaluation,11,10
18302,29,confirmatory_evaluation,21,19
18305,29,confirmatory_evaluation,19,18
18310,29,confirmatory_evaluation,16,15
18311,29,confirmatory_evaluation,12,11
18315,29,confirmatory_evaluation,13,12
18316,29,confirmatory_evaluation,13,12
18320,29,confirmatory_evaluation,15,14
18321,29,confirmatory_evaluation,18,17
18322,29,confirmatory_evaluation,11,10
18323,29,confirmatory_evaluation,18,17
18324,29,confirmatory_evaluation,11,10
18333,29,confirmatory_evaluation,15,14
18338,29,confirmatory_evaluation,13,12
18339,29,confirmatory_evaluation,13,12
18343,29,confirmatory_evaluation,17,16
18346,29,confirmatory_evaluation,13,12
18347,29,confirmatory_evaluation,20,18
18348,29,confirmatory_evaluation,18,17
18350,29,confirmatory_evaluation,12,11
18356,29,confirmatory_evaluation,13,12
18360,29,confirmatory_evaluation,13,12
18362,29,confirmatory_evaluation,18,17
18363,29,confirmatory_evaluation,11,10
18367,29,confirmatory_evaluation,21,20
18372,29,confirmatory_evaluation,12,11
18374,29,confirmatory_evaluation,13,12
18381,29,confirmatory_evaluation,11,10
18382,29,confirmatory_evaluation,12,11
18384,29,confirmatory_evaluation,13,12
18393,29,confirmatory_evaluation,11,10
18395,29,confirmatory_evaluation,14,13
18398,29,confirmatory_evaluation,12,11
18401,29,confirmatory_evaluation,17,15
18403,29,confirmatory_evaluation,12,11
18404,29,confirmatory_evaluation,11,10
18405,29,confirmatory_evaluation,12,11
18408,29,confirmatory_evaluation,13,12
18409,29,confirmatory_evaluation,20,19
18412,29,confirmatory_evaluation,12,11
18414,29,confirmatory_evaluation,16,15
18415,29,confirmatory_evaluation,13,12
18416,29,confirmatory_evaluation,18,17
18417,29,confirmatory_evaluation,16,15
18421,29,confirmatory_evaluation,15,14
18423,29,confirmatory_evaluation,11,10
18427,29,confirmatory_evaluation,13,12
18433,29,confirmatory_evaluation,14,13
18437,29,confirmatory_evaluation,13,12
18438,29,confirmatory_evaluation,19,18
18439,29,confirmatory_evaluation,18,17
18441,29,confirmatory_evaluation,12,11
18444,29,confirmatory_evaluation,12,11
18451,29,confirmatory_evaluation,14,13
18454,29,confirmatory_evaluation,15,14
18455,29,confirmatory_evaluation,14,13
18456,29,confirmatory_evaluation,16,15
18457,29,confirmatory_evaluation,11,10
18458,29,confirmatory_evaluation,12,11
18460,29,confirmatory_evaluation,14,12
18464,29,confirmatory_evaluation,12,11
18465,29,confirmatory_evaluation,12,11
18469,29,confirmatory_evaluation,21,20
18470,29,confirmatory_evaluation,15,14
18471,29,confirmatory_evaluation,11,10
18473,29,confirmatory_evaluation,11,10
18474,29,confirmatory_evaluation,12,11
18478,29,confirmatory_evaluation,15,14
18484,29,confirmatory_evaluation,13,12
18485,29,confirmatory_evaluation,16,15
18491,29,confirmatory_evaluation,11,10
18492,29,confirmatory_evaluation,14,13
18493,29,confirmatory_evaluation,15,14
18500,29,confirmatory_evaluation,12,10
18503,29,confirmatory_evaluation,12,11
18505,29,confirmatory_evaluation,14,13
18507,29,confirmatory_evaluation,19,18
18510,29,confirmatory_evaluation,16,15
18514,29,confirmatory_evaluation,11,10
18515,29,confirmatory_evaluation,21,20
18516,29,confirmatory_evaluation,11,10
18520,29,confirmatory_evaluation,16,15
18524,29,confirmatory_evaluation,13,12
18526,29,confirmatory_evaluation,14,13
18527,29,confirmatory_evaluation,11,10
18539,29,confirmatory_evaluation,12,11
18548,30,confirmatory_evaluation,14,13
18551,30,confirmatory_evaluation,14,13
18552,30,confirmatory_evaluation,14,13
18553,30,confirmatory_evaluation,16,15
18554,30,confirmatory_evaluation,13,12
18555,30,confirmatory_evaluation,15,14
18556,30,confirmatory_evaluation,17,16
18559,30,confirmatory_evaluation,22,21
18561,30,confirmatory_evaluation,14,13
18563,30,confirmatory_evaluation,18,17
18564,30,confirmatory_evaluation,12,11
18565,30,confirmatory_evaluation,16,15
18566,30,confirmatory_evaluation,12,11
18568,30,confirmatory_evaluation,14,13
18569,30,confirmatory_evaluation,14,13
18571,30,confirmatory_evaluation,21,20
18572,30,confirmatory_evaluation,16,15
18575,30,confirmatory_evaluation,23,22
18579,30,confirmatory_evaluation,14,13
18581,30,confirmatory_evaluation,12,11
18582,30,confirmatory_evaluation,20,19
18584,30,confirmatory_evaluation,12,11
18586,30,confirmatory_evaluation,13,12
18587,30,confirmatory_evaluation,20,19
18589,30,confirmatory_evaluation,17,16
18590,30,confirmatory_evaluation,16,15
18592,30,confirmatory_evaluation,21,20
18595,30,confirmatory_evaluation,19,18
18596,30,confirmatory_evaluation,11,10
18597,30,confirmatory_evaluation,18,17
18598,30,confirmatory_evaluation,12,11
18601,30,confirmatory_evaluation,11,10
18606,30,confirmatory_evaluation,12,11
18609,30,confirmatory_evaluation,12,11
18612,30,confirmatory_evaluation,14,13
18621,30,confirmatory_evaluation,18,17
18626,30,confirmatory_evaluation,11,10
18629,30,confirmatory_evaluation,15,14
18634,30,confirmatory_evaluation,17,16
18652,30,confirmatory_evaluation,13,12
18663,30,confirmatory_evaluation,13,12
18665,30,confirmatory_evaluation,16,15
18666,30,confirmatory_evaluation,11,10
18674,30,confirmatory_evaluation,19,18
18675,30,confirmatory_evaluation,15,14
18679,30,confirmatory_evaluation,19,18
18682,30,confirmatory_evaluation,15,14
18683,30,confirmatory_evaluation,16,15
18684,30,confirmatory_evaluation,12,11
18686,30,confirmatory_evaluation,17,16
18687,30,confirmatory_evaluation,16,14
18688,30,confirmatory_evaluation,19,18
18690,30,confirmatory_evaluation,13,12
18691,30,confirmatory_evaluation,11,10
18692,30,confirmatory_evaluation,12,11
18700,30,confirmatory_evaluation,15,14
18702,30,confirmatory_evaluation,17,16
18703,30,confirmatory_evaluation,16,15
18704,30,confirmatory_evaluation,11,10
18709,30,confirmatory_evaluation,15,14
18712,30,confirmatory_evaluation,17,16
18714,30,confirmatory_evaluation,15,14
18715,30,confirmatory_evaluation,13,12
18717,30,confirmatory_evaluation,21,20
18718,30,confirmatory_evaluation,17,16
18721,30,confirmatory_evaluation,13,12
18722,30,confirmatory_evaluation,21,20
18724,30,confirmatory_evaluation,15,14
18729,30,confirmatory_evaluation,12,11
18732,30,confirmatory_evaluation,14,13
18736,30,confirmatory_evaluation,14,12
18745,30,confirmatory_evaluation,13,12
18749,30,confirmatory_evaluation,13,12
18751,30,confirmatory_evaluation,12,11
18752,30,confirmatory_evaluation,12,11
18753,30,confirmatory_evaluation,15,14
18754,30,confirmatory_evaluation,15,14
18765,30,confirmatory_evaluation,16,15
18797,30,confirmatory_evaluation,22,21
18807,30,confirmatory_evaluation,12,11
18809,30,confirmatory_evaluation,16,15
18824,30,confirmatory_evaluation,13,12
18825,30,confirmatory_evaluation,13,12
18828,30,confirmatory_evaluation,16,15
18834,30,confirmatory_evaluation,15,14
18839,30,confirmatory_evaluation,13,12
18842,30,confirmatory_evaluation,13,12
18846,30,confirmatory_evaluation,12,11
18849,30,confirmatory_evaluation,12,11
18850,30,confirmatory_evaluation,16,15
18853,30,confirmatory_evaluation,16,15
18865,30,confirmatory_evaluation,16,15
18867,30,confirmatory_evaluation,13,12
18868,30,confirmatory_evaluation,15,14
18872,30,confirmatory_evaluation,11,10
18874,30,confirmatory_evaluation,14,13
18876,30,confirmatory_evaluation,15,14
18877,30,confirmatory_evaluation,11,10
18878,30,confirmatory_evaluation,13,12
18880,30,confirmatory_evaluation,13,12
18881,30,confirmatory_evaluation,13,12
18882,30,confirmatory_evaluation,12,11
18883,30,confirmatory_evaluation,12,11
18884,30,confirmatory_evaluation,11,10
18892,30,confirmatory_evaluation,17,16
18894,30,confirmatory_evaluation,12,11
18897,30,confirmatory_evaluation,18,17
18901,30,confirmatory_evaluation,13,12
18902,30,confirmatory_evaluation,12,11
18909,30,confirmatory_evaluation,13,12
18910,30,confirmatory_evaluation,13,12
18912,30,confirmatory_evaluation,12,11
18913,30,confirmatory_evaluation,18,16
18917,30,confirmatory_evaluation,26,25
18918,30,confirmatory_evaluation,11,10
18938,30,confirmatory_evaluation,11,10
18945,30,confirmatory_evaluation,12,11
18950,30,confirmatory_evaluation,14,13
18954,30,confirmatory_evaluation,18,17
18955,30,confirmatory_evaluation,15,14
18956,30,confirmatory_evaluation,18,17
18957,30,confirmatory_evaluation,19,18
18959,30,confirmatory_evaluation,11,10
18960,30,confirmatory_evaluation,11,10
18962,30,confirmatory_evaluation,15,14
18963,30,confirmatory_evaluation,23,21
18966,30,confirmatory_evaluation,13,12
18967,30,confirmatory_evaluation,12,11
18968,30,confirmatory_evaluation,17,16
18972,30,confirmatory_evaluation,18,17
18976,30,confirmatory_evaluation,19,18
18984,30,confirmatory_evaluation,21,20
18988,30,confirmatory_evaluation,14,13
18990,30,confirmatory_evaluation,16,15
18996,30,confirmatory_evaluation,21,20
18998,30,confirmatory_evaluation,13,12
19001,30,confirmatory_evaluation,16,15
19002,30,confirmatory_evaluation,13,12
19003,30,confirmatory_evaluation,12,11
19004,30,confirmatory_evaluation,11,10
19005,30,confirmatory_evaluation,21,20
19006,30,confirmatory_evaluation,11,10
19007,30,confirmatory_evaluation,15,14
19012,30,confirmatory_evaluation,21,20
19015,30,confirmatory_evaluation,16,15
19017,30,confirmatory_evaluation,13,12
19018,30,confirmatory_evaluation,18,17
19024,30,confirmatory_evaluation,12,10
19029,30,confirmatory_evaluation,13,12
19034,30,confirmatory_evaluation,13,12
19035,30,confirmatory_evaluation,11,10
19036,30,confirmatory_evaluation,11,10
19037,30,confirmatory_evaluation,16,15
19039,30,confirmatory_evaluation,17,16
19041,30,confirmatory_evaluation,12,11
19044,30,confirmatory_evaluation,14,13
19045,30,confirmatory_evaluation,11,10
19046,30,confirmatory_evaluation,13,12
19049,30,confirmatory_evaluation,11,10
19053,30,confirmatory_evaluation,14,13
19063,30,confirmatory_evaluation,17,16
19068,30,confirmatory_evaluation,17,16
19084,30,confirmatory_evaluation,14,13
19085,30,confirmatory_evaluation,13,12
19086,30,confirmatory_evaluation,13,12
19087,30,confirmatory_evaluation,17,16
19089,30,confirmatory_evaluation,12,11
19093,30,confirmatory_evaluation,13,12
19094,30,confirmatory_evaluation,13,12
19095,30,confirmatory_evaluation,15,14
19096,30,confirmatory_evaluation,15,14
19098,30,confirmatory_evaluation,28,27
19099,30,confirmatory_evaluation,13,12
19100,30,confirmatory_evaluation,13,12
19104,30,confirmatory_evaluation,15,14
19105,30,confirmatory_evaluation,17,16
19107,30,confirmatory_evaluation,13,12
19111,30,confirmatory_evaluation,16,15
19114,30,confirmatory_evaluation,13,12
19116,30,confirmatory_evaluation,24,23
19122,30,confirmatory_evaluation,14,13
19125,30,confirmatory_evaluation,14,13
19126,30,confirmatory_evaluation,14,13
19128,30,confirmatory_evaluation,12,11
19129,30,confirmatory_evaluation,12,11
19132,30,confirmatory_evaluation,12,11
19134,30,confirmatory_evaluation,16,15
19137,30,confirmatory_evaluation,16,15
19138,30,confirmatory_evaluation,15,14
19139,30,confirmatory_evaluation,19,18
19141,30,confirmatory_evaluation,24,23
19142,30,confirmatory_evaluation,15,14
19143,30,confirmatory_evaluation,11,10
19145,30,confirmatory_evaluation,24,23
19146,30,confirmatory_evaluation,12,11
19148,30,confirmatory_evaluation,16,14
19151,30,confirmatory_evaluation,11,10
19156,30,confirmatory_evaluation,17,16
19158,30,confirmatory_evaluation,11,10
19161,30,confirmatory_evaluation,18,17
19163,30,confirmatory_evaluation,12,11
19166,30,confirmatory_evaluation,11,10
19168,30,confirmatory_evaluation,12,11
19170,30,confirmatory_evaluation,13,12
19173,30,confirmatory_evaluation,16,15
19175,30,confirmatory_evaluation,14,13
19176,30,confirmatory_evaluation,14,13
19177,30,confirmatory_evaluation,14,13
19181,30,confirmatory_evaluation,14,13
19186,30,confirmatory_evaluation,14,13
19190,30,confirmatory_evaluation,12,11
19193,30,confirmatory_evaluation,11,10
19194,30,confirmatory_evaluation,11,10
19197,30,confirmatory_evaluation,12,11
19198,30,confirmatory_evaluation,20,19
19201,30,confirmatory_evaluation,15,14
19203,30,confirmatory_evaluation,20,19
19204,30,confirmatory_evaluation,16,15
19205,30,confirmatory_evaluation,12,11
19209,30,confirmatory_evaluation,12,11
19210,30,confirmatory_evaluation,20,19
19215,30,confirmatory_evaluation,12,11
19219,30,confirmatory_evaluation,14,13
19220,30,confirmatory_evaluation,15,14
19221,30,confirmatory_evaluation,13,12
19224,30,confirmatory_evaluation,11,10
19227,30,confirmatory_evaluation,11,10
19228,30,confirmatory_evaluation,13,12
19230,31,confirmatory_evaluation,16,15
19233,31,confirmatory_evaluation,16,15
19235,31,confirmatory_evaluation,21,20
19236,31,confirmatory_evaluation,26,25
19238,31,confirmatory_evaluation,12,11
19239,31,confirmatory_evaluation,14,13
19240,31,confirmatory_evaluation,15,14
19242,31,confirmatory_evaluation,12,11
19243,31,confirmatory_evaluation,18,17
19244,31,confirmatory_evaluation,22,21
19245,31,confirmatory_evaluation,12,11
19246,31,confirmatory_evaluation,12,11
19247,31,confirmatory_evaluation,15,14
19248,31,confirmatory_evaluation,18,17
19249,31,confirmatory_evaluation,23,22
19250,31,confirmatory_evaluation,22,21
19251,31,confirmatory_evaluation,15,14
19253,31,confirmatory_evaluation,17,16
19254,31,confirmatory_evaluation,17,16
19257,31,confirmatory_evaluation,16,15
19258,31,confirmatory_evaluation,17,16
19259,31,confirmatory_evaluation,15,14
19260,31,confirmatory_evaluation,12,11
19261,31,confirmatory_evaluation,14,13
19264,31,confirmatory_evaluation,27,26
19267,31,confirmatory_evaluation,19,18
19268,31,confirmatory_evaluation,17,16
19269,31,confirmatory_evaluation,18,17
19270,31,confirmatory_evaluation,20,19
19273,31,confirmatory_evaluation,20,19
19274,31,confirmatory_evaluation,12,11
19275,31,confirmatory_evaluation,17,16
19276,31,confirmatory_evaluation,12,11
19277,31,confirmatory_evaluation,15,14
19281,31,confirmatory_evaluation,12,11
19283,31,confirmatory_evaluation,16,15
19284,31,confirmatory_evaluation,12,11
19285,31,confirmatory_evaluation,15,14
19287,31,confirmatory_evaluation,14,13
19288,31,confirmatory_evaluation,18,17
19289,31,confirmatory_evaluation,13,11
19290,31,confirmatory_evaluation,14,13
19291,31,confirmatory_evaluation,18,17
19292,31,confirmatory_evaluation,15,14
19296,31,confirmatory_evaluation,13,12
19297,31,confirmatory_evaluation,14,13
19301,31,confirmatory_evaluation,20,19
19302,31,confirmatory_evaluation,20,19
19303,31,confirmatory_evaluation,19,18
19308,31,confirmatory_evaluation,11,10
19309,31,confirmatory_evaluation,11,10
19320,31,confirmatory_evaluation,11,10
19322,31,confirmatory_evaluation,11,10
19328,31,confirmatory_evaluation,12,11
19329,31,confirmatory_evaluation,11,10
19331,31,confirmatory_evaluation,15,14
19332,31,confirmatory_evaluation,12,11
19335,31,confirmatory_evaluation,21,20
19336,31,confirmatory_evaluation,23,22
19338,31,confirmatory_evaluation,17,16
19345,31,confirmatory_evaluation,16,15
19367,31,confirmatory_evaluation,12,11
19368,31,confirmatory_evaluation,16,15
19369,31,confirmatory_evaluation,16,15
19370,31,confirmatory_evaluation,17,16
19371,31,confirmatory_evaluation,17,16
19374,31,confirmatory_evaluation,15,14
19375,31,confirmatory_evaluation,12,11
19377,31,confirmatory_evaluation,11,10
19378,31,confirmatory_evaluation,15,14
19379,31,confirmatory_evaluation,24,23
19380,31,confirmatory_evaluation,12,11
19381,31,confirmatory_evaluation,15,14
19382,31,confirmatory_evaluation,20,19
19383,31,confirmatory_evaluation,21,20
19385,31,confirmatory_evaluation,12,11
19388,31,confirmatory_evaluation,22,21
19389,31,confirmatory_evaluation,20,19
19390,31,confirmatory_evaluation,13,12
19391,31,confirmatory_evaluation,17,16
19392,31,confirmatory_evaluation,18,17
19395,31,confirmatory_evaluation,14,13
19396,31,confirmatory_evaluation,13,12
19397,31,confirmatory_evaluation,16,15
19400,31,confirmatory_evaluation,11,10
19401,31,confirmatory_evaluation,17,16
19402,31,confirmatory_evaluation,14,13
19403,31,confirmatory_evaluation,22,21
19405,31,confirmatory_evaluation,16,15
19406,31,confirmatory_evaluation,15,14
19408,31,confirmatory_evaluation,16,15
19409,31,confirmatory_evaluation,18,17
19410,31,confirmatory_evaluation,15,14
19411,31,confirmatory_evaluation,24,23
19412,31,confirmatory_evaluation,12,11
19419,31,confirmatory_evaluation,15,14
19420,31,confirmatory_evaluation,12,11
19421,31,confirmatory_evaluation,26,25
19422,31,confirmatory_evaluation,14,13
19423,31,confirmatory_evaluation,20,19
19424,31,confirmatory_evaluation,19,18
19425,31,confirmatory_evaluation,19,18
19430,31,confirmatory_evaluation,21,20
19431,31,confirmatory_evaluation,12,11
19433,31,confirmatory_evaluation,12,11
19435,31,confirmatory_evaluation,19,18
19436,31,confirmatory_evaluation,14,13
19438,31,confirmatory_evaluation,14,13
19441,31,confirmatory_evaluation,17,16
19442,31,confirmatory_evaluation,18,17
19444,31,confirmatory_evaluation,19,18
19445,31,confirmatory_evaluation,13,12
19450,31,confirmatory_evaluation,16,15
19451,31,confirmatory_evaluation,11,10
19458,31,confirmatory_evaluation,13,12
19468,31,confirmatory_evaluation,11,10
19471,31,confirmatory_evaluation,15,14
19472,31,confirmatory_evaluation,14,13
19479,31,confirmatory_evaluation,16,15
19501,31,confirmatory_evaluation,11,10
19513,31,confirmatory_evaluation,17,16
19516,31,confirmatory_evaluation,16,15
19517,31,confirmatory_evaluation,21,20
19519,31,confirmatory_evaluation,13,11
19522,31,confirmatory_evaluation,19,18
19525,31,confirmatory_evaluation,11,10
19526,31,confirmatory_evaluation,16,15
19530,31,confirmatory_evaluation,13,12
19531,31,confirmatory_evaluation,15,14
19532,31,confirmatory_evaluation,16,15
19534,31,confirmatory_evaluation,11,10
19535,31,confirmatory_evaluation,14,13
19536,31,confirmatory_evaluation,17,16
19538,31,confirmatory_evaluation,18,17
19539,31,confirmatory_evaluation,15,14
19540,31,confirmatory_evaluation,20,19
19545,31,confirmatory_evaluation,13,12
19555,31,confirmatory_evaluation,17,16
19556,31,confirmatory_evaluation,19,18
19557,31,confirmatory_evaluation,11,10
19560,31,confirmatory_evaluation,13,12
19562,31,confirmatory_evaluation,13,12
19567,31,confirmatory_evaluation,16,15
19569,31,confirmatory_evaluation,12,11
19573,31,confirmatory_evaluation,13,11
19574,31,confirmatory_evaluation,13,12
19575,31,confirmatory_evaluation,11,10
19577,31,confirmatory_evaluation,19,18
19583,31,confirmatory_evaluation,17,16
19589,31,confirmatory_evaluation,14,13
19593,31,confirmatory_evaluation,12,11
19594,31,confirmatory_evaluation,12,11
19596,31,confirmatory_evaluation,12,10
19598,31,confirmatory_evaluation,16,15
19599,31,confirmatory_evaluation,14,13
19601,31,confirmatory_evaluation,12,11
19602,31,confirmatory_evaluation,14,13
19603,31,confirmatory_evaluation,12,11
19609,31,confirmatory_evaluation,15,14
19613,31,confirmatory_evaluation,13,12
19620,31,confirmatory_evaluation,16,15
19623,31,confirmatory_evaluation,15,14
19630,31,confirmatory_evaluation,11,10
19634,31,confirmatory_evaluation,11,10
19640,31,confirmatory_evaluation,11,10
19642,31,confirmatory_evaluation,11,10
19643,31,confirmatory_evaluation,11,10
